,P_ID,T_ID,PA,AVG,IsoP,OPS,XR,BABIP
0,61700,HH,93,0.15056497175141242,0.04067796610169492,0.3737288135593221,0.18937589563670498,0.157909604519774
1,62234,OB,330,0.21693333333333326,0.07373333333333333,0.5594666666666668,0.212932944606414,0.2407999999999999
2,62768,HH,212,0.25512820512820505,0.16773504273504275,0.7380341880341881,0.22618673843163647,0.2895299145299145
3,66209,OB,52,0.12291666666666667,0.01875,0.3041666666666667,0.18327988338192408,0.15
4,66244,OB,581,0.2958937198067634,0.20603864734299518,0.8694444444444444,0.26827227785524155,0.3345410628019324
5,66702,HH,145,0.14328358208955225,0.0,0.3087064676616915,0.18848178930420784,0.14925373134328357
6,66740,HH,510,0.3280112044817928,0.30014005602240895,1.0320728291316532,0.30591665237523596,0.3166666666666666
7,71347,HH,327,0.25397727272727266,0.03977272727272728,0.5861742424242424,0.2217499337397296,0.2984848484848484
8,71752,HH,407,0.3351063829787234,0.1994680851063829,0.9464539007092198,0.28472489299671244,0.3480496453900709
9,73602,HH,112,0.12948717948717947,0.07852564102564102,0.4548076923076923,0.19581744785826413,0.16153846153846152
10,73725,HH,48,0.16862745098039217,0.014705882352941176,0.42549019607843136,0.19464928828674324,0.17647058823529413
11,74206,OB,331,0.26941391941391934,0.13095238095238096,0.738095238095238,0.25152019991670144,0.3021978021978022
12,74729,HH,289,0.3031835205992508,0.27303370786516856,0.9662921348314607,0.2523077931011891,0.31741573033707865
13,75334,OB,466,0.30091145833333344,0.22994791666666664,0.8946614583333332,0.26817602040816335,0.3190104166666667
14,75808,HH,442,0.30063492063492064,0.1338095238095238,0.8149206349206349,0.26475912814105235,0.319047619047619
15,76232,OB,406,0.2629129129129128,0.16006006006006004,0.781981981981982,0.24540488009875772,0.2566066066066065
16,76249,OB,520,0.28834688346883464,0.13197831978319782,0.7966124661246612,0.2633008604138521,0.3079945799457994
17,76753,HH,473,0.31239316239316256,0.16111111111111112,0.8131054131054133,0.2591836734693877,0.334900284900285
18,77248,OB,390,0.20485564304461934,0.11706036745406824,0.5982939632545929,0.22112669589770662,0.2326771653543307
19,77464,HH,47,0.15277777777777776,0.03333333333333333,0.3972222222222222,0.1939067055393586,0.18888888888888886
20,78224,OB,636,0.33460648148148153,0.2594907407407407,1.0219907407407407,0.30365848720440547,0.3681712962962964
21,79215,OB,543,0.3478371501272265,0.19071246819338422,0.9563613231552162,0.2903745576747603,0.3583969465648856
22,79240,OB,422,0.23115384615384607,0.09166666666666667,0.6130769230769231,0.21803767660910522,0.25538461538461543
23,98144,HH,29,0.11875,0.0,0.2375,0.16716472303206997,0.125
24,60456,SS,51,0.1101190476190476,0.0,0.25595238095238093,0.177332361516035,0.11607142857142858
25,60648,HT,3,0.0,0.0,0.0,0.15996112730806608,0.0
26,61104,SS,82,0.11936936936936936,0.060810810810810814,0.32657657657657657,0.18466235915215498,0.12162162162162163
27,61404,SS,404,0.21897018970189697,0.09905149051490515,0.6153116531165312,0.22886297376093298,0.22872628726287256
28,62404,SS,647,0.30983796296296295,0.22685185185185183,0.9182870370370373,0.2885548266925817,0.35879629629629634
29,62415,SS,638,0.2679398148148148,0.09861111111111111,0.6850694444444446,0.25666707159054103,0.30543981481481486
30,63722,HT,91,0.10677083333333333,0.02951388888888889,0.2829861111111111,0.18344569970845478,0.11631944444444443
31,64610,SS,448,0.2666666666666667,0.02876543209876543,0.5898765432098768,0.22510959939531366,0.30999999999999994
32,67450,SS,591,0.3029850746268656,0.23420398009950252,0.9294776119402987,0.288797267307776,0.32412935323383085
33,67650,HT,621,0.29976019184652286,0.1964028776978418,0.8539568345323745,0.2894099880445496,0.34496402877697857
34,70410,HT,478,0.2898907103825137,0.15286885245901635,0.7819672131147541,0.2548965253548726,0.30683060109289617
35,70756,HT,447,0.27115942028985507,0.22507246376811593,0.8514492753623188,0.2642185321333503,0.2689855072463768
36,72443,HT,629,0.3360328638497654,0.22781690140845065,1.0017605633802822,0.3004085738923335,0.3576291079812207
37,72466,SS,393,0.2743169398907103,0.1359289617486339,0.7398907103825134,0.23607274291449584,0.31133879781420754
38,72559,HT,90,0.20572916666666666,0.11197916666666667,0.5625,0.193777332361516,0.21354166666666669
39,73606,HT,366,0.24786666666666668,0.10173333333333333,0.6706666666666666,0.22842215743440245,0.2897333333333333
40,74605,HT,116,0.14736842105263157,0.03216374269005848,0.37046783625730995,0.18281929313078607,0.1526315789473684
41,75566,SS,459,0.24862258953168032,0.1778236914600551,0.7413223140495866,0.24881333879478587,0.24738292011019272
42,77648,HT,8,0.08333333333333333,0.0,0.20833333333333334,0.16844023323615162,0.08333333333333333
43,78454,SS,13,0.0,0.0,0.0625,0.15954810495626823,0.0
44,78603,HT,529,0.3482968369829684,0.097323600973236,0.8326034063260342,0.2643591325998597,0.3742092457420925
45,78629,HT,551,0.2947688564476885,0.2257907542579075,0.9226277372262776,0.27808516524440835,0.32506082725060825
46,79456,SS,336,0.23015873015873023,0.037460317460317465,0.5465079365079364,0.2038178536720812,0.24730158730158736
47,79465,SS,244,0.2460144927536232,0.0963768115942029,0.6693840579710145,0.22699011281531248,0.26159420289855073
48,95436,SS,533,0.26172839506172835,0.22296296296296292,0.8296296296296298,0.26448547673037476,0.282469135802469
49,60343,KT,283,0.21505847953216367,0.12192982456140351,0.616812865497076,0.2181601964093908,0.23596491228070168
50,61869,SK,212,0.175,0.12203703703703703,0.5066666666666666,0.21525753158406213,0.19925925925925927
51,62802,SK,184,0.1632420091324201,0.09018264840182648,0.49086757990867574,0.20239226806182356,0.204337899543379
52,62895,SK,414,0.28673139158576044,0.31666666666666665,0.9928802588996769,0.2867304480738205,0.30711974110032364
53,64006,KT,303,0.2519417475728155,0.08268608414239481,0.6085760517799351,0.22312547765291965,0.2923948220064725
54,66838,SK,428,0.2662666666666666,0.20906666666666662,0.7978666666666668,0.24622040816326538,0.2529333333333333
55,67005,KT,6,0.0,0.0,0.0,0.1663265306122449,0.0
56,67024,KT,105,0.15297619047619052,0.11309523809523811,0.5464285714285715,0.2214493960849646,0.21428571428571425
57,70553,KT,263,0.19879725085910657,0.06391752577319587,0.4996563573883161,0.20434011601695168,0.25000000000000006
58,71837,SK,203,0.178030303030303,0.15833333333333333,0.5884469696969697,0.20540683805989926,0.17424242424242425
59,73113,KT,511,0.2515267175572518,0.15368956743002543,0.7393129770992365,0.2457392117152205,0.310178117048346
60,73153,KT,366,0.25216666666666665,0.03766666666666667,0.6031666666666667,0.22334985422740528,0.2853333333333333
61,74339,KT,497,0.27506265664160395,0.11102756892230577,0.7497493734335839,0.24884149148381168,0.27944862155388467
62,74846,SK,345,0.22980225988700564,0.20748587570621468,0.7303672316384181,0.23367594010970005,0.25353107344632764
63,75151,SK,381,0.3116071428571428,0.2013392857142857,0.8811011904761904,0.24949500208246564,0.31369047619047613
64,75847,SK,527,0.30282051282051264,0.3366666666666667,1.057820512820513,0.30395155864543616,0.2748717948717949
65,76802,SK,429,0.23294871794871785,0.06512820512820514,0.5962820512820513,0.22335276967930037,0.23717948717948711
66,76812,SK,350,0.2099415204678363,0.11578947368421053,0.5815789473684209,0.2172139532504732,0.21944444444444447
67,78517,KT,226,0.15825082508250823,0.08663366336633663,0.481023102310231,0.20462142424154942,0.1872937293729373
68,99810,KT,285,0.2542071197411003,0.11618122977346279,0.6888349514563108,0.22175549831583127,0.2794498381877022
69,61353,WO,453,0.2859078590785907,0.13401084010840106,0.7388888888888888,0.24825665457820764,0.33902439024390246
70,62332,WO,88,0.05714285714285714,0.030476190476190476,0.16738095238095238,0.17905872553102864,0.09047619047619047
71,62353,WO,162,0.19197530864197532,0.06625514403292182,0.5080246913580246,0.20229636828276276,0.207201646090535
72,63077,LG,34,0.05185185185185186,0.0,0.1151851851851852,0.1811532231940394,0.04851851851851852
73,63913,LG,159,0.16570048309178745,0.03526570048309179,0.4367149758454107,0.2000633793890227,0.2021739130434783
74,64153,LG,496,0.23400072150072146,0.14981962481962477,0.6884018759018757,0.23879759696086242,0.27790404040404043
75,64300,WO,601,0.29810874704491724,0.208274231678487,0.8754137115839242,0.27623389781444485,0.29491725768321514
76,65103,LG,198,0.2545751633986928,0.1503267973856209,0.7179738562091503,0.24003315611959078,0.23986928104575161
77,65399,WO,266,0.19598393574297188,0.127710843373494,0.6180722891566263,0.23064737082440545,0.23795180722891565
78,66306,WO,57,0.11666666666666665,0.10416666666666666,0.4958333333333333,0.1891545189504373,0.1125
79,67341,WO,622,0.30439814814814814,0.08993055555555556,0.7592592592592595,0.2631640751538711,0.34641203703703705
80,71842,LG,150,0.17278481012658226,0.06687763713080169,0.45780590717299574,0.19633907812672985,0.18670886075949364
81,72133,LG,596,0.3422705314009662,0.13115942028985506,0.8900621118012423,0.27975239785355144,0.385024154589372
82,72456,LG,334,0.24347826086956514,0.0736231884057971,0.6126086956521739,0.22068956775256682,0.2694202898550725
83,73342,WO,269,0.24200000000000002,0.10666666666666666,0.6706666666666667,0.21700583090379014,0.26666666666666666
84,74823,LG,85,0.2619047619047619,0.023809523809523808,0.5761904761904761,0.19541163404137163,0.2976190476190476
85,77463,WO,384,0.3301223241590215,0.20076452599388375,0.9345565749235474,0.25476502527616557,0.37981651376146786
86,77564,WO,530,0.2612781954887218,0.14486215538847116,0.7360007160759042,0.2496613253249743,0.2755639097744362
87,78135,LG,434,0.25325520833333326,0.10520833333333333,0.68359375,0.23339103498542277,0.2889322916666667
88,78168,WO,615,0.3214628297362111,0.08944844124700241,0.8094552929085307,0.26996874803364324,0.35671462829736206
89,79109,LG,390,0.24688473520249216,0.12024922118380062,0.710747663551402,0.243331244380262,0.32133956386292833
90,79113,LG,107,0.16619047619047622,0.09095238095238095,0.5052380952380953,0.22773011245314453,0.21333333333333335
91,79192,LG,372,0.21330409356725138,0.05116959064327486,0.5269423558897243,0.2174211037798579,0.2697368421052631
92,79300,WO,40,0.06510416666666667,0.046875,0.17968750000000003,0.17894952623906699,0.05208333333333333
93,79365,WO,284,0.2559870550161812,0.13559870550161812,0.7027508090614886,0.22163378527555258,0.26715210355987057
94,99606,LG,321,0.27202898550724636,0.08000000000000002,0.7385507246376811,0.23353783749524656,0.2936231884057971
95,60566,NC,241,0.27596491228070175,0.03105263157894737,0.6085964912280701,0.21680220960564683,0.29438596491228064
96,61204,LT,205,0.19094650205761318,0.12674897119341566,0.5442386831275718,0.20921066839434185,0.2037037037037037
97,62556,LT,381,0.18138020833333332,0.057942708333333336,0.49713541666666655,0.21354774052478143,0.2290364583333333
98,62934,NC,347,0.1826804915514593,0.10322580645161289,0.5296274961597542,0.22104297940374307,0.20725806451612896
99,62947,NC,561,0.3369523809523809,0.2284761904761904,0.9645523809523808,0.2990344023323615,0.3890666666666666
100,63963,NC,554,0.2718676122931441,0.1511820330969267,0.7847517730496455,0.25703533693112507,0.29148936170212764
101,66508,LT,129,0.1048109965635739,0.05,0.30824742268041233,0.1971747167202667,0.13144329896907217
102,66965,NC,51,0.09895833333333334,0.03125,0.2682291666666667,0.18624271137026238,0.09114583333333334
103,66968,NC,27,0.0641025641025641,0.0,0.14423076923076922,0.17949091724601912,0.0641025641025641
104,67598,LT,468,0.2922413793103448,0.18247126436781608,0.8275862068965517,0.25741429576756814,0.33520114942528734
105,67935,NC,518,0.29548654244306416,0.29960662525879916,0.9867080745341618,0.30014957535809367,0.35043478260869565
106,71552,LT,464,0.29493333333333327,0.11720000000000001,0.7884000000000003,0.24241166180758028,0.3294666666666668
107,71564,LT,608,0.31854460093896697,0.21173708920187792,0.9145539906103285,0.27800271013838135,0.3165492957746478
108,71565,LT,215,0.16826923076923078,0.07435897435897436,0.4964743589743589,0.20368356133662255,0.1769230769230769
109,72546,LT,337,0.2527272727272727,0.11318181818181819,0.6443939393939393,0.21702093824542815,0.2666666666666666
110,73213,NC,391,0.275,0.0635752688172043,0.663306451612903,0.24161572463086617,0.2908602150537634
111,73306,NC,304,0.19958677685950413,0.08457300275482095,0.5539944903581268,0.21103775630677296,0.21831955922865012
112,74358,NC,52,0.19827586206896552,0.11494252873563217,0.6206896551724138,0.19757715894239475,0.22988505747126434
113,74465,NC,382,0.22260726072607262,0.18679867986798682,0.7562706270627062,0.2423202378546892,0.23300330033003294
114,74540,LT,515,0.28358974358974354,0.19217948717948713,0.8328205128205128,0.256793002915452,0.32307692307692304
115,76509,LT,448,0.2695928753180661,0.06882951653944022,0.6973282442748091,0.23302027463111752,0.316030534351145
116,77532,LT,667,0.3187830687830688,0.17326388888888888,0.8991402116402119,0.29421971169420147,0.37812500000000004
117,78122,NC,420,0.221590909090909,0.0648989898989899,0.5842171717171718,0.21842256383072717,0.24494949494949492
118,78513,LT,496,0.3341991341991341,0.19393939393939394,0.9024891774891772,0.27452955208057256,0.3615151515151514
119,78536,LT,22,0.16666666666666666,0.0625,0.4791666666666667,0.18926141885325562,0.1875
120,78813,NC,527,0.28725490196078424,0.14938725490196078,0.785171568627451,0.2611494597839137,0.31078431372549015
121,61208,OB,224,0.18900343642611686,0.11821305841924398,0.5340206185567009,0.21839439752336867,0.18694158075601375
122,62700,HH,470,0.26801801801801806,0.13783783783783782,0.7214500214500215,0.2509731305649673,0.3009009009009009
123,63257,OB,44,0.10752688172043011,0.12903225806451613,0.3763440860215054,0.18852628609047298,0.0967741935483871
124,66749,HH,43,0.17708333333333334,0.02777777777777778,0.5479166666666667,0.20766520894071908,0.25000000000000006
125,76267,OB,452,0.25981912144702834,0.10529715762273902,0.6891472868217053,0.2432436097362534,0.2824289405684754
126,79290,OB,96,0.1526315789473684,0.06900584795321638,0.39269005847953214,0.19614341977392455,0.14327485380116958
127,60636,HT,0,0.0,0.0,0.0,0.17346938775510204,0.0
128,60658,HT,2,0.0,0.0,0.0,0.16433430515063166,0.0
129,61197,SS,22,0.10714285714285714,0.16071428571428573,0.39880952380952384,0.20583090379008748,0.08928571428571429
130,61666,HT,0,0.0,0.0,0.0,0.17346938775510204,0.0
131,62637,HT,0,0.0,0.0,0.0,0.17346938775510204,0.0
132,66606,HT,174,0.25277777777777777,0.11180555555555555,0.650462962962963,0.22349773242630377,0.2590277777777778
133,70142,HT,0,0.0,0.0,0.0,0.17346938775510204,0.0
134,72523,HT,0,0.0,0.0,0.0,0.17346938775510204,0.0
135,73824,SS,39,0.18333333333333332,0.21333333333333332,0.6466666666666666,0.21819241982507287,0.22666666666666666
136,78467,SS,4,0.0,0.0,0.0,0.1641399416909621,0.0
137,95657,HT,0,0.0,0.0,0.0,0.17346938775510204,0.0
138,67827,SK,11,0.08333333333333333,0.0,0.3333333333333333,0.1770651117589893,0.08333333333333333
139,73209,SK,452,0.27308743169398897,0.16475409836065574,0.759153005464481,0.24437222195669822,0.29207650273224045
140,61102,LG,364,0.23220338983050842,0.15663841807909606,0.6830508474576271,0.23776251420665118,0.24237288135593216
141,61186,LG,266,0.23466666666666663,0.06733333333333334,0.6393968253968254,0.23103984450923232,0.28977777777777775
142,62164,LG,17,0.05,0.15,0.525,0.19892128279883386,0.0
143,76746,WO,100,0.2876811594202899,0.16195652173913042,0.8163043478260871,0.223374318671568,0.2934782608695652
144,78217,LG,189,0.20333333333333334,0.04055555555555556,0.5202777777777777,0.2208649173955297,0.2819444444444444
145,63920,NC,144,0.14038461538461539,0.016025641025641028,0.36153846153846153,0.19136017044180303,0.16266025641025642
146,62244,OB,237,0.23367697594501713,0.07268041237113401,0.6036082474226804,0.22047428691653395,0.27388316151202746
147,73738,HH,0,0.0,0.0,0.0,0.17346938775510204,0.0
148,99314,HH,0,0.0,0.0,0.0,0.17346938775510204,0.0
149,63450,KT,399,0.2825268817204301,0.10887096774193548,0.734139784946237,0.23390388413429888,0.32244623655913984
150,64868,SK,225,0.2043478260869565,0.04710144927536232,0.5169082125603863,0.22602780242531786,0.25265700483091785
151,77609,KT,26,0.07894736842105263,0.04385964912280702,0.19298245614035087,0.18134110787172014,0.07894736842105263
152,78361,KT,145,0.2515151515151515,0.08,0.6354545454545455,0.21473628412403917,0.29303030303030303
153,78548,KT,348,0.2043785310734463,0.13516949152542374,0.6532485875706217,0.21645747887532737,0.21271186440677964
154,78753,KT,52,0.18571428571428572,0.02142857142857143,0.39285714285714285,0.18451478550603914,0.20238095238095238
155,79453,KT,213,0.29876543209876544,0.0800411522633745,0.7115226337448559,0.22887737105424186,0.32962962962962955
156,60523,LT,136,0.2333333333333333,0.1409313725490196,0.6980392156862745,0.20932515863488252,0.2303921568627451
157,62016,NC,58,0.11598639455782313,0.034693877551020415,0.27687074829931974,0.18078776700184443,0.12108843537414965
158,62559,LT,114,0.189375,0.028125,0.49729166666666663,0.18694241982507284,0.2041666666666667
159,64944,NC,66,0.10000000000000002,0.09722222222222224,0.32222222222222224,0.1829348882410106,0.1138888888888889
160,72860,SK,124,0.17471264367816094,0.0603448275862069,0.4456896551724138,0.20782648034583287,0.2025862068965517
161,66145,LG,0,0.0,0.0,0.0,0.17346938775510204,0.0
162,61591,LT,89,0.10263157894736842,0.011403508771929825,0.2874269005847953,0.18447138253797762,0.13742690058479531
163,73211,LT,2,0.0,0.0,0.0,0.15918367346938775,0.0
164,79608,HT,545,0.2933080808080808,0.1797979797979798,0.830429292929293,0.26830992137114595,0.31212121212121213
165,62907,NC,452,0.356132075471698,0.11650943396226415,0.892767295597484,0.28076626877165956,0.40613207547169816
166,62797,HH,417,0.27118644067796605,0.08968926553672316,0.7076271186440678,0.23328803676434257,0.30381355932203385
167,79705,HH,103,0.21358024691358024,0.11604938271604939,0.6120370370370369,0.20701868048806815,0.20524691358024694
168,65514,LT,0,0.0,0.0,0.0,0.17346938775510204,0.0
169,65064,NC,0,0.0,0.0,0.0,0.17346938775510207,0.0
170,76849,HT,512,0.3259420289855071,0.11478260869565216,0.8079296066252587,0.26880973507415395,0.3421739130434782
171,62917,NC,1,0.0,0.0,0.0,0.15918367346938775,0.0
172,65412,SS,112,0.14863387978142076,0.1098360655737705,0.4961748633879781,0.2004062514935716,0.15163934426229508
173,65898,WO,142,0.21467661691542292,0.09303482587064676,0.56318407960199,0.20283277490100518,0.2248756218905473
174,73136,HH,318,0.2944444444444444,0.2829218106995885,0.924074074074074,0.282834827052514,0.31378600823045266
175,62007,HT,49,0.1734234234234234,0.1554054054054054,0.5202702702702703,0.19386967142069172,0.16216216216216217
176,78892,KT,43,0.15984848484848485,0.1,0.5257575757575758,0.20549960243837798,0.15227272727272728
177,62648,HT,0,0.0,0.0,0.0,0.17346938775510204,0.0
178,62908,NC,17,0.037037037037037035,0.01851851851851852,0.1111111111111111,0.17759151279559432,0.041666666666666664
179,65506,LT,1,0.0,0.0,0.0,0.16034985422740525,0.0
180,65062,KT,0,0.0,0.0,0.0,0.17346938775510204,0.0
181,76100,LG,48,0.17192982456140352,0.03508771929824561,0.46228070175438596,0.19754488261470002,0.21491228070175436
182,75441,NC,46,0.09895833333333333,0.078125,0.44166666666666665,0.19380466472303212,0.09895833333333331
183,60140,LG,0,0.0,0.0,0.0,0.17346938775510204,0.0
184,79140,LG,0,0.0,0.0,0.0,0.17346938775510204,0.0
185,63636,HT,40,0.0907960199004975,0.033582089552238806,0.21517412935323385,0.1782515991471214,0.09701492537313433
186,73339,NC,355,0.2757009345794392,0.08115264797507789,0.6817757009345792,0.2390398081796137,0.2906542056074766
187,71432,SS,134,0.204656862745098,0.14093137254901958,0.6448529411764707,0.21011833304750466,0.22916666666666666
188,77263,OB,1,0.3333333333333333,0.0,0.6666666666666666,0.1977648202137998,0.3333333333333333
189,71610,HH,118,0.22763157894736843,0.16535087719298244,0.7276315789473684,0.23539972379929414,0.24780701754385964
190,62929,NC,0,0.0,0.0,0.0,0.17346938775510204,0.0
191,67504,LT,19,0.11666666666666665,0.0,0.2416666666666666,0.18145772594752185,0.11666666666666665
192,66354,WO,129,0.14505208333333333,0.04479166666666667,0.3794270833333333,0.19073888483965015,0.21614583333333331
193,67644,HT,3,0.0,0.0,0.25,0.17900874635568512,0.0
194,74163,HH,200,0.254093567251462,0.05350877192982456,0.6611111111111111,0.2245920924760882,0.27865497076023393
195,63339,WO,5,0.0,0.0,0.08333333333333333,0.1718415937803693,0.0
196,78756,HH,209,0.22256410256410256,0.0712820512820513,0.5794139194139192,0.23098004036779554,0.23974358974358978
197,62951,NC,0,0.0,0.0,0.0,0.17346938775510204,0.0
198,67454,SS,23,0.14583333333333331,0.02777777777777778,0.31944444444444436,0.18566569484936835,0.2916666666666667
199,64266,OB,5,0.125,0.0,0.25,0.17798833819241983,0.125
200,66710,HH,14,0.09090909090909091,0.030303030303030304,0.21212121212121213,0.17651736019082953,0.09090909090909091
201,77243,HH,49,0.15277777777777776,0.15833333333333333,0.5416666666666666,0.19606413994169097,0.18888888888888886
202,62265,KT,33,0.23333333333333334,0.11666666666666667,0.6944444444444445,0.20608357628765792,0.25
203,63088,KT,40,0.17023809523809527,0.11607142857142858,0.45654761904761904,0.2021657642648896,0.18511904761904763
204,65357,WO,90,0.2473684210526316,0.049999999999999996,0.6509398496240602,0.2142933865275433,0.24342105263157895
205,66804,HT,6,0.2777777777777778,0.0,0.5555555555555556,0.19313249109167474,0.2777777777777778
206,76639,HT,0,0.0,0.0,0.0,0.17346938775510204,0.0
207,65115,LG,248,0.2402777777777777,0.03194444444444445,0.5728395061728394,0.21479321887485156,0.25077160493827166
208,61463,SS,91,0.21451612903225808,0.03387096774193548,0.48978494623655916,0.21685319289005922,0.23602150537634406
209,61742,SS,11,0.20833333333333334,0.0,0.4166666666666667,0.15996112730806608,0.25
210,61643,HT,0,0.0,0.0,0.0,0.17346938775510204,0.0
211,77454,NC,2,0.0,0.0,0.0,0.1726919339164237,0.0
212,79402,SS,154,0.2523809523809524,0.10317460317460318,0.6535714285714285,0.2238719977787033,0.2992063492063492
213,65653,HT,105,0.13979591836734695,0.06462585034013606,0.40221088435374147,0.1925179984530254,0.14455782312925172
214,60805,HH,33,0.12301587301587302,0.0,0.24603174603174605,0.18209079550187426,0.1388888888888889
215,65464,SK,8,0.26666666666666666,0.0,0.6333333333333333,0.19387755102040818,0.26666666666666666
216,62356,WO,23,0.16666666666666669,0.03571428571428571,0.3988095238095238,0.19670970428987924,0.25
217,65513,LT,58,0.084,0.026666666666666665,0.25133333333333335,0.17829154518950435,0.10999999999999999
218,60464,SS,4,0.0,0.0,0.0,0.14628279883381926,0.0
219,66406,SS,10,0.075,0.025,0.175,0.18720116618075805,0.075
220,63123,LG,268,0.24490196078431364,0.11764705882352944,0.6313725490196076,0.21902589607271478,0.28294117647058825
221,79191,KT,0,0.0,0.0,0.0,0.17346938775510204,0.0
222,66302,WO,12,0.3333333333333333,0.0,0.7666666666666666,0.20104956268221574,0.36666666666666664
223,64907,NC,0,0.0,0.0,0.0,0.17346938775510204,0.0
224,64724,HH,10,0.03125,0.0,0.0625,0.16723760932944604,0.041666666666666664
225,74167,HH,0,0.0,0.0,0.0,0.17346938775510204,0.0
226,74857,HH,0,0.0,0.0,0.0,0.17346938775510204,0.0
227,67872,SK,416,0.23905228758169933,0.29362745098039217,0.8612745098039215,0.2710541359400903,0.2446078431372549
228,75867,NC,0,0.0,0.0,0.0,0.17346938775510204,0.0
229,79358,NC,0,0.0,0.0,0.0,0.17346938775510204,0.0
230,78745,HH,12,0.0,0.0,0.0,0.15545837382572078,0.0
231,62927,NC,7,0.5833333333333334,0.0,1.1666666666666667,0.2108843537414966,0.5833333333333334
232,60559,LT,0,0.0,0.0,0.0,0.17346938775510204,0.0
233,94629,NC,187,0.2512987012987013,0.13831168831168833,0.7422077922077922,0.22926432168414676,0.2567099567099567
234,79130,WO,2,0.0,0.0,0.0,0.14606413994169096,0.0
235,65516,KT,0,0.0,0.0,0.0,0.17346938775510204,0.0
236,66160,LG,0,0.0,0.0,0.0,0.17346938775510204,0.0
237,79356,LT,130,0.2169642857142857,0.13154761904761905,0.6904761904761906,0.21520720533111198,0.23511904761904764
238,62892,SK,0,0.0,0.0,0.0,0.17346938775510204,0.0
239,77462,KT,223,0.28112449799196787,0.10421686746987953,0.7008032128514055,0.21646000913274088,0.31787148594377507
240,65269,OB,21,0.1388888888888889,0.05555555555555555,0.3333333333333333,0.17745383867832853,0.1388888888888889
241,60667,HH,2,0.0,0.0,0.0,0.14606413994169096,0.0
242,66859,SK,0,0.0,0.0,0.0,0.17346938775510204,0.0
243,76158,SK,98,0.2096774193548387,0.17150537634408605,0.6532258064516129,0.2305934355308944,0.28494623655913975
244,62406,SS,8,0.0,0.0,0.045454545454545456,0.16623376623376626,0.0
245,66657,HT,8,0.1111111111111111,0.0,0.3888888888888889,0.18498542274052482,0.1111111111111111
246,64029,KT,0,0.0,0.0,0.0,0.17346938775510204,0.0
247,66707,HH,4,0.0,0.0,0.375,0.19139941690962098,0.0
248,79334,WO,212,0.2627777777777778,0.27416666666666667,0.9122222222222222,0.2562682215743441,0.30916666666666653
249,61743,HT,13,0.21428571428571427,0.0,0.5,0.18394418992086628,0.21428571428571427
250,66960,NC,0,0.0,0.0,0.0,0.17346938775510204,0.0
251,61114,LG,198,0.253111111111111,0.13333333333333333,0.6920000000000001,0.2217298347910593,0.2624444444444444
252,62147,LG,43,0.136,0.0,0.3233333333333333,0.18648396501457729,0.13933333333333334
253,97336,HT,0,0.0,0.0,0.0,0.17346938775510204,0.0
254,60100,LG,122,0.2801282051282052,0.15544871794871795,0.833974358974359,0.2322718098228302,0.2628205128205129
255,79791,SS,0,0.0,0.0,0.0,0.17346938775510204,0.0
256,78566,LT,133,0.23361111111111116,0.10527777777777778,0.6311111111111111,0.21578231292517,0.2863888888888889
257,79364,NC,24,0.11363636363636363,0.0,0.2727272727272727,0.17402597402597406,0.11363636363636363
258,67449,SS,14,0.011363636363636364,0.03409090909090909,0.125,0.18058574078982245,0.0
259,78352,NC,0,0.0,0.0,0.0,0.17346938775510204,0.0
260,62754,HT,0,0.0,0.0,0.0,0.17346938775510204,0.0
261,64017,KT,0,0.0,0.0,0.0,0.17346938775510204,0.0
262,77563,KT,0,0.0,0.0,0.0,0.17346938775510204,0.0
263,63959,NC,0,0.0,0.0,0.0,0.17346938775510204,0.0
264,66052,KT,68,0.24999999999999997,0.10483870967741936,0.6693548387096774,0.21174644973196652,0.26344086021505375
265,62925,NC,32,0.2619047619047619,0.21428571428571427,0.9166666666666666,0.2004789670970429,0.23214285714285715
266,66920,NC,0,0.0,0.0,0.0,0.17346938775510204,0.0
267,64350,WO,0,0.0,0.0,0.0,0.17346938775510204,0.0
268,63950,NC,0,0.0,0.0,0.0,0.17346938775510204,0.0
269,65042,KT,0,0.0,0.0,0.0,0.17346938775510204,0.0
270,61329,LG,0,0.0,0.0,0.0,0.17346938775510204,0.0
271,67025,KT,367,0.2875502008032127,0.2522088353413654,0.8771084337349397,0.27872773894411473,0.30481927710843365
272,67092,KT,4,0.0,0.0,0.0,0.1641399416909621,0.0
273,61895,SK,0,0.0,0.0,0.0,0.17346938775510204,0.0
274,75340,SK,1,0.0,0.0,0.0,0.15918367346938775,0.0
275,77848,WO,18,0.2111111111111111,0.022222222222222223,0.5555555555555556,0.21198574667962422,0.24074074074074073
276,71184,SK,125,0.19401041666666669,0.03906250000000001,0.4661458333333333,0.20108418367346942,0.2109375
277,64346,WO,46,0.22142857142857145,0.21587301587301586,0.7277777777777777,0.205525475496321,0.23809523809523808
278,72862,LT,0,0.0,0.0,0.0,0.17346938775510204,0.0
279,77318,LT,0,0.0,0.0,0.0,0.17346938775510204,0.0
280,62499,SS,16,0.05208333333333333,0.020833333333333332,0.125,0.1762390670553936,0.10416666666666666
281,77669,LT,4,0.0,0.0,0.0,0.12026239067055394,0.0
282,66704,HH,22,0.020833333333333332,0.0625,0.125,0.17215743440233236,0.0
283,66203,OB,25,0.14015151515151514,0.056818181818181816,0.34393939393939393,0.1858733103631063,0.17424242424242423
284,62884,SK,116,0.2698198198198198,0.06936936936936937,0.6333333333333332,0.23318887400520058,0.3427927927927928
285,75321,LT,0,0.0,0.0,0.0,0.17346938775510204,0.0
286,71118,LG,0,0.0,0.0,0.0,0.17346938775510204,0.0
287,76650,LG,0,0.0,0.0,0.0,0.17346938775510204,0.0
288,67304,WO,17,0.09895833333333333,0.03645833333333333,0.24479166666666663,0.18314504373177845,0.140625
289,67539,LT,4,0.0,0.0,0.0,0.1625072886297376,0.0
290,66409,SS,20,0.04444444444444444,0.0,0.12222222222222222,0.1763654033041788,0.08888888888888888
291,76430,WO,0,0.0,0.0,0.0,0.17346938775510204,0.0
292,67202,OB,3,0.3333333333333333,0.0,0.6666666666666666,0.18824101068999025,0.3333333333333333
293,67646,HT,1,0.0,0.0,0.0,0.17142857142857143,0.0
294,64115,LG,5,0.0,0.0,0.0,0.16512390670553936,0.0
295,62893,HT,9,0.09375,0.03125,0.21875,0.19438775510204082,0.14583333333333331
296,66716,HH,121,0.18297101449275366,0.03804347826086957,0.4735507246376811,0.20680060844213455,0.2228260869565217
297,62025,NC,4,0.0,0.0,0.0,0.1466472303206997,0.0
298,79150,LG,9,0.0,0.0,0.0,0.1682993197278912,0.0
299,66917,NC,0,0.0,0.0,0.0,0.17346938775510204,0.0
300,63260,OB,2,0.0,0.0,0.0,0.1597667638483965,0.0
301,62966,NC,0,0.0,0.0,0.0,0.17346938775510204,0.0
302,66207,OB,0,0.0,0.0,0.0,0.17346938775510204,0.0
303,60181,LG,0,0.0,0.0,0.0,0.17346938775510204,0.0
304,67119,LG,0,0.0,0.0,0.0,0.17346938775510204,0.0
305,76455,LG,0,0.0,0.0,0.0,0.17346938775510204,0.0
306,78148,LG,1,1.0,0.0,2.0,0.24635568513119532,1.0
307,65067,KT,0,0.0,0.0,0.0,0.17346938775510204,0.0
308,67246,OB,0,0.0,0.0,0.0,0.17346938775510204,0.0
309,75149,KT,0,0.0,0.0,0.0,0.17346938775510204,0.0
310,77211,OB,0,0.0,0.0,0.0,0.17346938775510204,0.0
311,67134,LG,93,0.25362318840579706,0.16304347826086957,0.7514492753623188,0.26244137406515405,0.24782608695652175
312,67006,KT,22,0.0873015873015873,0.023809523809523808,0.2103174603174603,0.1777870331806192,0.09523809523809523
313,66462,SS,166,0.2953900709219858,0.04113475177304964,0.6950354609929078,0.2377706097636623,0.3301418439716312
314,66492,SS,0,0.0,0.0,0.0,0.17346938775510204,0.0
315,67394,WO,201,0.28804347826086957,0.322463768115942,0.9956521739130433,0.3020915198377488,0.2771739130434782
316,62363,WO,0,0.0,0.0,0.0,0.17346938775510204,0.0
317,60634,HT,0,0.0,0.0,0.0,0.17346938775510204,0.0
318,61366,WO,8,0.14285714285714285,0.0,0.42857142857142855,0.1711786755518534,0.14285714285714285
319,78643,HT,20,0.1111111111111111,0.0,0.3888888888888889,0.1782896015549077,0.1111111111111111
320,67703,HH,0,0.0,0.0,0.0,0.17346938775510204,0.0
321,76350,HT,0,0.0,0.0,0.0,0.17346938775510204,0.0
322,76720,HH,50,0.18560606060606064,0.0606060606060606,0.5522727272727274,0.21097270076861907,0.25
323,72535,LT,0,0.0,0.0,0.0,0.17346938775510204,0.0
324,66451,SS,0,0.0,0.0,0.0,0.17346938775510204,0.0
325,76869,SK,4,0.0,0.0,0.0,0.1647646813827572,0.0
326,77466,SS,18,0.23484848484848483,0.14393939393939392,0.6136363636363636,0.1864829048502518,0.25757575757575757
327,79198,LG,3,0.07142857142857142,0.0,0.14285714285714285,0.17671803415243653,0.07142857142857142
328,65044,KT,6,0.05,0.0,0.1,0.17384839650145772,0.1
329,65096,KT,2,0.0,0.0,0.0,0.17346938775510207,0.0
330,60605,HT,0,0.0,0.0,0.0,0.17346938775510204,0.0
331,72641,HT,0,0.0,0.0,0.0,0.17346938775510204,0.0
332,64793,SS,22,0.09615384615384616,0.038461538461538464,0.2692307692307692,0.17768557972639606,0.14102564102564102
333,77927,SS,0,0.0,0.0,0.0,0.17346938775510204,0.0
334,78552,HH,0,0.0,0.0,0.0,0.17346938775510204,0.0
335,65056,KT,0,0.0,0.0,0.0,0.17346938775510204,0.0
336,65060,KT,0,0.0,0.0,0.0,0.17346938775510204,0.0
337,99563,KT,0,0.0,0.0,0.0,0.17346938775510204,0.0
338,61411,SS,0,0.0,0.0,0.0,0.17346938775510204,0.0
339,74630,SS,0,0.0,0.0,0.0,0.17346938775510204,0.0
340,75730,KT,0,0.0,0.0,0.0,0.17346938775510204,0.0
341,67944,NC,12,0.037037037037037035,0.037037037037037035,0.1111111111111111,0.16844833171363782,0.05555555555555555
342,65157,LG,33,0.20512820512820512,0.0,0.44358974358974357,0.20849966360170444,0.23717948717948717
343,65109,LG,30,0.21296296296296294,0.037037037037037035,0.5796296296296296,0.21901522513767413,0.3333333333333333
344,62931,NC,7,0.1,0.05,0.25,0.2012390670553936,0.125
345,76118,NC,0,0.0,0.0,0.0,0.17346938775510204,0.0
346,64706,HH,1,0.0,0.0,0.0,0.16909620991253646,0.0
347,67893,SK,4,0.0,0.0,0.0,0.14606413994169096,0.0
348,66162,LG,1,0.5,0.0,1.0,0.20991253644314867,0.5
349,60263,NC,0,0.0,0.0,0.0,0.17346938775510204,0.0
350,63903,NC,1,0.0,0.0,0.0,0.1663265306122449,0.0
351,77452,HH,0,0.0,0.0,0.0,0.17346938775510204,0.0
352,64086,HH,34,0.14615384615384613,0.1564102564102564,0.5256410256410257,0.2030948643193541,0.1282051282051282
353,64086,OB,38,0.09920634920634919,0.023809523809523808,0.2746031746031746,0.17652367069276695,0.11507936507936507
354,63634,HT,10,0.16666666666666666,0.0,0.4444444444444444,0.21311953352769683,0.2222222222222222
355,63634,SK,100,0.16066666666666665,0.33233333333333337,0.6910000000000001,0.21157434402332356,0.09
356,63704,HT,19,0.13,0.0,0.42000000000000004,0.22728862973760938,0.15
357,63704,SK,406,0.242063492063492,0.09365079365079365,0.6301587301587307,0.23237077143782695,0.2818783068783069
358,74215,WO,321,0.30384615384615377,0.12735042735042734,0.7750000000000001,0.25308365104283465,0.3209401709401709
359,74215,KT,265,0.28776041666666663,0.20755208333333333,0.8369791666666667,0.2661488702623907,0.31640625
360,60558,LT,26,0.10256410256410256,0.23076923076923078,0.6089743589743589,0.2043731778425656,0.038461538461538464
361,60558,KT,384,0.2509562841530054,0.1315573770491803,0.6590163934426229,0.23083448836208958,0.29918032786885235
362,78288,OB,8,0.25,0.0,0.5277777777777777,0.20942662779397472,0.25
363,78288,HH,301,0.2613945578231292,0.052721088435374146,0.6437074829931971,0.2111501160230857,0.28928571428571426
364,62864,SK,1,0.0,0.0,0.0,0.16690962099125364,0.0
365,62864,HT,391,0.1924691358024691,0.05407407407407407,0.4965432098765432,0.20517222762120735,0.2333333333333333
366,76368,WO,15,0.15625,0.0,0.3125,0.17729591836734696,0.15625
367,76368,HT,5,0.1111111111111111,0.0,0.2222222222222222,0.18759313249109166,0.1111111111111111
