G_ID,GDAY_DS,T_ID,VS_T_ID,HEADER_NO,TB_SC,PA,AB,RBI,RUN,HIT,H2,H3,HR,SB,CS,SH,SF,BB,IB,HP,KK,GD,ERR,LOB,P_HRA_RT,P_AB_CN,P_HIT_CN
20200721HTHH0,20200721,HH,HT,0,B,32,29,2,2,3,0,0,1,0,0,0,0,2,0,2,8,1,3,,,,
20200721HTHH0,20200721,HT,HH,0,T,50,41,9,10,16,2,0,2,0,1,0,0,8,0,0,7,2,0,,,,
20200721LGKT0,20200721,LG,KT,0,T,44,38,9,9,13,4,0,2,0,1,0,0,6,0,0,7,0,0,,,,
20200721LGKT0,20200721,KT,LG,0,B,39,34,10,10,12,0,0,3,1,0,1,0,4,0,0,7,0,1,,,,
20200721LTSK0,20200721,LT,SK,0,T,40,35,7,7,10,1,0,1,1,0,0,0,5,0,0,6,1,0,,,,
20200721LTSK0,20200721,SK,LT,0,B,40,34,8,8,13,1,0,3,2,0,0,1,4,0,0,4,0,0,,,,
20200721SSNC0,20200721,SS,NC,0,T,41,36,5,5,9,0,0,1,2,0,1,0,4,0,0,7,0,0,,,,
20200721SSNC0,20200721,NC,SS,0,B,42,38,6,6,13,2,0,3,0,2,0,0,1,0,1,7,0,0,,,,
20200721WOOB0,20200721,WO,OB,0,T,36,35,1,1,9,1,0,0,0,1,0,0,1,0,0,6,0,0,,,,
20200721WOOB0,20200721,OB,WO,0,B,32,31,6,6,7,2,1,1,2,0,0,0,1,0,0,9,0,0,,,,
20200722HTHH0,20200722,HH,HT,0,B,35,29,1,1,4,1,0,0,0,0,1,0,5,0,1,10,0,1,,,,
20200722HTHH0,20200722,HT,HH,0,T,37,30,2,2,5,0,1,0,0,0,2,0,3,0,0,14,0,0,,,,
20200722LGKT0,20200722,LG,KT,0,T,0,0,0,0,0,0,0,0,0,0,0,0,0,0,0,0,0,0,,,,
20200722LGKT0,20200722,KT,LG,0,B,0,0,0,0,0,0,0,0,0,0,0,0,0,0,0,0,0,0,,,,
20200722LTSK0,20200722,LT,SK,0,T,0,0,0,0,0,0,0,0,0,0,0,0,0,0,0,0,0,0,,,,
20200722LTSK0,20200722,SK,LT,0,B,0,0,0,0,0,0,0,0,0,0,0,0,0,0,0,0,0,0,,,,
20200722SSNC0,20200722,NC,SS,0,B,0,0,0,0,0,0,0,0,0,0,0,0,0,0,0,0,0,0,,,,
20200722SSNC0,20200722,SS,NC,0,T,0,0,0,0,0,0,0,0,0,0,0,0,0,0,0,0,0,0,,,,
20200722WOOB0,20200722,OB,WO,0,B,0,0,0,0,0,0,0,0,0,0,0,0,0,0,0,0,0,0,,,,
20200722WOOB0,20200722,WO,OB,0,T,0,0,0,0,0,0,0,0,0,0,0,0,0,0,0,0,0,0,,,,
20200723HTHH0,20200723,HH,HT,0,B,0,0,0,0,0,0,0,0,0,0,0,0,0,0,0,0,0,0,,,,
20200723HTHH0,20200723,HT,HH,0,T,0,0,0,0,0,0,0,0,0,0,0,0,0,0,0,0,0,0,,,,
20200723LGKT0,20200723,LG,KT,0,T,0,0,0,0,0,0,0,0,0,0,0,0,0,0,0,0,0,0,,,,
20200723LGKT0,20200723,KT,LG,0,B,0,0,0,0,0,0,0,0,0,0,0,0,0,0,0,0,0,0,,,,
20200723LTSK0,20200723,LT,SK,0,T,0,0,0,0,0,0,0,0,0,0,0,0,0,0,0,0,0,0,,,,
20200723LTSK0,20200723,SK,LT,0,B,0,0,0,0,0,0,0,0,0,0,0,0,0,0,0,0,0,0,,,,
20200723SSNC0,20200723,NC,SS,0,B,0,0,0,0,0,0,0,0,0,0,0,0,0,0,0,0,0,0,,,,
20200723SSNC0,20200723,SS,NC,0,T,0,0,0,0,0,0,0,0,0,0,0,0,0,0,0,0,0,0,,,,
20200723WOOB0,20200723,WO,OB,0,T,0,0,0,0,0,0,0,0,0,0,0,0,0,0,0,0,0,0,,,,
20200723WOOB0,20200723,OB,WO,0,B,0,0,0,0,0,0,0,0,0,0,0,0,0,0,0,0,0,0,,,,
20200724LGOB0,20200724,OB,LG,0,B,35,31,1,1,8,3,0,0,1,1,0,0,4,1,1,3,2,1,,,,
20200724LGOB0,20200724,LG,OB,0,T,46,40,8,8,15,2,1,2,1,0,0,0,4,0,0,4,1,0,,,,
20200724LTWO0,20200724,LT,WO,0,T,40,33,3,4,9,1,0,0,2,2,0,0,6,0,0,12,0,0,,,,
20200724LTWO0,20200724,WO,LT,0,B,34,31,2,2,6,2,0,1,1,0,0,1,2,0,0,8,0,0,,,,
20200724NCKT0,20200724,NC,KT,0,T,37,32,3,3,7,2,0,1,1,0,0,0,3,0,0,10,0,2,,,,
20200724NCKT0,20200724,KT,NC,0,B,39,33,1,2,6,1,0,1,2,1,0,0,6,0,0,11,0,0,,,,
20200724SKHH0,20200724,HH,SK,0,B,36,29,3,4,5,0,0,0,1,2,0,0,7,0,0,13,0,0,,,,
20200724SKHH0,20200724,SK,HH,0,T,40,34,7,7,8,1,0,3,1,0,0,1,5,0,0,11,0,0,,,,
20200724SSHT0,20200724,HT,SS,0,B,0,0,0,0,0,0,0,0,0,0,0,0,0,0,0,0,0,0,,,,
20200724SSHT0,20200724,SS,HT,0,T,0,0,0,0,0,0,0,0,0,0,0,0,0,0,0,0,0,0,,,,
20200725LGOB0,20200725,OB,LG,0,B,34,31,7,7,10,4,0,1,0,1,0,1,2,0,0,8,0,1,,,,
20200725LGOB0,20200725,LG,OB,0,T,36,35,2,3,10,3,0,0,0,0,0,0,1,0,0,6,0,0,,,,
20200725LTWO0,20200725,LT,WO,0,T,40,35,6,6,9,2,0,0,0,1,0,0,3,0,0,8,0,0,,,,
20200725LTWO0,20200725,WO,LT,0,B,36,27,3,3,3,1,0,0,0,0,0,1,6,0,3,11,1,1,,,,
20200725NCKT0,20200725,NC,KT,0,T,36,31,2,2,6,0,0,0,0,1,0,1,4,0,0,9,0,0,,,,
20200725NCKT0,20200725,KT,NC,0,B,33,29,6,6,8,4,0,1,0,1,0,0,4,0,0,3,2,0,,,,
20200725SKHH0,20200725,SK,HH,0,T,0,0,0,0,0,0,0,0,0,0,0,0,0,0,0,0,0,0,,,,
20200725SKHH0,20200725,HH,SK,0,B,0,0,0,0,0,0,0,0,0,0,0,0,0,0,0,0,0,0,,,,
20200725SSHT0,20200725,SS,HT,0,T,38,32,2,2,7,1,0,0,1,1,0,0,6,0,0,9,0,0,,,,
20200725SSHT0,20200725,HT,SS,0,B,37,31,8,8,11,2,0,0,0,0,2,1,2,1,0,10,0,0,,,,
20200726LGOB0,20200726,LG,OB,0,T,36,33,4,4,7,0,1,0,2,0,0,1,2,0,0,5,0,0,,,,
20200726LGOB0,20200726,OB,LG,0,B,40,32,3,3,8,2,0,1,0,0,1,0,5,1,1,8,1,2,,,,
20200726LTWO0,20200726,WO,LT,0,B,40,35,8,8,13,4,0,0,0,1,0,0,3,1,1,4,1,1,,,,
20200726LTWO0,20200726,LT,WO,0,T,37,34,1,1,8,3,0,0,1,0,0,0,3,0,0,5,0,0,,,,
20200726NCKT0,20200726,KT,NC,0,B,36,34,5,5,8,0,0,3,2,0,0,0,2,0,0,7,0,0,,,,
20200726NCKT0,20200726,NC,KT,0,T,34,32,4,4,7,1,0,2,1,0,0,1,1,0,0,8,0,1,,,,
20200726SKHH0,20200726,HH,SK,0,B,38,34,4,4,8,2,0,1,0,0,0,0,4,0,2,5,0,0,,,,
20200726SKHH0,20200726,SK,HH,0,T,42,35,7,7,10,2,0,0,1,0,0,0,5,0,0,8,1,0,,,,
20200726SSHT0,20200726,SS,HT,0,T,43,36,5,5,12,4,0,1,1,0,1,1,4,0,0,5,0,1,,,,
20200726SSHT0,20200726,HT,SS,0,B,41,37,6,8,12,2,1,0,0,0,0,0,3,0,1,4,0,0,,,,
20200727SKHH0,20200727,HH,SK,0,B,35,29,5,5,5,3,0,0,1,0,0,0,5,0,1,5,1,0,,,,
20200727SKHH0,20200727,SK,HH,0,T,37,32,5,5,10,3,0,1,1,0,0,0,3,0,0,5,1,1,,,,
20200728HHSS0,20200728,HH,SS,0,T,0,0,0,0,0,0,0,0,0,0,0,0,0,0,0,0,0,0,,,,
20200728HHSS0,20200728,SS,HH,0,B,0,0,0,0,0,0,0,0,0,0,0,0,0,0,0,0,0,0,,,,
20200728KTHT0,20200728,KT,HT,0,T,0,0,0,0,0,0,0,0,0,0,0,0,0,0,0,0,0,0,,,,
20200728KTHT0,20200728,HT,KT,0,B,0,0,0,0,0,0,0,0,0,0,0,0,0,0,0,0,0,0,,,,
20200728LGSK0,20200728,LG,SK,0,T,58,49,23,24,23,3,1,6,0,0,0,0,6,0,0,10,1,0,,,,
20200728LGSK0,20200728,SK,LG,0,B,41,34,7,7,8,3,0,2,0,0,0,0,5,1,4,6,0,0,,,,
20200728NCLT0,20200728,LT,NC,0,B,46,36,11,11,14,3,0,2,0,0,0,1,7,1,0,7,0,1,,,,
20200728NCLT0,20200728,NC,LT,0,T,46,42,8,9,17,3,0,2,2,0,0,0,4,0,0,6,0,0,,,,
20200728WOOB0,20200728,WO,OB,0,T,43,34,5,6,8,2,0,1,0,0,1,1,4,0,0,4,0,0,,,,
20200728WOOB0,20200728,OB,WO,0,B,38,36,2,2,9,2,0,1,0,0,0,0,2,1,2,6,0,1,,,,
20200729HHSS0,20200729,HH,SS,0,T,49,44,8,12,18,1,0,1,0,0,0,1,2,0,0,7,1,0,,,,
20200729HHSS0,20200729,SS,HH,0,B,44,34,7,7,9,1,0,2,1,1,0,0,8,0,3,7,1,3,,,,
20200729KTHT0,20200729,HT,KT,0,B,0,0,0,0,0,0,0,0,0,0,0,0,0,0,0,0,0,0,,,,
20200729KTHT0,20200729,KT,HT,0,T,0,0,0,0,0,0,0,0,0,0,0,0,0,0,0,0,0,0,,,,
20200729LGSK0,20200729,LG,SK,0,T,45,36,11,11,13,0,0,3,1,0,0,0,8,0,0,5,0,0,,,,
20200729LGSK0,20200729,SK,LG,0,B,44,40,6,6,14,1,0,4,2,0,0,0,3,0,2,7,0,0,,,,
20200729NCLT0,20200729,NC,LT,0,T,0,0,0,0,0,0,0,0,0,0,0,0,0,0,0,0,0,0,,,,
20200729NCLT0,20200729,LT,NC,0,B,0,0,0,0,0,0,0,0,0,0,0,0,0,0,0,0,0,0,,,,
20200729WOOB0,20200729,OB,WO,0,B,0,0,0,0,0,0,0,0,0,0,0,0,0,0,0,0,0,0,,,,
20200729WOOB0,20200729,WO,OB,0,T,0,0,0,0,0,0,0,0,0,0,0,0,0,0,0,0,0,0,,,,
20200730HHSS0,20200730,SS,HH,0,B,46,36,1,2,6,2,0,0,3,0,0,0,4,0,2,12,0,0,,,,
20200730HHSS0,20200730,HH,SS,0,T,43,37,1,1,3,0,0,0,0,0,0,0,3,0,0,12,0,0,,,,
20200730KTHT0,20200730,KT,HT,0,T,38,31,4,4,11,2,0,0,1,3,2,0,3,0,0,8,0,1,,,,
20200730KTHT0,20200730,HT,KT,0,B,36,33,1,1,8,3,0,0,0,0,1,0,1,0,3,6,0,0,,,,
20200730LGSK0,20200730,LG,SK,0,T,45,39,9,9,13,3,0,1,1,0,0,0,5,0,0,8,0,0,,,,
20200730LGSK0,20200730,SK,LG,0,B,34,30,1,1,4,3,0,0,0,0,0,0,3,0,2,6,0,0,,,,
20200730NCLT0,20200730,LT,NC,0,B,0,0,0,0,0,0,0,0,0,0,0,0,0,0,0,0,0,0,,,,
20200730NCLT0,20200730,NC,LT,0,T,0,0,0,0,0,0,0,0,0,0,0,0,0,0,0,0,0,0,,,,
20200730WOOB0,20200730,WO,OB,0,T,39,34,8,8,13,2,0,1,2,0,0,0,3,0,0,8,0,0,,,,
20200730WOOB0,20200730,OB,WO,0,B,41,36,5,5,10,0,0,2,2,0,1,0,3,0,2,2,0,0,,,,
20200731HHLG0,20200731,LG,HH,0,B,31,29,1,1,4,2,0,0,0,1,0,0,2,0,0,4,0,0,,,,
20200731HHLG0,20200731,HH,LG,0,T,37,34,2,2,10,1,0,0,0,1,0,1,2,0,0,9,0,0,,,,
20200731HTLT0,20200731,HT,LT,0,T,38,34,2,3,8,1,0,0,0,0,0,0,4,0,0,5,1,2,,,,
20200731HTLT0,20200731,LT,HT,0,B,36,33,1,2,6,2,0,0,0,0,0,0,3,0,0,10,2,1,,,,
20200731OBNC0,20200731,OB,NC,0,T,44,39,7,7,14,2,0,1,2,0,1,0,4,0,0,7,1,0,,,,
20200731OBNC0,20200731,NC,OB,0,B,42,37,10,10,14,4,0,1,2,0,0,0,2,0,2,8,1,1,,,,
20200731SKKT0,20200731,KT,SK,0,B,42,39,11,11,16,3,0,4,0,1,0,0,3,0,0,5,0,1,,,,
20200731SKKT0,20200731,SK,KT,0,T,36,31,1,1,4,0,0,1,0,0,0,0,5,0,0,8,1,0,,,,
20200731WOSS0,20200731,SS,WO,0,B,40,35,3,3,8,1,0,0,0,1,0,0,2,1,2,7,0,1,,,,
20200731WOSS0,20200731,WO,SS,0,T,42,36,9,10,10,2,0,3,1,0,0,0,6,0,0,5,0,0,,,,
20200801HHLG0,20200801,HH,LG,0,T,40,34,6,6,8,2,0,1,1,0,0,0,5,0,0,7,0,2,,,,
20200801HHLG0,20200801,LG,HH,0,B,41,39,9,9,15,3,0,0,0,0,0,0,1,0,1,8,0,0,,,,
20200801HTLT0,20200801,HT,LT,0,T,36,34,3,3,9,2,0,1,0,0,0,0,2,0,0,3,1,3,,,,
20200801HTLT0,20200801,LT,HT,0,B,37,31,6,7,10,3,0,2,0,1,0,1,5,0,0,9,2,0,,,,
20200801OBNC0,20200801,NC,OB,0,B,52,45,10,10,15,4,0,2,2,0,0,0,5,1,0,9,0,1,,,,
20200801OBNC0,20200801,OB,NC,0,T,51,45,12,12,17,1,1,0,2,0,0,0,2,0,0,8,0,1,,,,
20200801SKKT0,20200801,SK,KT,0,T,34,32,0,0,6,1,0,0,0,0,0,0,2,0,0,2,1,1,,,,
20200801SKKT0,20200801,KT,SK,0,B,41,36,10,11,13,1,1,3,0,0,0,0,5,0,0,5,2,0,,,,
20200801WOSS0,20200801,WO,SS,0,T,62,48,21,22,23,7,0,1,1,0,1,1,10,0,0,8,0,1,,,,
20200801WOSS0,20200801,SS,WO,0,B,40,34,7,7,8,4,0,0,0,1,0,0,4,0,3,6,0,1,,,,
20200802HHLG0,20200802,HH,LG,0,T,0,0,0,0,0,0,0,0,0,0,0,0,0,0,0,0,0,0,,,,
20200802HHLG0,20200802,LG,HH,0,B,0,0,0,0,0,0,0,0,0,0,0,0,0,0,0,0,0,0,,,,
20200802HTLT0,20200802,LT,HT,0,B,39,34,8,8,11,4,0,0,0,0,1,0,4,0,0,10,0,0,,,,
20200802HTLT0,20200802,HT,LT,0,T,32,30,0,0,4,2,0,0,0,0,0,0,2,0,0,6,0,2,,,,
20200802OBNC0,20200802,OB,NC,0,T,51,48,7,7,15,4,0,0,0,1,0,0,2,0,0,10,1,0,,,,
20200802OBNC0,20200802,NC,OB,0,B,47,42,4,4,8,0,0,2,0,0,0,0,2,0,0,8,0,0,,,,
20200802SKKT0,20200802,SK,KT,0,T,0,0,0,0,0,0,0,0,0,0,0,0,0,0,0,0,0,0,,,,
20200802SKKT0,20200802,KT,SK,0,B,0,0,0,0,0,0,0,0,0,0,0,0,0,0,0,0,0,0,,,,
20200802WOSS0,20200802,WO,SS,0,T,41,38,4,4,10,1,0,0,0,0,0,1,0,0,0,8,1,1,,,,
20200802WOSS0,20200802,SS,WO,0,B,41,39,2,2,10,1,0,1,1,0,0,0,2,1,0,4,0,1,,,,
20200803HHLG0,20200803,LG,HH,0,B,0,0,0,0,0,0,0,0,0,0,0,0,0,0,0,0,0,0,,,,
20200803HHLG0,20200803,HH,LG,0,T,0,0,0,0,0,0,0,0,0,0,0,0,0,0,0,0,0,0,,,,
20200803SKKT0,20200803,KT,SK,0,B,0,0,0,0,0,0,0,0,0,0,0,0,0,0,0,0,0,0,,,,
20200803SKKT0,20200803,SK,KT,0,T,0,0,0,0,0,0,0,0,0,0,0,0,0,0,0,0,0,0,,,,
20200804KTWO0,20200804,KT,WO,0,T,38,32,3,4,11,1,0,0,1,1,1,0,4,0,0,7,0,0,,,,
20200804KTWO0,20200804,WO,KT,0,B,38,34,2,2,10,0,0,1,0,0,0,0,3,0,0,9,0,1,,,,
20200804LGHT0,20200804,LG,HT,0,T,47,41,15,15,16,1,2,3,0,0,0,0,5,0,0,10,0,1,,,,
20200804LGHT0,20200804,HT,LG,0,B,40,36,5,5,8,1,0,1,0,0,0,0,4,0,1,9,0,0,,,,
20200804LTSK0,20200804,LT,SK,0,T,46,41,8,8,15,3,0,1,0,0,0,0,4,0,0,6,0,0,,,,
20200804LTSK0,20200804,SK,LT,0,B,33,31,0,0,6,1,0,0,0,0,0,0,2,0,1,2,0,0,,,,
20200804NCHH0,20200804,NC,HH,0,T,0,0,0,0,0,0,0,0,0,0,0,0,0,0,0,0,0,0,,,,
20200804NCHH0,20200804,HH,NC,0,B,0,0,0,0,0,0,0,0,0,0,0,0,0,0,0,0,0,0,,,,
20200804SSOB0,20200804,SS,OB,0,T,41,34,5,6,7,2,0,1,1,0,0,0,5,0,0,4,0,1,,,,
20200804SSOB0,20200804,OB,SS,0,B,37,36,3,3,9,1,0,1,0,0,0,0,1,1,1,10,0,0,,,,
20200805KTWO0,20200805,KT,WO,0,T,36,34,3,3,10,1,0,1,0,2,0,0,1,0,0,7,0,2,,,,
20200805KTWO0,20200805,WO,KT,0,B,46,40,12,12,15,2,0,1,0,0,0,0,5,0,2,3,0,2,,,,
20200805LGHT0,20200805,LG,HT,0,T,41,35,6,6,11,3,0,2,0,1,1,0,5,0,0,11,2,0,,,,
20200805LGHT0,20200805,HT,LG,0,B,38,35,4,4,9,1,0,0,1,0,1,0,2,0,0,10,0,0,,,,
20200805LTSK0,20200805,LT,SK,0,T,0,0,0,0,0,0,0,0,0,0,0,0,0,0,0,0,0,0,,,,
20200805LTSK0,20200805,SK,LT,0,B,0,0,0,0,0,0,0,0,0,0,0,0,0,0,0,0,0,0,,,,
20200805NCHH0,20200805,HH,NC,0,B,43,33,6,8,12,2,0,1,0,0,1,2,5,1,4,4,1,0,,,,
20200805NCHH0,20200805,NC,HH,0,T,43,30,5,5,6,0,1,0,0,0,0,1,8,0,0,5,0,1,,,,
20200805SSOB0,20200805,SS,OB,0,T,40,34,2,2,12,2,0,0,1,1,1,0,2,0,0,4,0,1,,,,
20200805SSOB0,20200805,OB,SS,0,B,32,28,2,2,4,0,0,0,1,1,0,0,3,2,1,4,0,1,,,,
20200806KTWO0,20200806,KT,WO,0,T,34,32,2,2,4,1,0,1,1,0,0,0,2,0,0,4,0,0,,,,
20200806KTWO0,20200806,WO,KT,0,B,35,28,3,3,7,2,0,1,1,0,0,1,4,1,0,9,0,1,,,,
20200806LGHT0,20200806,HT,LG,0,B,42,35,13,13,12,3,0,4,0,0,0,0,6,0,1,7,1,0,,,,
20200806LGHT0,20200806,LG,HT,0,T,30,28,1,1,4,0,0,0,0,0,0,1,1,0,0,8,0,0,,,,
20200806LTSK0,20200806,SK,LT,0,B,35,33,2,2,8,1,0,1,0,0,0,1,1,0,1,6,1,1,,,,
20200806LTSK0,20200806,LT,SK,0,T,39,33,8,8,6,0,0,2,0,0,0,0,4,0,0,8,0,0,,,,
20200806NCHH0,20200806,NC,HH,0,T,39,32,4,4,8,1,0,2,0,2,0,0,7,0,0,6,0,0,,,,
20200806NCHH0,20200806,HH,NC,0,B,34,29,1,1,5,0,0,0,0,1,1,0,4,0,0,4,1,0,,,,
20200806SSOB0,20200806,OB,SS,0,B,36,31,5,5,7,1,1,0,0,0,0,0,4,0,0,7,0,0,,,,
20200806SSOB0,20200806,SS,OB,0,T,40,38,2,2,11,0,0,0,3,0,0,0,2,0,0,7,0,1,,,,
20200807KTHH0,20200807,KT,HH,0,T,0,0,0,0,0,0,0,0,0,0,0,0,0,0,0,0,0,0,,,,
20200807KTHH0,20200807,HH,KT,0,B,0,0,0,0,0,0,0,0,0,0,0,0,0,0,0,0,0,0,,,,
20200807LGWO0,20200807,WO,LG,0,B,38,32,2,2,6,2,0,0,0,0,0,1,4,0,1,10,0,3,,,,
20200807LGWO0,20200807,LG,WO,0,T,39,36,5,5,10,0,1,1,0,0,0,1,2,0,0,8,0,0,,,,
20200807LTOB0,20200807,LT,OB,0,T,49,39,7,8,12,2,0,2,0,0,0,1,7,0,0,2,1,0,,,,
20200807LTOB0,20200807,OB,LT,0,B,38,35,4,4,11,1,0,0,2,0,0,2,1,0,1,6,1,2,,,,
20200807NCHT0,20200807,NC,HT,0,T,0,0,0,0,0,0,0,0,0,0,0,0,0,0,0,0,0,0,,,,
20200807NCHT0,20200807,HT,NC,0,B,0,0,0,0,0,0,0,0,0,0,0,0,0,0,0,0,0,0,,,,
20200807SSSK0,20200807,SS,SK,0,T,36,29,2,2,6,1,0,1,2,2,0,0,4,0,0,7,0,1,,,,
20200807SSSK0,20200807,SK,SS,0,B,34,32,0,0,4,1,0,0,0,0,0,0,2,0,2,7,0,1,,,,
20200808KTHH0,20200808,HH,KT,0,B,0,0,0,0,0,0,0,0,0,0,0,0,0,0,0,0,0,0,,,,
20200808KTHH0,20200808,KT,HH,0,T,0,0,0,0,0,0,0,0,0,0,0,0,0,0,0,0,0,0,,,,
20200808LGWO0,20200808,LG,WO,0,T,35,32,1,1,8,2,0,1,0,0,0,0,3,0,0,7,0,0,,,,
20200808LGWO0,20200808,WO,LG,0,B,35,32,5,5,9,1,0,1,1,0,0,0,3,0,0,4,0,0,,,,
20200808LTOB0,20200808,OB,LT,0,B,16,16,1,1,3,0,0,1,0,0,0,0,0,0,0,6,2,0,,,,
20200808LTOB0,20200808,LT,OB,0,T,24,22,1,1,6,1,0,0,0,0,0,1,1,0,0,0,0,0,,,,
20200808NCHT0,20200808,NC,HT,0,T,40,31,2,2,6,1,2,0,0,1,0,0,7,0,0,9,0,0,,,,
20200808NCHT0,20200808,HT,NC,0,B,28,28,3,3,4,1,0,1,0,0,0,0,0,0,2,6,0,0,,,,
20200808SSSK0,20200808,SK,SS,0,B,22,19,2,4,3,2,1,0,0,0,0,0,2,0,1,1,0,0,,,,
20200808SSSK0,20200808,SS,SK,0,T,19,17,2,2,5,1,0,1,0,1,0,1,1,0,0,0,0,1,,,,
20200809KTHH0,20200809,KT,HH,0,T,42,37,6,6,12,5,0,1,0,0,0,0,5,0,0,12,0,1,,,,
20200809KTHH0,20200809,HH,KT,0,B,38,34,2,3,8,1,0,1,0,0,0,1,3,0,0,9,0,0,,,,
20200809LGWO0,20200809,LG,WO,0,T,31,30,1,1,4,2,0,1,0,0,0,0,1,0,0,6,0,3,,,,
20200809LGWO0,20200809,WO,LG,0,B,34,28,1,2,7,0,0,0,2,0,0,0,3,0,1,8,1,0,,,,
20200809LTOB0,20200809,OB,LT,0,B,0,0,0,0,0,0,0,0,0,0,0,0,0,0,0,0,0,0,,,,
20200809LTOB0,20200809,LT,OB,0,T,0,0,0,0,0,0,0,0,0,0,0,0,0,0,0,0,0,0,,,,
20200809NCHT0,20200809,NC,HT,0,T,45,39,7,8,14,2,1,1,0,0,0,0,5,0,0,7,0,1,,,,
20200809NCHT0,20200809,HT,NC,0,B,41,32,1,1,4,0,0,0,0,0,0,0,9,0,1,8,0,0,,,,
20200809SSSK0,20200809,SK,SS,0,B,0,0,0,0,0,0,0,0,0,0,0,0,0,0,0,0,0,0,,,,
20200809SSSK0,20200809,SS,SK,0,T,0,0,0,0,0,0,0,0,0,0,0,0,0,0,0,0,0,0,,,,
20200810KTHH0,20200810,HH,KT,0,B,0,0,0,0,0,0,0,0,0,0,0,0,0,0,0,0,0,0,,,,
20200810KTHH0,20200810,KT,HH,0,T,0,0,0,0,0,0,0,0,0,0,0,0,0,0,0,0,0,0,,,,
20200810LTOB0,20200810,LT,OB,0,T,0,0,0,0,0,0,0,0,0,0,0,0,0,0,0,0,0,0,,,,
20200810LTOB0,20200810,OB,LT,0,B,0,0,0,0,0,0,0,0,0,0,0,0,0,0,0,0,0,0,,,,
20200810SSSK0,20200810,SK,SS,0,B,0,0,0,0,0,0,0,0,0,0,0,0,0,0,0,0,0,0,,,,
20200810SSSK0,20200810,SS,SK,0,T,0,0,0,0,0,0,0,0,0,0,0,0,0,0,0,0,0,0,,,,
20200811HHWO0,20200811,WO,HH,0,B,56,45,5,5,12,1,0,1,2,0,2,1,6,0,2,10,0,2,,,,
20200811HHWO0,20200811,HH,WO,0,T,55,44,7,7,10,0,0,1,0,1,1,1,4,0,0,13,0,1,,,,
20200811HTLG0,20200811,HT,LG,0,T,43,35,8,8,11,3,0,0,0,0,1,0,6,0,0,11,1,0,,,,
20200811HTLG0,20200811,LG,HT,0,B,37,36,4,4,9,2,0,1,0,0,0,0,1,0,1,3,0,1,,,,
20200811NCLT0,20200811,NC,LT,0,T,0,0,0,0,0,0,0,0,0,0,0,0,0,0,0,0,0,0,,,,
20200811NCLT0,20200811,LT,NC,0,B,0,0,0,0,0,0,0,0,0,0,0,0,0,0,0,0,0,0,,,,
20200811OBSS0,20200811,OB,SS,0,T,39,33,6,6,9,1,0,1,0,0,0,0,6,0,0,5,1,0,,,,
20200811OBSS0,20200811,SS,OB,0,B,36,34,1,1,8,0,0,1,0,0,0,0,2,0,0,4,1,0,,,,
20200811SKKT0,20200811,SK,KT,0,T,34,30,0,1,4,0,0,0,0,0,0,0,4,0,0,8,0,0,,,,
20200811SKKT0,20200811,KT,SK,0,B,38,31,6,6,11,2,0,1,0,1,0,1,6,0,0,8,1,2,,,,
20200812HHWO0,20200812,HH,WO,0,T,38,34,2,2,4,1,0,1,0,0,0,0,2,0,0,3,0,0,,,,
20200812HHWO0,20200812,WO,HH,0,B,39,30,3,3,9,2,0,0,1,2,1,1,6,0,3,8,1,0,,,,
20200812HTLG0,20200812,LG,HT,0,B,37,34,8,8,12,5,0,0,1,0,0,0,3,0,1,14,1,0,,,,
20200812HTLG0,20200812,HT,LG,0,T,35,29,0,0,2,0,0,0,0,0,0,0,5,0,0,9,0,0,,,,
20200812NCLT0,20200812,LT,NC,0,B,41,33,8,8,13,3,0,1,0,1,1,0,4,0,2,8,1,0,,,,
20200812NCLT0,20200812,NC,LT,0,T,41,35,4,4,9,1,0,0,0,0,1,0,5,0,0,4,0,0,,,,
20200812OBSS0,20200812,OB,SS,0,T,50,45,14,15,24,2,0,2,0,0,0,2,3,0,0,6,1,1,,,,
20200812OBSS0,20200812,SS,OB,0,B,43,42,7,8,16,4,0,2,0,1,0,0,1,0,0,2,0,2,,,,
20200812SKKT0,20200812,KT,SK,0,B,30,27,1,2,2,1,0,0,0,0,0,0,2,0,2,5,1,1,,,,
20200812SKKT0,20200812,SK,KT,0,T,46,36,11,11,12,3,0,1,1,0,0,0,9,0,0,3,1,1,,,,
20200813HHWO0,20200813,WO,HH,0,B,36,31,6,6,11,1,1,1,1,0,2,0,3,0,2,10,0,0,,,,
20200813HHWO0,20200813,HH,WO,0,T,39,32,3,3,9,0,0,0,0,0,1,0,4,0,0,4,0,1,,,,
20200813HTLG0,20200813,HT,LG,0,T,33,32,1,2,5,1,0,1,1,0,0,0,1,0,0,6,0,1,,,,
20200813HTLG0,20200813,LG,HT,0,B,35,29,4,4,8,1,0,2,0,1,1,0,4,0,1,8,0,1,,,,
20200813NCLT0,20200813,LT,NC,0,B,33,33,2,2,7,1,0,0,0,0,0,0,0,0,1,7,0,0,,,,
20200813NCLT0,20200813,NC,LT,0,T,43,39,8,9,14,1,0,1,0,0,0,0,3,0,0,6,0,1,,,,
20200813OBSS0,20200813,SS,OB,0,B,38,33,3,3,9,1,0,2,1,0,0,0,4,0,1,11,0,1,,,,
20200813OBSS0,20200813,OB,SS,0,T,39,28,2,2,4,0,0,1,1,1,0,1,9,0,0,5,0,0,,,,
20200813SKKT0,20200813,KT,SK,0,B,48,36,5,6,10,2,0,1,1,0,0,1,11,0,0,5,0,1,,,,
20200813SKKT0,20200813,SK,KT,0,T,47,41,10,10,16,1,0,1,0,0,0,2,4,0,0,17,0,0,,,,
20200814KTOB0,20200814,OB,KT,0,B,53,45,3,3,10,0,0,2,2,0,0,0,5,1,0,7,0,0,,,,
20200814KTOB0,20200814,KT,OB,0,T,49,47,4,5,12,2,0,0,2,0,0,0,0,0,0,9,0,0,,,,
20200814LGNC0,20200814,NC,LG,0,B,40,36,4,4,8,3,0,0,1,0,0,0,3,0,1,6,0,0,,,,
20200814LGNC0,20200814,LG,NC,0,T,49,43,10,10,18,2,1,4,0,0,0,0,5,0,0,13,0,1,,,,
20200814SKHT0,20200814,HT,SK,0,B,40,31,6,7,7,2,0,1,0,0,0,0,8,0,2,6,0,1,,,,
20200814SKHT0,20200814,SK,HT,0,T,43,31,6,6,12,1,0,0,1,2,2,1,8,0,0,3,0,1,,,,
20200814SSHH0,20200814,SS,HH,0,T,44,41,10,10,15,4,0,1,2,0,0,0,3,0,0,8,0,0,,,,
20200814SSHH0,20200814,HH,SS,0,B,33,30,1,1,4,1,0,0,0,0,0,0,2,0,1,6,1,0,,,,
20200814WOLT0,20200814,WO,LT,0,T,35,32,1,1,5,2,0,0,0,0,0,0,3,0,0,6,0,0,,,,
20200814WOLT0,20200814,LT,WO,0,B,38,31,5,5,11,2,0,0,0,1,0,1,4,1,0,7,0,0,,,,
20200815KTOB0,20200815,OB,KT,0,B,41,38,7,7,13,2,0,1,3,0,0,0,3,0,1,8,1,0,,,,
20200815KTOB0,20200815,KT,OB,0,T,41,34,4,5,7,2,1,1,1,0,0,0,6,0,0,3,0,1,,,,
20200815LGNC0,20200815,NC,LG,0,B,38,34,4,4,10,0,0,2,0,0,0,1,2,0,2,9,0,0,,,,
20200815LGNC0,20200815,LG,NC,0,T,45,40,11,13,15,4,0,2,0,0,0,1,3,0,0,13,0,0,,,,
20200815SKHT0,20200815,HT,SK,0,B,44,41,10,10,17,2,1,1,0,0,0,0,3,0,0,1,0,0,,,,
20200815SKHT0,20200815,SK,HT,0,T,36,33,3,3,9,2,0,0,0,1,0,0,3,0,0,5,2,0,,,,
20200815SSHH0,20200815,HH,SS,0,B,35,30,0,0,7,0,0,0,1,3,0,0,5,0,0,11,1,0,,,,
20200815SSHH0,20200815,SS,HH,0,T,34,29,2,2,3,0,0,1,0,0,0,0,4,0,0,7,0,1,,,,
20200815WOLT0,20200815,LT,WO,0,B,36,35,1,1,7,0,0,0,0,0,0,0,1,0,0,4,0,0,,,,
20200815WOLT0,20200815,WO,LT,0,T,36,34,3,3,9,4,0,0,0,0,0,0,2,0,0,6,0,1,,,,
20200816KTOB0,20200816,KT,OB,0,T,41,35,4,4,11,5,0,0,1,0,1,1,3,0,0,6,1,0,,,,
20200816KTOB0,20200816,OB,KT,0,B,35,28,1,1,3,1,0,0,1,0,0,0,6,0,1,5,1,0,,,,
20200816LGNC0,20200816,NC,LG,0,B,37,34,5,5,9,5,0,0,0,0,0,0,2,0,1,3,1,1,,,,
20200816LGNC0,20200816,LG,NC,0,T,41,32,6,6,7,0,0,2,0,1,1,0,8,0,0,6,0,0,,,,
20200816SKHT0,20200816,HT,SK,0,B,41,38,7,8,15,2,0,1,0,1,0,0,3,0,0,13,0,0,,,,
20200816SKHT0,20200816,SK,HT,0,T,41,34,5,5,7,2,0,0,0,0,0,0,7,0,0,10,0,0,,,,
20200816SSHH0,20200816,HH,SS,0,B,31,26,3,3,2,1,0,0,0,0,0,0,4,0,2,9,0,0,,,,
20200816SSHH0,20200816,SS,HH,0,T,34,32,2,2,5,1,0,2,1,0,0,0,1,0,0,4,0,1,,,,
20200816WOLT0,20200816,WO,LT,0,T,41,35,5,6,9,5,0,1,1,0,0,1,2,0,0,5,0,1,,,,
20200816WOLT0,20200816,LT,WO,0,B,36,30,3,3,6,1,0,0,3,0,0,1,4,0,4,4,1,0,,,,
20200818HHSK0,20200818,HH,SK,0,T,43,32,3,3,6,2,0,0,0,0,0,0,7,0,0,4,0,0,,,,
20200818HHSK0,20200818,SK,HH,0,B,40,31,8,9,8,2,0,2,0,0,1,1,5,0,6,16,0,0,,,,
20200818HTLG0,20200818,LG,HT,0,B,40,37,6,6,12,1,0,1,1,0,0,1,2,0,0,8,1,0,,,,
20200818HTLG0,20200818,HT,LG,0,T,46,40,5,5,11,2,0,0,0,0,0,0,5,0,0,13,0,1,,,,
20200818KTSS0,20200818,KT,SS,0,T,42,33,5,6,9,1,0,1,0,0,0,1,8,0,0,6,0,2,,,,
20200818KTSS0,20200818,SS,KT,0,B,37,32,2,3,6,3,0,0,0,0,0,1,3,0,1,7,0,0,,,,
20200818OBLT0,20200818,OB,LT,0,T,50,43,7,9,16,2,0,0,1,0,0,1,3,0,0,7,0,1,,,,
20200818OBLT0,20200818,LT,OB,0,B,36,34,2,2,6,0,1,1,0,0,0,0,2,0,2,10,0,2,,,,
20200818WONC0,20200818,NC,WO,0,B,32,27,5,5,7,3,0,1,0,1,1,1,2,0,2,6,1,0,,,,
20200818WONC0,20200818,WO,NC,0,T,35,34,1,1,7,0,0,0,1,0,0,0,0,0,0,4,0,0,,,,
20200819HHSK0,20200819,HH,SK,0,T,43,40,5,6,12,2,0,2,0,0,0,0,3,0,0,4,0,1,,,,
20200819HHSK0,20200819,SK,HH,0,B,57,46,26,26,22,4,0,6,0,1,0,0,10,0,1,8,0,2,,,,
20200819HTLG0,20200819,HT,LG,0,T,36,34,1,1,8,0,0,0,0,0,0,0,2,0,0,3,0,2,,,,
20200819HTLG0,20200819,LG,HT,0,B,45,34,9,10,12,2,2,1,1,0,0,1,9,0,1,9,1,0,,,,
20200819KTSS0,20200819,SS,KT,0,B,38,34,4,4,11,0,0,0,0,0,0,2,2,0,1,8,3,0,,,,
20200819KTSS0,20200819,KT,SS,0,T,37,31,6,6,6,1,0,1,0,0,0,1,4,0,0,7,1,1,,,,
20200819OBLT0,20200819,OB,LT,0,T,33,28,3,3,6,0,0,1,0,1,0,0,4,0,0,3,3,1,,,,
20200819OBLT0,20200819,LT,OB,0,B,35,31,6,7,10,3,0,0,4,0,1,1,1,0,1,6,0,1,,,,
20200819WONC0,20200819,NC,WO,0,B,40,36,4,4,7,1,0,1,0,0,0,0,4,0,2,5,0,1,,,,
20200819WONC0,20200819,WO,NC,0,T,40,35,6,6,8,3,0,1,1,0,0,0,3,0,0,7,0,3,,,,
20200820KTHH0,20200820,HH,KT,0,B,34,29,0,0,2,0,0,0,0,0,0,0,5,1,0,5,0,0,,,,
20200820KTHH0,20200820,KT,HH,0,T,36,31,3,3,6,0,0,1,3,0,0,0,3,0,0,9,0,0,,,,
20200820LGWO0,20200820,LG,WO,0,T,38,36,5,5,9,1,0,1,1,0,0,0,2,0,0,6,1,1,,,,
20200820LGWO0,20200820,WO,LG,0,B,39,31,6,6,8,2,0,0,2,0,0,1,6,0,1,9,0,0,,,,
20200820LTOB0,20200820,LT,OB,0,T,44,36,6,6,11,2,1,1,2,0,1,0,6,0,0,10,0,0,,,,
20200820LTOB0,20200820,OB,LT,0,B,43,40,5,5,14,4,0,0,0,0,0,0,3,1,0,7,1,0,,,,
20200820NCHT0,20200820,HT,NC,0,B,39,33,1,2,5,0,0,0,0,0,0,0,5,0,1,6,0,1,,,,
20200820NCHT0,20200820,NC,HT,0,T,51,45,13,14,21,3,0,1,3,0,1,1,3,0,0,10,0,1,,,,
20200820SSSK0,20200820,SK,SS,0,B,40,35,3,3,11,0,0,2,0,0,0,1,4,0,0,9,1,3,,,,
20200820SSSK0,20200820,SS,SK,0,T,42,35,7,8,9,2,0,0,2,0,0,0,6,0,0,6,0,0,,,,
20200821KTHH0,20200821,HH,KT,0,B,37,35,5,5,11,2,0,1,0,0,0,0,2,0,1,12,0,0,,,,
20200821KTHH0,20200821,KT,HH,0,T,35,30,1,1,4,0,0,1,0,0,0,0,4,0,0,6,1,1,,,,
20200821LGWO0,20200821,LG,WO,0,T,42,36,7,7,10,1,1,2,1,0,0,0,6,0,0,6,0,0,,,,
20200821LGWO0,20200821,WO,LG,0,B,36,33,3,3,6,0,0,1,1,0,0,0,2,0,1,6,0,0,,,,
20200821LTOB0,20200821,LT,OB,0,T,33,31,0,0,3,1,0,0,2,0,0,0,1,0,0,6,0,1,,,,
20200821LTOB0,20200821,OB,LT,0,B,36,31,1,1,5,0,0,0,0,0,1,0,3,2,0,8,0,2,,,,
20200821NCHT0,20200821,NC,HT,0,T,43,38,7,10,10,5,0,1,0,0,0,0,4,0,0,5,0,0,,,,
20200821NCHT0,20200821,HT,NC,0,B,38,34,4,4,9,0,0,2,1,1,1,0,2,0,1,10,0,1,,,,
20200821SSSK0,20200821,SK,SS,0,B,43,32,8,8,12,2,0,0,0,0,0,1,4,1,4,8,0,2,,,,
20200821SSSK0,20200821,SS,SK,0,T,47,37,6,6,11,1,1,2,0,0,0,1,8,0,0,2,1,0,,,,
20200822HHLG0,20200822,LG,HH,0,B,0,0,0,0,0,0,0,0,0,0,0,0,0,0,0,0,0,0,,,,
20200822HHLG0,20200822,HH,LG,0,T,0,0,0,0,0,0,0,0,0,0,0,0,0,0,0,0,0,0,,,,
20200822HTWO0,20200822,WO,HT,0,B,37,32,4,4,10,1,0,1,1,0,0,0,5,0,0,10,1,1,,,,
20200822HTWO0,20200822,HT,WO,0,T,37,34,3,3,7,0,0,0,2,0,0,0,3,0,0,6,0,1,,,,
20200822LTSS0,20200822,LT,SS,0,T,42,39,4,5,13,2,0,1,1,0,1,0,2,0,0,5,0,1,,,,
20200822LTSS0,20200822,SS,LT,0,B,38,35,3,3,10,1,0,0,1,0,0,1,2,0,0,5,1,1,,,,
20200822NCKT0,20200822,NC,KT,0,T,0,0,0,0,0,0,0,0,0,0,0,0,0,0,0,0,0,0,,,,
20200822NCKT0,20200822,KT,NC,0,B,0,0,0,0,0,0,0,0,0,0,0,0,0,0,0,0,0,0,,,,
20200822OBSK0,20200822,OB,SK,0,T,44,39,6,8,12,1,0,2,2,1,0,0,4,0,0,7,0,0,,,,
20200822OBSK0,20200822,SK,OB,0,B,41,36,1,1,9,2,0,1,0,0,0,0,5,0,1,9,0,1,,,,
20200823HHLG0,20200823,HH,LG,0,T,36,31,4,4,6,1,0,1,0,1,0,1,4,0,0,8,0,0,,,,
20200823HHLG0,20200823,LG,HH,0,B,37,30,3,3,6,1,0,0,0,0,0,0,5,1,1,6,0,1,,,,
20200823HTWO0,20200823,WO,HT,0,B,41,37,5,7,13,2,1,0,1,0,1,0,3,0,1,9,0,0,,,,
20200823HTWO0,20200823,HT,WO,0,T,41,36,8,8,11,0,0,3,0,0,0,1,2,0,0,9,0,0,,,,
20200823LTSS0,20200823,SS,LT,0,B,35,31,0,0,4,0,0,0,0,0,0,0,4,0,0,7,0,1,,,,
20200823LTSS0,20200823,LT,SS,0,T,43,37,10,11,10,2,0,3,1,1,0,0,6,0,0,7,0,0,,,,
20200823NCKT0,20200823,KT,NC,0,B,42,34,10,10,13,2,0,3,0,2,0,0,8,0,1,7,0,0,,,,
20200823NCKT0,20200823,NC,KT,0,T,40,35,1,1,9,2,0,0,0,0,0,0,4,0,0,6,0,0,,,,
20200823OBSK0,20200823,SK,OB,0,B,40,34,1,1,9,1,1,0,0,1,0,1,4,0,3,4,0,1,,,,
20200823OBSK0,20200823,OB,SK,0,T,45,35,8,8,9,0,0,3,3,0,1,0,7,0,0,7,0,0,,,,
20200824HHLG0,20200824,HH,LG,0,T,46,38,5,6,14,1,2,0,0,0,1,2,3,0,0,6,0,2,,,,
20200824HHLG0,20200824,LG,HH,0,B,37,32,3,3,5,1,0,0,1,0,0,0,4,0,1,7,0,1,,,,
20200824NCKT0,20200824,KT,NC,0,B,41,37,8,8,14,1,0,1,1,1,0,0,4,0,1,4,0,0,,,,
20200824NCKT0,20200824,NC,KT,0,T,37,34,1,1,8,0,0,0,1,0,0,0,2,0,0,9,0,0,,,,
20200825HHNC0,20200825,NC,HH,0,B,40,38,11,11,15,3,0,6,1,0,0,0,2,0,2,9,0,0,,,,
20200825HHNC0,20200825,HH,NC,0,T,43,37,3,3,11,1,1,0,0,0,0,0,4,0,0,7,0,0,,,,
20200825HTOB0,20200825,OB,HT,0,B,43,37,10,10,15,1,0,3,0,1,0,0,5,0,2,5,1,1,,,,
20200825HTOB0,20200825,HT,OB,0,T,45,34,8,8,9,2,0,1,2,0,0,0,9,0,0,2,1,0,,,,
20200825LGSS0,20200825,LG,SS,0,T,40,33,3,3,7,1,0,1,1,1,0,0,4,0,0,4,0,0,,,,
20200825LGSS0,20200825,SS,LG,0,B,31,31,4,4,7,1,0,2,0,0,0,0,0,0,3,8,0,1,,,,
20200825SKLT0,20200825,SK,LT,0,T,46,37,10,10,11,3,0,2,1,0,0,0,7,0,0,6,0,2,,,,
20200825SKLT0,20200825,LT,SK,0,B,43,38,8,8,11,1,0,1,0,0,0,1,4,0,2,3,0,1,,,,
20200825WOKT0,20200825,WO,KT,0,T,44,36,3,4,10,0,0,0,0,0,0,0,5,0,0,7,0,0,,,,
20200825WOKT0,20200825,KT,WO,0,B,33,32,1,1,5,2,0,0,0,0,0,0,1,1,1,6,0,2,,,,
20200826HHNC0,20200826,NC,HH,0,B,40,36,9,9,11,2,0,2,1,0,0,0,3,0,4,8,1,2,,,,
20200826HHNC0,20200826,HH,NC,0,T,39,34,5,5,7,1,0,1,0,0,0,0,2,0,0,6,1,2,,,,
20200826HTOB0,20200826,OB,HT,0,B,43,35,5,5,11,1,0,1,0,0,0,2,6,0,0,5,0,0,,,,
20200826HTOB0,20200826,HT,OB,0,T,46,41,7,7,15,1,0,1,0,0,0,0,4,0,0,8,0,0,,,,
20200826LGSS0,20200826,SS,LG,0,B,37,35,5,5,9,0,0,1,0,0,0,0,1,0,1,7,1,0,,,,
20200826LGSS0,20200826,LG,SS,0,T,39,36,8,8,10,1,0,4,0,0,0,0,3,0,0,6,0,1,,,,
20200826SKLT0,20200826,LT,SK,0,B,37,28,3,3,4,0,0,0,0,0,0,0,8,0,1,7,0,0,,,,
20200826SKLT0,20200826,SK,LT,0,T,31,29,1,1,4,0,0,1,1,0,0,0,2,0,0,4,1,0,,,,
20200826WOKT0,20200826,KT,WO,0,B,44,36,5,6,10,2,0,1,0,0,0,0,6,0,0,6,1,0,,,,
20200826WOKT0,20200826,WO,KT,0,T,40,36,5,5,8,0,1,2,1,0,1,0,3,0,0,6,1,0,,,,
20200827HTSK0,20200827,SK,HT,0,B,42,36,10,10,14,4,0,2,1,0,1,1,2,0,2,12,0,0,,,,
20200827HTSK0,20200827,HT,SK,0,T,37,33,3,4,8,2,0,0,0,1,1,0,2,0,0,6,0,0,,,,
20200827KTLG0,20200827,LG,KT,0,B,31,29,1,2,6,0,1,0,1,1,0,0,2,0,2,5,0,0,,,,
20200827KTLG0,20200827,KT,LG,0,T,35,29,0,0,2,1,0,0,0,0,0,0,4,0,0,7,0,1,,,,
20200827OBNC0,20200827,NC,OB,0,B,40,35,7,8,13,2,1,1,0,0,0,0,4,0,1,4,1,0,,,,
20200827OBNC0,20200827,OB,NC,0,T,39,37,2,2,13,6,0,0,0,1,0,0,2,0,0,9,1,1,,,,
20200827SSHH0,20200827,SS,HH,0,T,33,32,0,0,8,0,0,0,1,1,0,0,0,0,0,3,1,0,,,,
20200827SSHH0,20200827,HH,SS,0,B,38,33,7,7,11,1,1,0,0,0,1,0,4,0,1,6,1,1,,,,
20200827WOLT0,20200827,LT,WO,0,B,43,36,5,6,12,2,0,0,0,0,0,1,5,0,2,2,1,2,,,,
20200827WOLT0,20200827,WO,LT,0,T,45,40,11,11,15,5,0,3,2,0,1,0,3,0,0,5,1,0,,,,
20200828HTSK0,20200828,SK,HT,0,B,44,33,7,8,11,2,2,1,0,1,0,0,5,0,2,8,1,1,,,,
20200828HTSK0,20200828,HT,SK,0,T,45,39,11,11,13,0,0,4,0,0,2,0,3,0,0,10,0,0,,,,
20200828KTLG0,20200828,KT,LG,0,T,40,36,5,5,5,1,0,2,1,1,0,0,1,0,0,6,1,0,,,,
20200828KTLG0,20200828,LG,KT,0,B,47,40,5,6,12,3,0,0,0,0,0,0,1,1,1,13,0,0,,,,
20200828OBNC0,20200828,NC,OB,0,B,39,35,3,4,10,1,1,1,0,0,0,0,4,0,2,4,0,1,,,,
20200828OBNC0,20200828,OB,NC,0,T,52,46,11,11,18,1,0,4,0,0,0,0,4,0,0,4,0,0,,,,
20200828SSHH0,20200828,HH,SS,0,B,0,0,0,0,0,0,0,0,0,0,0,0,0,0,0,0,0,0,,,,
20200828SSHH0,20200828,SS,HH,0,T,0,0,0,0,0,0,0,0,0,0,0,0,0,0,0,0,0,0,,,,
20200828WOLT0,20200828,WO,LT,0,T,44,36,7,8,11,3,0,2,2,1,0,1,6,0,0,3,0,0,,,,
20200828WOLT0,20200828,LT,WO,0,B,40,37,4,4,12,2,0,2,2,0,0,0,2,1,1,7,1,1,,,,
20200829HHLT0,20200829,HH,LT,0,T,40,38,6,7,11,0,1,2,0,0,0,0,2,0,0,5,0,0,,,,
20200829HHLT0,20200829,LT,HH,0,B,40,33,9,9,11,3,0,4,1,0,0,1,4,0,0,13,0,1,,,,
20200829KTHT0,20200829,KT,HT,0,T,0,0,0,0,0,0,0,0,0,0,0,0,0,0,0,0,0,0,,,,
20200829KTHT0,20200829,HT,KT,0,B,0,0,0,0,0,0,0,0,0,0,0,0,0,0,0,0,0,0,,,,
20200829OBLG0,20200829,OB,LG,0,T,38,35,5,5,11,3,0,1,2,1,0,0,3,0,0,13,0,0,,,,
20200829OBLG0,20200829,LG,OB,0,B,38,37,5,5,10,2,0,2,0,0,0,0,1,0,0,3,0,0,,,,
20200829SKNC0,20200829,SK,NC,0,T,37,35,5,5,9,0,0,2,0,0,0,0,2,0,0,4,0,2,,,,
20200829SKNC0,20200829,NC,SK,0,B,39,35,8,9,14,3,0,2,1,3,0,0,2,1,1,5,0,0,,,,
20200829SSWO0,20200829,WO,SS,0,B,35,30,4,4,8,2,0,0,0,0,0,1,3,0,0,10,1,1,,,,
20200829SSWO0,20200829,SS,WO,0,T,40,37,5,5,10,2,0,0,1,0,0,0,2,0,0,3,0,0,,,,
20200830HHLT0,20200830,LT,HH,0,B,37,34,5,6,10,3,0,0,2,0,0,0,3,0,0,6,0,1,,,,
20200830HHLT0,20200830,HH,LT,0,T,35,33,2,2,6,1,0,0,1,0,0,0,2,0,0,6,0,1,,,,
20200830KTHT1,20200830,KT,HT,1,T,46,34,8,8,7,2,0,1,0,1,0,0,11,0,0,8,0,1,,,,
20200830KTHT1,20200830,HT,KT,1,B,40,33,5,5,10,1,0,0,0,0,0,1,3,0,1,7,1,2,,,,
20200830KTHT2,20200830,KT,HT,2,T,41,37,4,5,10,1,1,1,1,0,0,1,3,0,0,1,0,1,,,,
20200830KTHT2,20200830,HT,KT,2,B,38,34,7,7,10,2,0,1,1,0,0,0,4,0,0,10,0,1,,,,
20200830OBLG0,20200830,OB,LG,0,T,32,31,1,1,7,1,0,0,0,1,0,0,0,0,0,6,1,1,,,,
20200830OBLG0,20200830,LG,OB,0,B,37,30,4,4,8,2,0,1,2,0,1,0,5,1,1,5,0,0,,,,
20200830SKNC0,20200830,SK,NC,0,T,37,33,4,4,7,1,0,3,0,0,0,0,3,0,0,5,0,1,,,,
20200830SKNC0,20200830,NC,SK,0,B,38,28,6,7,7,2,1,0,0,0,1,1,6,1,1,7,0,0,,,,
20200830SSWO0,20200830,WO,SS,0,B,37,34,3,3,11,1,1,0,3,1,0,0,3,0,0,5,1,0,,,,
20200830SSWO0,20200830,SS,WO,0,T,37,34,2,2,10,0,0,0,2,0,1,1,1,0,0,4,0,1,,,,
20200901HHOB0,20200901,HH,OB,0,T,29,29,0,0,3,0,0,0,0,0,0,0,0,0,0,5,1,0,,,,
20200901HHOB0,20200901,OB,HH,0,B,36,33,4,4,10,2,0,0,1,0,0,1,2,0,0,9,1,0,,,,
20200901LGSK0,20200901,LG,SK,0,T,49,38,12,13,11,3,0,3,0,0,0,1,7,0,0,8,0,0,,,,
20200901LGSK0,20200901,SK,LG,0,B,42,35,5,5,10,0,0,0,1,0,0,1,5,2,1,10,1,1,,,,
20200901LTKT0,20200901,LT,KT,0,T,35,29,2,2,6,1,0,0,0,1,0,0,6,0,0,7,0,0,,,,
20200901LTKT0,20200901,KT,LT,0,B,41,37,10,11,14,2,0,2,2,0,0,0,3,0,0,3,1,0,,,,
20200901NCWO0,20200901,NC,WO,0,T,38,32,5,5,10,2,0,1,0,1,0,2,4,0,0,7,0,0,,,,
20200901NCWO0,20200901,WO,NC,0,B,35,33,2,2,6,2,0,0,0,0,0,0,2,0,0,10,0,1,,,,
20200901SSHT0,20200901,SS,HT,0,T,31,30,0,0,4,0,0,0,0,0,0,0,1,0,0,9,2,0,,,,
20200901SSHT0,20200901,HT,SS,0,B,40,31,6,6,9,2,0,1,0,1,0,0,9,0,0,5,0,1,,,,
20200902HHOB0,20200902,HH,OB,0,T,0,0,0,0,0,0,0,0,0,0,0,0,0,0,0,0,0,0,,,,
20200902HHOB0,20200902,OB,HH,0,B,0,0,0,0,0,0,0,0,0,0,0,0,0,0,0,0,0,0,,,,
20200902LGSK0,20200902,SK,LG,0,B,0,0,0,0,0,0,0,0,0,0,0,0,0,0,0,0,0,0,,,,
20200902LGSK0,20200902,LG,SK,0,T,0,0,0,0,0,0,0,0,0,0,0,0,0,0,0,0,0,0,,,,
20200902LTKT0,20200902,KT,LT,0,B,0,0,0,0,0,0,0,0,0,0,0,0,0,0,0,0,0,0,,,,
20200902LTKT0,20200902,LT,KT,0,T,0,0,0,0,0,0,0,0,0,0,0,0,0,0,0,0,0,0,,,,
20200902NCWO0,20200902,NC,WO,0,T,38,34,4,4,9,4,0,1,0,0,0,0,2,0,0,7,0,0,,,,
20200902NCWO0,20200902,WO,NC,0,B,41,31,6,6,7,2,0,0,1,0,0,0,7,0,5,5,0,0,,,,
20200902SSHT0,20200902,SS,HT,0,T,0,0,0,0,0,0,0,0,0,0,0,0,0,0,0,0,0,0,,,,
20200902SSHT0,20200902,HT,SS,0,B,0,0,0,0,0,0,0,0,0,0,0,0,0,0,0,0,0,0,,,,
20200903HTLT0,20200903,LT,HT,0,B,33,30,3,3,5,2,0,0,1,1,0,0,2,0,1,7,0,0,,,,
20200903HTLT0,20200903,HT,LT,0,T,38,36,4,4,10,1,0,2,0,0,1,0,1,0,0,6,0,0,,,,
20200903NCLG0,20200903,NC,LG,0,T,43,40,4,5,16,2,0,0,3,0,0,0,2,0,0,8,1,2,,,,
20200903NCLG0,20200903,LG,NC,0,B,35,32,6,6,9,1,0,1,0,1,1,0,2,0,1,11,1,2,,,,
20200903OBSS0,20200903,OB,SS,0,T,41,38,8,10,10,3,1,3,1,0,0,0,3,0,0,6,1,3,,,,
20200903OBSS0,20200903,SS,OB,0,B,41,35,11,11,16,5,1,1,1,1,1,1,4,0,0,4,2,2,,,,
20200903SKKT0,20200903,KT,SK,0,B,38,34,6,6,12,3,0,0,1,1,0,0,4,0,0,2,1,0,,,,
20200903SKKT0,20200903,SK,KT,0,T,37,32,2,2,8,1,0,0,1,0,0,0,5,0,0,6,0,0,,,,
20200903WOHH0,20200903,WO,HH,0,T,40,34,6,6,9,0,0,1,2,1,0,1,5,0,0,8,0,1,,,,
20200903WOHH0,20200903,HH,WO,0,B,44,38,3,5,11,2,0,1,0,1,0,0,4,0,2,8,0,0,,,,
20200904HTLT1,20200904,HT,LT,1,T,40,34,5,6,8,3,0,1,0,0,1,0,3,0,0,10,1,0,,,,
20200904HTLT1,20200904,LT,HT,1,B,36,29,3,3,5,0,0,0,0,0,0,1,5,0,2,7,1,1,,,,
20200904HTLT2,20200904,HT,LT,2,T,40,37,7,7,10,2,0,1,1,0,0,0,3,0,0,4,0,0,,,,
20200904HTLT2,20200904,LT,HT,2,B,38,34,7,9,14,0,0,2,1,0,0,1,2,0,1,11,3,0,,,,
20200904NCLG0,20200904,NC,LG,0,T,55,46,5,5,13,1,0,0,3,1,0,1,2,0,0,14,0,1,,,,
20200904NCLG0,20200904,LG,NC,0,B,57,46,5,5,13,1,1,0,2,0,2,0,6,1,3,15,0,1,,,,
20200904OBSS0,20200904,SS,OB,0,B,48,37,12,12,16,3,0,2,1,0,0,2,9,0,0,12,2,0,,,,
20200904OBSS0,20200904,OB,SS,0,T,38,32,4,5,8,1,0,0,0,0,0,1,5,0,0,3,1,1,,,,
20200904SKKT1,20200904,SK,KT,1,T,35,32,2,2,5,0,0,1,0,0,0,0,2,0,0,7,0,1,,,,
20200904SKKT1,20200904,KT,SK,1,B,38,35,9,10,13,3,0,3,2,2,0,0,3,0,1,6,0,0,,,,
20200904SKKT2,20200904,SK,KT,2,T,36,34,5,5,10,2,0,2,0,1,0,1,0,0,0,3,0,0,,,,
20200904SKKT2,20200904,KT,SK,2,B,43,33,7,7,9,2,0,2,0,0,0,1,9,0,0,6,0,0,,,,
20200904WOHH0,20200904,WO,HH,0,T,36,32,1,1,6,1,0,0,2,0,0,0,4,0,0,7,0,1,,,,
20200904WOHH0,20200904,HH,WO,0,B,40,30,7,7,10,1,0,0,0,1,2,0,7,0,0,8,0,0,,,,
20200905HTHH0,20200905,HT,HH,0,T,44,36,5,5,13,4,0,0,0,1,0,0,6,0,0,11,0,1,,,,
20200905HTHH0,20200905,HH,HT,0,B,37,33,4,4,8,2,0,1,0,0,0,1,3,0,0,5,1,0,,,,
20200905KTWO0,20200905,KT,WO,0,T,44,37,8,8,11,1,0,2,0,0,0,0,5,0,0,7,0,0,,,,
20200905KTWO0,20200905,WO,KT,0,B,32,32,1,1,5,1,0,0,0,0,0,0,0,0,1,8,0,1,,,,
20200905LGLT0,20200905,LT,LG,0,B,0,0,0,0,0,0,0,0,0,0,0,0,0,0,0,0,0,0,,,,
20200905LGLT0,20200905,LG,LT,0,T,0,0,0,0,0,0,0,0,0,0,0,0,0,0,0,0,0,0,,,,
20200905NCSS0,20200905,SS,NC,0,B,0,0,0,0,0,0,0,0,0,0,0,0,0,0,0,0,0,0,,,,
20200905NCSS0,20200905,NC,SS,0,T,0,0,0,0,0,0,0,0,0,0,0,0,0,0,0,0,0,0,,,,
20200905SKOB0,20200905,SK,OB,0,T,32,30,1,1,5,0,0,1,0,0,0,0,1,0,0,5,0,0,,,,
20200905SKOB0,20200905,OB,SK,0,B,38,29,5,5,6,1,0,0,0,1,0,0,9,0,1,7,0,0,,,,
20200906HTHH0,20200906,HT,HH,0,T,41,35,8,8,10,5,0,1,0,1,1,1,3,0,0,13,0,0,,,,
20200906HTHH0,20200906,HH,HT,0,B,36,36,4,4,10,1,0,2,0,0,0,0,0,0,1,9,0,1,,,,
20200906KTWO0,20200906,WO,KT,0,B,38,34,7,7,9,2,0,2,0,1,0,0,3,1,2,6,0,1,,,,
20200906KTWO0,20200906,KT,WO,0,T,45,38,7,8,12,2,0,0,0,0,0,1,3,0,0,10,1,0,,,,
20200906LGLT0,20200906,LG,LT,0,T,44,42,6,7,14,4,0,2,0,0,0,0,0,0,0,4,0,1,,,,
20200906LGLT0,20200906,LT,LG,0,B,33,29,1,1,3,1,0,0,0,0,0,0,4,1,0,8,0,1,,,,
20200906NCSS1,20200906,SS,NC,1,B,37,34,5,5,10,0,0,3,0,0,0,0,3,0,0,10,0,0,,,,
20200906NCSS1,20200906,NC,SS,1,T,33,31,3,3,5,0,0,1,0,0,0,0,2,0,0,5,0,0,,,,
20200906NCSS2,20200906,SS,NC,2,B,0,0,0,0,0,0,0,0,0,0,0,0,0,0,0,0,0,0,,,,
20200906NCSS2,20200906,NC,SS,2,T,0,0,0,0,0,0,0,0,0,0,0,0,0,0,0,0,0,0,,,,
20200906SKOB0,20200906,SK,OB,0,T,33,31,0,0,3,0,0,0,0,0,0,0,2,0,0,3,0,1,,,,
20200906SKOB0,20200906,OB,SK,0,B,43,38,10,10,14,2,0,2,0,0,0,0,5,0,0,7,0,1,,,,
20200907LGLT0,20200907,LG,LT,0,T,43,40,5,6,16,2,0,1,0,0,0,0,3,0,0,4,2,0,,,,
20200907LGLT0,20200907,LT,LG,0,B,45,39,12,12,16,6,0,2,0,0,0,0,5,0,1,9,1,1,,,,
20200908HHSS0,20200908,HH,SS,0,T,43,36,4,4,10,2,0,0,0,0,1,2,2,0,0,6,0,1,,,,
20200908HHSS0,20200908,SS,HH,0,B,40,36,2,2,7,1,0,0,0,0,1,0,3,0,0,9,0,0,,,,
20200908KTOB0,20200908,OB,KT,0,B,39,36,6,8,12,7,0,1,0,0,0,0,3,0,0,7,0,1,,,,
20200908KTOB0,20200908,KT,OB,0,T,38,33,0,0,6,1,0,0,0,1,0,0,5,0,0,5,0,0,,,,
20200908LGHT0,20200908,LG,HT,0,T,43,35,2,2,11,3,1,0,0,0,0,0,6,0,0,5,1,1,,,,
20200908LGHT0,20200908,HT,LG,0,B,34,31,3,3,7,4,0,0,0,0,0,0,2,1,2,3,0,0,,,,
20200908LTNC0,20200908,NC,LT,0,B,46,42,14,14,17,5,0,0,0,0,0,0,2,0,0,6,0,0,,,,
20200908LTNC0,20200908,LT,NC,0,T,38,33,2,2,6,1,0,0,1,0,0,0,5,0,0,6,0,0,,,,
20200908WOSK0,20200908,SK,WO,0,B,51,45,12,15,16,4,0,3,0,0,1,0,4,0,1,7,0,0,,,,
20200908WOSK0,20200908,WO,SK,0,T,49,43,15,16,17,4,0,5,0,0,0,0,5,0,0,8,0,2,,,,
20200909HHSS1,20200909,SS,HH,1,B,36,31,4,4,7,0,0,1,2,1,1,0,3,0,2,5,0,3,,,,
20200909HHSS1,20200909,HH,SS,1,T,42,38,4,4,10,1,0,2,0,0,1,0,2,0,0,11,0,0,,,,
20200909HHSS2,20200909,HH,SS,2,T,43,37,7,7,12,1,0,1,0,0,0,0,4,0,0,4,1,1,,,,
20200909HHSS2,20200909,SS,HH,2,B,35,31,0,0,3,0,0,0,0,0,0,0,4,0,2,10,0,0,,,,
20200909KTOB0,20200909,KT,OB,0,T,43,38,4,4,5,0,0,0,1,0,0,0,2,0,0,6,0,0,,,,
20200909KTOB0,20200909,OB,KT,0,B,46,41,2,2,10,2,0,0,0,0,1,1,3,0,0,13,0,2,,,,
20200909LGHT0,20200909,LG,HT,0,T,0,0,0,0,0,0,0,0,0,0,0,0,0,0,0,0,0,0,,,,
20200909LGHT0,20200909,HT,LG,0,B,0,0,0,0,0,0,0,0,0,0,0,0,0,0,0,0,0,0,,,,
20200909LTNC0,20200909,NC,LT,0,B,47,42,5,5,11,3,0,1,1,0,0,0,4,1,2,7,0,0,,,,
20200909LTNC0,20200909,LT,NC,0,T,48,36,7,7,8,2,0,0,0,0,0,0,5,0,0,9,0,1,,,,
20200909WOSK0,20200909,WO,SK,0,T,53,35,10,13,11,2,0,1,1,0,0,2,16,0,0,3,0,1,,,,
20200909WOSK0,20200909,SK,WO,0,B,37,35,4,4,9,1,0,2,0,0,0,0,2,0,0,5,1,4,,,,
20200910KTNC0,20200910,NC,KT,0,B,46,36,12,13,13,3,0,3,0,0,0,1,8,0,4,7,0,0,,,,
20200910KTNC0,20200910,KT,NC,0,T,37,32,8,8,8,0,1,4,0,0,0,1,1,0,0,4,1,1,,,,
20200910OBHT0,20200910,OB,HT,0,T,42,36,5,5,9,0,0,0,2,0,0,0,6,0,0,7,0,0,,,,
20200910OBHT0,20200910,HT,OB,0,B,36,32,4,4,7,0,1,1,0,2,0,0,4,0,0,9,0,0,,,,
20200910SKHH0,20200910,SK,HH,0,T,41,36,5,5,9,1,0,1,1,0,0,0,4,0,0,9,0,0,,,,
20200910SKHH0,20200910,HH,SK,0,B,34,30,1,1,5,0,0,0,0,0,0,0,3,0,2,5,1,0,,,,
20200910SSLT0,20200910,SS,LT,0,T,41,37,7,8,10,5,0,0,0,0,1,0,3,0,0,6,0,1,,,,
20200910SSLT0,20200910,LT,SS,0,B,50,45,12,13,21,3,0,2,0,0,0,0,3,0,0,6,0,0,,,,
20200910WOLG0,20200910,WO,LG,0,T,36,32,1,1,6,1,0,1,0,0,0,0,3,0,0,7,0,1,,,,
20200910WOLG0,20200910,LG,WO,0,B,40,35,6,6,10,2,0,1,0,0,0,0,5,0,0,7,0,0,,,,
20200911KTNC0,20200911,KT,NC,0,T,38,31,1,1,6,0,1,1,0,0,1,0,5,0,0,7,1,0,,,,
20200911KTNC0,20200911,NC,KT,0,B,40,37,8,9,13,4,0,3,0,0,0,0,3,0,1,10,0,0,,,,
20200911OBHT0,20200911,OB,HT,0,T,0,0,0,0,0,0,0,0,0,0,0,0,0,0,0,0,0,0,,,,
20200911OBHT0,20200911,HT,OB,0,B,0,0,0,0,0,0,0,0,0,0,0,0,0,0,0,0,0,0,,,,
20200911SKHH0,20200911,SK,HH,0,T,36,33,3,4,8,3,0,0,0,1,0,1,2,0,0,12,0,2,,,,
20200911SKHH0,20200911,HH,SK,0,B,38,34,3,3,6,1,0,0,0,0,0,0,4,0,0,5,1,1,,,,
20200911SSLT0,20200911,LT,SS,0,B,45,37,12,12,14,2,0,1,0,0,0,0,8,0,0,9,1,2,,,,
20200911SSLT0,20200911,SS,LT,0,T,38,36,4,4,8,0,0,2,0,0,0,1,1,0,0,8,0,2,,,,
20200911WOLG0,20200911,LG,WO,0,B,38,33,2,2,8,1,0,0,1,0,0,2,3,0,2,4,0,0,,,,
20200911WOLG0,20200911,WO,LG,0,T,41,38,8,8,13,3,1,0,1,0,1,0,0,0,0,11,0,0,,,,
20200912HHKT0,20200912,KT,HH,0,B,38,31,5,5,9,1,0,0,3,0,0,1,5,0,1,10,0,0,,,,
20200912HHKT0,20200912,HH,KT,0,T,36,35,2,2,7,0,0,0,1,0,0,0,1,0,0,3,0,0,,,,
20200912HTNC0,20200912,HT,NC,0,T,48,40,10,11,14,5,0,2,0,0,0,0,6,0,0,7,0,0,,,,
20200912HTNC0,20200912,NC,HT,0,B,35,32,3,3,6,1,0,1,1,0,0,0,3,0,2,2,0,1,,,,
20200912LTSK0,20200912,SK,LT,0,B,32,29,1,2,5,1,0,0,0,0,0,0,3,0,0,6,0,0,,,,
20200912LTSK0,20200912,LT,SK,0,T,36,30,1,1,6,0,0,0,0,1,0,1,5,0,0,2,0,1,,,,
20200912OBWO0,20200912,OB,WO,0,T,31,29,0,0,4,1,0,0,0,0,0,0,2,0,0,6,1,0,,,,
20200912OBWO0,20200912,WO,OB,0,B,36,31,2,2,9,2,0,0,0,1,1,0,3,0,1,8,0,0,,,,
20200912SSLG0,20200912,SS,LG,0,T,36,32,5,5,7,0,1,2,1,1,0,0,4,0,0,6,0,0,,,,
20200912SSLG0,20200912,LG,SS,0,B,30,29,1,1,2,0,0,1,1,0,0,0,1,0,0,8,0,0,,,,
20200913HHKT0,20200913,KT,HH,0,B,39,33,5,5,12,1,0,0,0,0,1,2,3,0,2,6,1,0,,,,
20200913HHKT0,20200913,HH,KT,0,T,39,30,4,4,6,1,0,0,0,1,1,1,5,0,0,11,0,0,,,,
20200913HTNC0,20200913,HT,NC,0,T,38,33,4,4,10,1,0,0,0,2,0,1,3,0,0,6,0,1,,,,
20200913HTNC0,20200913,NC,HT,0,B,41,32,3,3,8,0,0,0,1,1,1,1,4,0,2,5,0,2,,,,
20200913LTSK0,20200913,SK,LT,0,B,29,27,3,3,4,0,0,2,1,0,0,0,1,0,2,1,1,0,,,,
20200913LTSK0,20200913,LT,SK,0,T,36,29,1,1,5,0,0,0,0,0,0,1,5,0,0,5,2,0,,,,
20200913OBWO0,20200913,OB,WO,0,T,56,48,6,6,15,2,0,0,0,2,0,1,6,0,0,15,0,0,,,,
20200913OBWO0,20200913,WO,OB,0,B,60,49,6,6,13,1,0,0,1,0,0,0,9,1,1,7,0,1,,,,
20200913SSLG0,20200913,LG,SS,0,B,32,31,0,0,4,1,0,0,0,0,0,0,1,0,0,5,0,1,,,,
20200913SSLG0,20200913,SS,LG,0,T,51,42,9,11,18,1,1,1,2,0,0,2,5,0,0,10,0,0,,,,
20200915LGHH0,20200915,LG,HH,0,T,42,39,4,5,8,2,0,1,3,0,0,0,3,0,0,10,0,0,,,,
20200915LGHH0,20200915,HH,LG,0,B,45,38,6,6,11,1,0,0,0,0,0,0,3,0,1,14,0,2,,,,
20200915LTWO0,20200915,LT,WO,0,T,39,33,8,8,10,3,0,1,0,1,0,1,5,0,0,7,2,1,,,,
20200915LTWO0,20200915,WO,LT,0,B,46,38,5,5,11,1,0,0,0,0,0,0,7,0,1,3,1,0,,,,
20200915NCOB0,20200915,OB,NC,0,B,35,30,6,7,8,3,0,0,0,0,0,0,2,0,3,5,0,1,,,,
20200915NCOB0,20200915,NC,OB,0,T,37,33,2,3,6,1,1,0,2,1,0,0,3,0,0,3,0,1,,,,
20200915SKHT0,20200915,SK,HT,0,T,52,40,16,16,17,1,0,2,1,1,1,1,8,0,0,4,2,0,,,,
20200915SKHT0,20200915,HT,SK,0,B,34,29,1,1,5,0,0,0,0,0,0,0,5,0,1,5,0,2,,,,
20200915SSKT0,20200915,SS,KT,0,T,42,37,7,7,14,1,0,1,0,0,1,0,3,0,0,11,1,2,,,,
20200915SSKT0,20200915,KT,SS,0,B,38,36,0,0,8,1,0,0,0,0,0,0,2,1,0,1,1,1,,,,
20200916LGHH0,20200916,LG,HH,0,T,46,40,9,11,15,8,0,0,0,0,0,0,6,0,0,11,0,0,,,,
20200916LGHH0,20200916,HH,LG,0,B,39,35,5,5,9,0,1,2,0,0,0,0,3,0,1,5,1,1,,,,
20200916LTWO0,20200916,WO,LT,0,B,37,32,1,2,4,1,0,0,1,0,0,0,4,0,1,6,0,0,,,,
20200916LTWO0,20200916,LT,WO,0,T,44,39,8,8,14,4,0,0,0,0,0,1,2,0,0,12,0,1,,,,
20200916NCOB0,20200916,NC,OB,0,T,39,34,4,5,8,1,0,2,2,0,0,0,4,0,0,6,0,0,,,,
20200916NCOB0,20200916,OB,NC,0,B,33,32,3,3,7,1,0,0,0,0,0,0,0,0,1,10,0,1,,,,
20200916SKHT0,20200916,SK,HT,0,T,45,37,6,7,11,4,0,0,0,1,0,0,7,0,0,6,0,0,,,,
20200916SKHT0,20200916,HT,SK,0,B,41,33,6,6,10,1,0,1,0,0,0,1,4,1,2,5,1,1,,,,
20200916SSKT0,20200916,SS,KT,0,T,45,39,4,6,14,1,0,0,0,0,0,0,6,0,0,8,1,0,,,,
20200916SSKT0,20200916,KT,SS,0,B,46,43,11,11,19,4,0,1,0,0,0,0,2,0,1,4,0,0,,,,
20200917HHWO0,20200917,HH,WO,0,T,32,29,2,2,3,0,0,0,0,0,0,1,1,0,0,9,0,0,,,,
20200917HHWO0,20200917,WO,HH,0,B,35,26,5,5,4,2,0,0,0,0,0,1,7,0,1,13,0,0,,,,
20200917HTSS0,20200917,HT,SS,0,T,44,40,11,12,16,4,0,3,0,0,0,1,3,0,0,11,0,0,,,,
20200917HTSS0,20200917,SS,HT,0,B,37,33,2,2,7,0,0,0,0,0,0,1,3,0,0,6,0,1,,,,
20200917LTLG0,20200917,LG,LT,0,B,39,34,9,9,8,0,0,2,1,0,0,0,4,0,0,5,0,1,,,,
20200917LTLG0,20200917,LT,LG,0,T,34,34,1,1,8,2,0,0,0,0,0,0,0,0,0,6,1,3,,,,
20200917NCSK0,20200917,SK,NC,0,B,33,30,0,0,4,0,0,0,1,0,1,0,1,1,1,6,0,0,,,,
20200917NCSK0,20200917,NC,SK,0,T,38,34,3,3,9,1,0,2,1,0,1,0,2,0,0,11,1,0,,,,
20200917OBKT0,20200917,KT,OB,0,B,35,31,3,3,9,1,1,0,1,0,1,0,2,1,0,5,0,3,,,,
20200917OBKT0,20200917,OB,KT,0,T,33,33,0,0,6,1,0,0,0,0,0,0,0,0,0,8,0,0,,,,
20200918HHWO0,20200918,HH,WO,0,T,37,36,2,2,8,1,0,0,0,0,0,0,0,0,0,9,0,0,,,,
20200918HHWO0,20200918,WO,HH,0,B,34,31,0,0,4,2,0,0,1,0,0,0,3,0,1,10,0,1,,,,
20200918HTSS0,20200918,SS,HT,0,B,40,35,4,5,9,2,0,0,0,1,0,1,4,0,3,4,0,1,,,,
20200918HTSS0,20200918,HT,SS,0,T,49,39,13,13,15,2,0,2,0,0,1,1,5,0,0,9,0,2,,,,
20200918LTLG0,20200918,LT,LG,0,T,40,36,5,5,8,1,0,0,1,0,0,0,4,0,0,6,0,0,,,,
20200918LTLG0,20200918,LG,LT,0,B,38,34,3,3,7,1,0,1,1,0,0,0,4,0,0,8,0,0,,,,
20200918NCSK0,20200918,NC,SK,0,T,40,31,9,9,8,0,1,1,1,1,2,0,5,0,0,4,0,0,,,,
20200918NCSK0,20200918,SK,NC,0,B,37,31,5,5,8,2,0,3,0,2,0,0,6,0,2,6,0,0,,,,
20200918OBKT0,20200918,OB,KT,0,T,45,41,4,4,11,1,0,1,0,0,1,1,1,0,0,11,1,0,,,,
20200918OBKT0,20200918,KT,OB,0,B,46,40,5,5,11,1,0,1,0,0,0,0,2,0,1,4,0,1,,,,
20200919HHHT0,20200919,HH,HT,0,T,31,31,0,0,5,0,0,0,0,1,0,0,0,0,0,4,0,0,,,,
20200919HHHT0,20200919,HT,HH,0,B,35,29,7,8,10,2,0,0,1,0,0,2,3,0,1,11,0,0,,,,
20200919KTSK0,20200919,SK,KT,0,B,34,30,0,0,3,0,0,0,0,0,0,0,4,0,0,11,0,1,,,,
20200919KTSK0,20200919,KT,SK,0,T,41,34,5,5,8,0,0,0,1,0,0,1,6,0,0,6,0,1,,,,
20200919LGOB0,20200919,LG,OB,0,T,47,40,9,9,18,1,0,2,0,0,1,2,3,0,0,8,0,1,,,,
20200919LGOB0,20200919,OB,LG,0,B,39,36,6,6,10,2,0,2,0,0,0,0,3,0,1,6,0,1,,,,
20200919NCLT0,20200919,NC,LT,0,T,36,34,1,1,10,0,0,1,1,1,0,0,1,0,0,8,0,0,,,,
20200919NCLT0,20200919,LT,NC,0,B,38,30,5,5,7,1,0,2,0,0,0,0,7,0,2,7,0,0,,,,
20200919WOSS0,20200919,WO,SS,0,T,43,39,8,8,15,3,0,0,0,1,0,1,3,0,0,6,0,1,,,,
20200919WOSS0,20200919,SS,WO,0,B,40,37,7,7,11,3,0,2,2,0,0,0,2,0,1,12,0,0,,,,
20200920HHHT0,20200920,HT,HH,0,B,38,33,3,3,9,1,0,1,0,0,0,1,4,0,2,10,1,0,,,,
20200920HHHT0,20200920,HH,HT,0,T,50,40,11,11,16,4,0,1,0,1,1,1,6,0,0,7,0,0,,,,
20200920KTSK0,20200920,KT,SK,0,T,43,37,10,10,11,2,0,1,2,1,0,1,4,0,0,4,0,1,,,,
20200920KTSK0,20200920,SK,KT,0,B,31,28,1,2,3,1,0,0,0,0,0,0,3,0,1,10,2,2,,,,
20200920LGOB0,20200920,LG,OB,0,T,38,37,5,5,10,3,1,2,0,0,0,0,1,0,0,6,0,0,,,,
20200920LGOB0,20200920,OB,LG,0,B,45,31,6,6,9,1,0,1,1,0,0,0,12,0,2,11,0,0,,,,
20200920NCLT1,20200920,NC,LT,1,T,39,35,5,7,10,1,1,0,2,0,2,0,1,0,0,9,0,0,,,,
20200920NCLT1,20200920,LT,NC,1,B,38,35,1,2,8,1,0,1,0,0,0,0,3,1,0,6,0,1,,,,
20200920NCLT2,20200920,LT,NC,2,B,41,36,2,2,11,0,0,0,0,0,0,0,5,2,0,8,1,0,,,,
20200920NCLT2,20200920,NC,LT,2,T,43,37,6,6,13,0,0,2,1,1,1,1,2,0,0,8,0,0,,,,
20200920WOSS0,20200920,SS,WO,0,B,48,42,12,14,18,0,0,3,1,0,1,0,5,0,0,7,0,0,,,,
20200920WOSS0,20200920,WO,SS,0,T,41,37,6,6,13,2,0,1,0,0,0,0,4,0,0,6,0,4,,,,
20200922KTLT0,20200922,LT,KT,0,B,36,31,8,8,10,0,0,2,1,0,0,0,3,2,0,10,1,1,,,,
20200922KTLT0,20200922,KT,LT,0,T,30,28,0,0,2,0,0,0,0,1,0,0,2,0,0,5,0,0,,,,
20200922OBHH0,20200922,HH,OB,0,B,35,29,5,5,6,0,0,1,0,0,0,0,4,0,2,5,0,0,,,,
20200922OBHH0,20200922,OB,HH,0,T,33,29,1,1,6,0,0,1,0,0,0,0,3,0,0,16,1,0,,,,
20200922SKLG0,20200922,LG,SK,0,B,35,30,6,7,7,1,0,0,2,0,0,0,5,0,0,9,1,2,,,,
20200922SKLG0,20200922,SK,LG,0,T,32,31,2,2,3,0,0,1,1,0,0,0,1,0,0,5,0,1,,,,
20200922SSNC0,20200922,SS,NC,0,T,34,33,2,2,6,0,0,0,0,0,0,0,1,0,0,4,0,0,,,,
20200922SSNC0,20200922,NC,SS,0,B,36,30,2,3,6,1,0,0,1,0,0,0,4,0,2,11,0,0,,,,
20200922WOHT0,20200922,HT,WO,0,B,33,30,0,0,4,0,0,0,0,0,0,0,3,0,0,3,1,1,,,,
20200922WOHT0,20200922,WO,HT,0,T,35,32,2,2,5,1,0,0,0,0,0,0,3,0,0,8,0,0,,,,
20200923KTLT0,20200923,KT,LT,0,T,46,42,9,10,16,3,0,1,1,1,0,0,3,0,0,7,0,0,,,,
20200923KTLT0,20200923,LT,KT,0,B,41,33,4,5,9,1,0,1,0,0,0,0,8,0,1,5,2,2,,,,
20200923OBHH0,20200923,OB,HH,0,T,43,37,5,5,11,5,0,0,0,0,0,1,5,0,0,13,0,0,,,,
20200923OBHH0,20200923,HH,OB,0,B,38,34,6,6,12,3,0,1,1,0,1,0,2,0,1,6,1,0,,,,
20200923SKLG0,20200923,LG,SK,0,B,33,31,6,6,10,2,0,1,0,1,0,1,1,0,0,10,0,1,,,,
20200923SKLG0,20200923,SK,LG,0,T,36,33,2,2,8,3,0,0,0,0,0,2,1,0,0,6,0,0,,,,
20200923SSNC0,20200923,SS,NC,0,T,39,36,5,7,10,2,1,1,2,0,0,1,2,0,0,7,0,0,,,,
20200923SSNC0,20200923,NC,SS,0,B,36,30,8,8,10,1,0,1,0,1,0,1,5,0,0,11,1,0,,,,
20200923WOHT0,20200923,HT,WO,0,B,34,32,1,1,5,0,0,1,0,0,0,0,1,0,2,6,0,0,,,,
20200923WOHT0,20200923,WO,HT,0,T,48,42,13,13,17,3,2,2,0,0,0,1,4,0,0,7,0,0,,,,
20200924HTKT0,20200924,HT,KT,0,T,46,40,4,5,16,4,1,0,0,0,1,0,5,0,0,11,1,1,,,,
20200924HTKT0,20200924,KT,HT,0,B,37,34,2,3,8,2,0,0,0,0,0,0,3,0,0,3,0,0,,,,
20200924LGNC0,20200924,NC,LG,0,B,45,39,12,12,17,4,0,2,0,0,0,1,3,0,2,11,0,0,,,,
20200924LGNC0,20200924,LG,NC,0,T,42,35,8,8,9,1,0,4,1,0,0,0,7,0,0,4,0,1,,,,
20200924LTHH0,20200924,HH,LT,0,B,41,36,7,7,15,4,0,1,2,1,1,0,2,1,1,5,1,3,,,,
20200924LTHH0,20200924,LT,HH,0,T,38,32,4,4,6,0,0,0,3,0,0,1,5,0,0,8,0,1,,,,
20200924SKWO0,20200924,WO,SK,0,B,36,32,6,6,9,1,0,0,2,0,0,1,2,0,1,8,0,0,,,,
20200924SKWO0,20200924,SK,WO,0,T,33,29,1,1,6,1,0,0,1,1,0,0,4,0,0,7,2,1,,,,
20200924SSOB0,20200924,SS,OB,0,T,34,32,0,0,7,1,0,0,1,0,0,0,2,0,0,5,1,2,,,,
20200924SSOB0,20200924,OB,SS,0,B,33,26,1,1,1,0,0,0,0,0,1,0,4,1,1,8,0,1,,,,
20200925HTKT0,20200925,HT,KT,0,T,40,37,3,3,12,2,0,0,0,0,0,0,3,0,0,1,0,0,,,,
20200925HTKT0,20200925,KT,HT,0,B,40,31,7,7,12,1,0,2,1,1,1,1,7,0,0,4,1,0,,,,
20200925LGNC0,20200925,NC,LG,0,B,42,30,7,7,9,2,1,1,2,0,0,2,6,0,3,7,0,1,,,,
20200925LGNC0,20200925,LG,NC,0,T,36,33,1,1,7,0,0,1,0,0,0,0,3,0,0,10,1,1,,,,
20200925LTHH0,20200925,HH,LT,0,B,48,40,6,6,13,2,0,3,0,0,1,0,4,1,1,6,0,0,,,,
20200925LTHH0,20200925,LT,HH,0,T,42,37,5,5,13,0,0,2,0,0,0,1,3,0,0,7,0,0,,,,
20200925SKWO0,20200925,SK,WO,0,T,48,40,7,8,10,2,0,0,3,0,0,0,4,0,0,11,1,1,,,,
20200925SKWO0,20200925,WO,SK,0,B,50,45,5,6,17,1,0,0,2,1,0,0,4,1,0,6,0,0,,,,
20200925SSOB0,20200925,OB,SS,0,B,36,32,3,3,7,1,1,0,0,0,1,1,2,0,0,7,0,1,,,,
20200925SSOB0,20200925,SS,OB,0,T,34,31,3,4,7,0,0,1,2,0,0,0,2,0,0,6,1,0,,,,
20200926LGKT0,20200926,KT,LG,0,B,36,31,1,1,7,2,0,0,0,1,0,1,4,0,0,3,0,0,,,,
20200926LGKT0,20200926,LG,KT,0,T,39,31,3,3,7,1,1,0,1,0,1,0,6,0,0,5,0,1,,,,
20200926LTHT0,20200926,LT,HT,0,T,50,44,15,16,18,7,0,1,0,0,0,1,2,0,0,7,0,1,,,,
20200926LTHT0,20200926,HT,LT,0,B,40,34,3,3,8,1,0,0,0,0,0,0,5,0,2,5,1,0,,,,
20200926NCHH0,20200926,HH,NC,0,B,37,36,1,1,9,2,0,1,0,0,0,0,1,0,0,7,0,1,,,,
20200926NCHH0,20200926,NC,HH,0,T,51,42,12,13,16,1,1,2,0,1,0,0,9,0,0,7,0,0,,,,
20200926SKSS0,20200926,SK,SS,0,T,36,32,2,2,8,0,0,1,0,1,0,0,2,0,0,3,0,0,,,,
20200926SKSS0,20200926,SS,SK,0,B,38,33,8,8,12,1,0,3,0,0,1,0,4,0,0,10,1,0,,,,
20200926WOOB0,20200926,OB,WO,0,B,35,31,4,4,9,2,1,0,0,0,2,0,2,0,0,9,0,0,,,,
20200926WOOB0,20200926,WO,OB,0,T,32,30,0,0,3,1,0,0,1,0,0,0,2,0,0,3,0,0,,,,
20200927LGKT0,20200927,KT,LG,0,B,37,28,4,5,8,1,0,1,1,0,1,0,6,0,2,7,2,1,,,,
20200927LGKT0,20200927,LG,KT,0,T,37,35,4,4,9,2,0,2,1,1,0,0,1,0,0,2,1,1,,,,
20200927LTHT0,20200927,HT,LT,0,B,42,37,2,2,9,1,0,0,0,1,1,0,2,0,0,6,0,0,,,,
20200927LTHT0,20200927,LT,HT,0,T,38,33,1,1,6,1,0,0,0,1,0,0,2,0,0,8,0,1,,,,
20200927NCHH0,20200927,HH,NC,0,B,36,31,3,4,5,1,0,0,0,0,0,0,5,0,2,4,1,1,,,,
20200927NCHH0,20200927,NC,HH,0,T,40,35,3,5,9,4,0,1,1,0,0,0,3,0,0,9,1,2,,,,
20200927SKSS0,20200927,SS,SK,0,B,37,30,1,1,3,0,0,0,1,0,1,0,5,0,1,11,0,0,,,,
20200927SKSS0,20200927,SK,SS,0,T,45,42,12,12,16,5,0,4,1,0,0,0,3,0,0,7,0,1,,,,
20200927WOOB1,20200927,OB,WO,1,B,37,31,3,3,7,0,0,0,2,1,0,1,5,0,0,8,1,0,,,,
20200927WOOB1,20200927,WO,OB,1,T,41,37,7,7,12,3,0,2,1,0,1,0,2,0,0,7,0,2,,,,
20200927WOOB2,20200927,WO,OB,2,T,38,36,1,1,11,1,1,0,1,0,0,0,2,0,0,3,1,2,,,,
20200927WOOB2,20200927,OB,WO,2,B,37,29,5,6,10,3,1,0,0,1,1,1,4,1,1,8,0,0,,,,
