G_ID,GDAY_DS,T_ID,VS_T_ID,HEADER_NO,TB_SC,CG_CK,WLS,HOLD,INN2,BF,PA,AB,HIT,H2,H3,HR,SB,CS,SH,SF,BB,IB,HP,KK,GD,WP,BK,ERR,R,ER,P_WHIP_RT,P2_WHIP_RT,CB_WHIP_RT
20200721HTHH0,20200721,HH,HT,0,B,0,L,0,27,222,32,29,3,0,0,1,0,0,0,0,2,0,2,8,1,2,0,3,10,9,,,
20200721HTHH0,20200721,HT,HH,0,T,0,W,0,27,133,50,41,16,2,0,2,0,1,0,0,8,0,0,7,2,0,0,0,2,2,,,
20200721LGKT0,20200721,LG,KT,0,T,0,L,0,24,150,44,38,13,4,0,2,0,1,0,0,6,0,0,7,0,1,1,0,10,10,,,
20200721LGKT0,20200721,KT,LG,0,B,0,W,1,27,168,39,34,12,0,0,3,1,0,1,0,4,0,0,7,0,1,0,1,9,9,,,
20200721LTSK0,20200721,LT,SK,0,T,0,L,2,25,166,40,35,10,1,0,1,1,0,0,0,5,0,0,6,1,0,0,0,8,8,,,
20200721LTSK0,20200721,SK,LT,0,B,0,W,0,27,161,40,34,13,1,0,3,2,0,0,1,4,0,0,4,0,0,0,0,7,7,,,
20200721SSNC0,20200721,SS,NC,0,T,0,L,0,28,162,41,36,9,0,0,1,2,0,1,0,4,0,0,7,0,0,0,0,6,6,,,
20200721SSNC0,20200721,NC,SS,0,B,0,W,3,30,182,42,38,13,2,0,3,0,2,0,0,1,0,1,7,0,0,0,0,5,5,,,
20200721WOOB0,20200721,WO,OB,0,T,0,L,0,24,121,36,35,9,1,0,0,0,1,0,0,1,0,0,6,0,0,0,0,6,6,,,
20200721WOOB0,20200721,OB,WO,0,B,0,W,0,27,143,32,31,7,2,1,1,2,0,0,0,1,0,0,9,0,0,0,0,1,1,,,
20200722HTHH0,20200722,HH,HT,0,B,0,L,0,27,148,35,29,4,1,0,0,0,0,1,0,5,0,1,10,0,0,1,1,2,2,,,
20200722HTHH0,20200722,HT,HH,0,T,0,W,2,27,153,37,30,5,0,1,0,0,0,2,0,3,0,0,14,0,1,0,0,1,1,,,
20200722LGKT0,20200722,LG,KT,0,T,0,0,0,0,0,0,0,0,0,0,0,0,0,0,0,0,0,0,0,0,0,0,0,0,0,,,
20200722LGKT0,20200722,KT,LG,0,B,0,0,0,0,0,0,0,0,0,0,0,0,0,0,0,0,0,0,0,0,0,0,0,0,0,,,
20200722LTSK0,20200722,LT,SK,0,T,0,0,0,0,0,0,0,0,0,0,0,0,0,0,0,0,0,0,0,0,0,0,0,0,0,,,
20200722LTSK0,20200722,SK,LT,0,B,0,0,0,0,0,0,0,0,0,0,0,0,0,0,0,0,0,0,0,0,0,0,0,0,0,,,
20200722SSNC0,20200722,NC,SS,0,B,0,0,0,0,0,0,0,0,0,0,0,0,0,0,0,0,0,0,0,0,0,0,0,0,0,,,
20200722SSNC0,20200722,SS,NC,0,T,0,0,0,0,0,0,0,0,0,0,0,0,0,0,0,0,0,0,0,0,0,0,0,0,0,,,
20200722WOOB0,20200722,OB,WO,0,B,0,0,0,0,0,0,0,0,0,0,0,0,0,0,0,0,0,0,0,0,0,0,0,0,0,,,
20200722WOOB0,20200722,WO,OB,0,T,0,0,0,0,0,0,0,0,0,0,0,0,0,0,0,0,0,0,0,0,0,0,0,0,0,,,
20200723HTHH0,20200723,HH,HT,0,B,0,0,0,0,0,0,0,0,0,0,0,0,0,0,0,0,0,0,0,0,0,0,0,0,0,,,
20200723HTHH0,20200723,HT,HH,0,T,0,0,0,0,0,0,0,0,0,0,0,0,0,0,0,0,0,0,0,0,0,0,0,0,0,,,
20200723LGKT0,20200723,LG,KT,0,T,0,0,0,0,0,0,0,0,0,0,0,0,0,0,0,0,0,0,0,0,0,0,0,0,0,,,
20200723LGKT0,20200723,KT,LG,0,B,0,0,0,0,0,0,0,0,0,0,0,0,0,0,0,0,0,0,0,0,0,0,0,0,0,,,
20200723LTSK0,20200723,LT,SK,0,T,0,0,0,0,0,0,0,0,0,0,0,0,0,0,0,0,0,0,0,0,0,0,0,0,0,,,
20200723LTSK0,20200723,SK,LT,0,B,0,0,0,0,0,0,0,0,0,0,0,0,0,0,0,0,0,0,0,0,0,0,0,0,0,,,
20200723SSNC0,20200723,NC,SS,0,B,0,0,0,0,0,0,0,0,0,0,0,0,0,0,0,0,0,0,0,0,0,0,0,0,0,,,
20200723SSNC0,20200723,SS,NC,0,T,0,0,0,0,0,0,0,0,0,0,0,0,0,0,0,0,0,0,0,0,0,0,0,0,0,,,
20200723WOOB0,20200723,WO,OB,0,T,0,0,0,0,0,0,0,0,0,0,0,0,0,0,0,0,0,0,0,0,0,0,0,0,0,,,
20200723WOOB0,20200723,OB,WO,0,B,0,0,0,0,0,0,0,0,0,0,0,0,0,0,0,0,0,0,0,0,0,0,0,0,0,,,
20200724LGOB0,20200724,OB,LG,0,B,0,L,0,27,170,35,31,8,3,0,0,1,1,0,0,4,1,1,3,2,0,0,1,8,8,,,
20200724LGOB0,20200724,LG,OB,0,T,0,W,0,27,134,46,40,15,2,1,2,1,0,0,0,4,0,0,4,1,0,0,0,1,1,,,
20200724LTWO0,20200724,LT,WO,0,T,0,W,3,27,142,40,33,9,1,0,0,2,2,0,0,6,0,0,12,0,1,0,0,2,2,,,
20200724LTWO0,20200724,WO,LT,0,B,0,L,0,27,176,34,31,6,2,0,1,1,0,0,1,2,0,0,8,0,2,0,0,4,4,,,
20200724NCKT0,20200724,NC,KT,0,T,0,W,1,27,154,37,32,7,2,0,1,1,0,0,0,3,0,0,10,0,1,0,2,2,1,,,
20200724NCKT0,20200724,KT,NC,0,B,0,L,0,27,152,39,33,6,1,0,1,2,1,0,0,6,0,0,11,0,0,0,0,3,3,,,
20200724SKHH0,20200724,HH,SK,0,B,0,L,0,27,165,36,29,5,0,0,0,1,2,0,0,7,0,0,13,0,0,0,0,7,7,,,
20200724SKHH0,20200724,SK,HH,0,T,0,W,2,27,163,40,34,8,1,0,3,1,0,0,1,5,0,0,11,0,1,0,0,4,4,,,
20200724SSHT0,20200724,HT,SS,0,B,0,0,0,0,0,0,0,0,0,0,0,0,0,0,0,0,0,0,0,0,0,0,0,0,0,,,
20200724SSHT0,20200724,SS,HT,0,T,0,0,0,0,0,0,0,0,0,0,0,0,0,0,0,0,0,0,0,0,0,0,0,0,0,,,
20200725LGOB0,20200725,OB,LG,0,B,0,W,1,27,137,34,31,10,4,0,1,0,1,0,1,2,0,0,8,0,1,0,1,3,3,,,
20200725LGOB0,20200725,LG,OB,0,T,0,L,0,24,149,36,35,10,3,0,0,0,0,0,0,1,0,0,6,0,0,0,0,7,7,,,
20200725LTWO0,20200725,LT,WO,0,T,0,W,1,27,145,40,35,9,2,0,0,0,1,0,0,3,0,0,8,0,0,0,0,3,3,,,
20200725LTWO0,20200725,WO,LT,0,B,0,L,0,27,132,36,27,3,1,0,0,0,0,0,1,6,0,3,11,1,0,0,1,6,6,,,
20200725NCKT0,20200725,NC,KT,0,T,0,L,0,24,141,36,31,6,0,0,0,0,1,0,1,4,0,0,9,0,0,0,0,6,6,,,
20200725NCKT0,20200725,KT,NC,0,B,0,W,1,27,150,33,29,8,4,0,1,0,1,0,0,4,0,0,3,2,2,0,0,2,2,,,
20200725SKHH0,20200725,SK,HH,0,T,0,0,0,0,0,0,0,0,0,0,0,0,0,0,0,0,0,0,0,0,0,0,0,0,0,,,
20200725SKHH0,20200725,HH,SK,0,B,0,0,0,0,0,0,0,0,0,0,0,0,0,0,0,0,0,0,0,0,0,0,0,0,0,,,
20200725SSHT0,20200725,SS,HT,0,T,0,L,0,24,164,38,32,7,1,0,0,1,1,0,0,6,0,0,9,0,0,0,0,8,8,,,
20200725SSHT0,20200725,HT,SS,0,B,0,W,0,27,173,37,31,11,2,0,0,0,0,2,1,2,1,0,10,0,0,0,0,2,2,,,
20200726LGOB0,20200726,LG,OB,0,T,0,W,2,27,163,36,33,7,0,1,0,2,0,0,1,2,0,0,5,0,0,1,0,3,3,,,
20200726LGOB0,20200726,OB,LG,0,B,0,L,0,27,139,40,32,8,2,0,1,0,0,1,0,5,1,1,8,1,0,0,2,4,2,,,
20200726LTWO0,20200726,WO,LT,0,B,0,W,0,27,133,40,35,13,4,0,0,0,1,0,0,3,1,1,4,1,0,0,1,1,0,,,
20200726LTWO0,20200726,LT,WO,0,T,0,L,0,24,150,37,34,8,3,0,0,1,0,0,0,3,0,0,5,0,0,0,0,8,8,,,
20200726NCKT0,20200726,KT,NC,0,B,0,W,0,27,123,36,34,8,0,0,3,2,0,0,0,2,0,0,7,0,0,0,0,4,4,,,
20200726NCKT0,20200726,NC,KT,0,T,0,L,0,24,138,34,32,7,1,0,2,1,0,0,1,1,0,0,8,0,1,0,1,5,3,,,
20200726SKHH0,20200726,HH,SK,0,B,0,L,0,27,180,38,34,8,2,0,1,0,0,0,0,4,0,2,5,0,0,0,0,7,7,,,
20200726SKHH0,20200726,SK,HH,0,T,0,W,2,27,174,42,35,10,2,0,0,1,0,0,0,5,0,0,8,1,0,0,0,4,4,,,
20200726SSHT0,20200726,SS,HT,0,T,0,L,0,24,170,43,36,12,4,0,1,1,0,1,1,4,0,0,5,0,1,0,1,8,6,,,
20200726SSHT0,20200726,HT,SS,0,B,0,W,4,27,157,41,37,12,2,1,0,0,0,0,0,3,0,1,4,0,1,0,0,5,5,,,
20200727SKHH0,20200727,HH,SK,0,B,0,D,1,27,138,35,29,5,3,0,0,1,0,0,0,5,0,1,5,1,1,0,0,5,5,,,
20200727SKHH0,20200727,SK,HH,0,T,0,D,0,27,156,37,32,10,3,0,1,1,0,0,0,3,0,0,5,1,0,0,1,5,5,,,
20200728HHSS0,20200728,HH,SS,0,T,0,0,0,0,0,0,0,0,0,0,0,0,0,0,0,0,0,0,0,0,0,0,0,0,0,,,
20200728HHSS0,20200728,SS,HH,0,B,0,0,0,0,0,0,0,0,0,0,0,0,0,0,0,0,0,0,0,0,0,0,0,0,0,,,
20200728KTHT0,20200728,KT,HT,0,T,0,0,0,0,0,0,0,0,0,0,0,0,0,0,0,0,0,0,0,0,0,0,0,0,0,,,
20200728KTHT0,20200728,HT,KT,0,B,0,0,0,0,0,0,0,0,0,0,0,0,0,0,0,0,0,0,0,0,0,0,0,0,0,,,
20200728LGSK0,20200728,LG,SK,0,T,0,W,0,27,166,58,49,23,3,1,6,0,0,0,0,6,0,0,10,1,1,0,0,7,7,,,
20200728LGSK0,20200728,SK,LG,0,B,0,L,0,27,221,41,34,8,3,0,2,0,0,0,0,5,1,4,6,0,0,0,0,24,24,,,
20200728NCLT0,20200728,LT,NC,0,B,0,W,1,27,185,46,36,14,3,0,2,0,0,0,1,7,1,0,7,0,0,0,1,9,8,,,
20200728NCLT0,20200728,NC,LT,0,T,0,L,0,26,168,46,42,17,3,0,2,2,0,0,0,4,0,0,6,0,0,0,0,11,11,,,
20200728WOOB0,20200728,WO,OB,0,T,0,W,2,27,130,43,34,8,2,0,1,0,0,1,1,4,0,0,4,0,0,0,0,2,2,,,
20200728WOOB0,20200728,OB,WO,0,B,0,L,0,27,166,38,36,9,2,0,1,0,0,0,0,2,1,2,6,0,0,0,1,6,5,,,
20200729HHSS0,20200729,HH,SS,0,T,0,W,1,27,195,49,44,18,1,0,1,0,0,0,1,2,0,0,7,1,0,0,0,7,7,,,
20200729HHSS0,20200729,SS,HH,0,B,0,L,0,27,181,44,34,9,1,0,2,1,1,0,0,8,0,3,7,1,0,0,3,12,5,,,
20200729KTHT0,20200729,HT,KT,0,B,0,0,0,0,0,0,0,0,0,0,0,0,0,0,0,0,0,0,0,0,0,0,0,0,0,,,
20200729KTHT0,20200729,KT,HT,0,T,0,0,0,0,0,0,0,0,0,0,0,0,0,0,0,0,0,0,0,0,0,0,0,0,0,,,
20200729LGSK0,20200729,LG,SK,0,T,0,W,1,27,146,45,36,13,0,0,3,1,0,0,0,8,0,0,5,0,0,0,0,6,6,,,
20200729LGSK0,20200729,SK,LG,0,B,0,L,0,27,179,44,40,14,1,0,4,2,0,0,0,3,0,2,7,0,0,0,0,11,11,,,
20200729NCLT0,20200729,NC,LT,0,T,0,0,0,0,0,0,0,0,0,0,0,0,0,0,0,0,0,0,0,0,0,0,0,0,0,,,
20200729NCLT0,20200729,LT,NC,0,B,0,0,0,0,0,0,0,0,0,0,0,0,0,0,0,0,0,0,0,0,0,0,0,0,0,,,
20200729WOOB0,20200729,OB,WO,0,B,0,0,0,0,0,0,0,0,0,0,0,0,0,0,0,0,0,0,0,0,0,0,0,0,0,,,
20200729WOOB0,20200729,WO,OB,0,T,0,0,0,0,0,0,0,0,0,0,0,0,0,0,0,0,0,0,0,0,0,0,0,0,0,,,
20200730HHSS0,20200730,SS,HH,0,B,0,W,0,33,181,46,36,6,2,0,0,3,0,0,0,4,0,2,12,0,0,0,0,1,0,,,
20200730HHSS0,20200730,HH,SS,0,T,0,L,0,32,196,43,37,3,0,0,0,0,0,0,0,3,0,0,12,0,2,0,0,2,1,,,
20200730KTHT0,20200730,KT,HT,0,T,0,W,1,27,136,38,31,11,2,0,0,1,3,2,0,3,0,0,8,0,0,0,1,1,1,,,
20200730KTHT0,20200730,HT,KT,0,B,0,L,0,27,142,36,33,8,3,0,0,0,0,1,0,1,0,3,6,0,2,0,0,4,4,,,
20200730LGSK0,20200730,LG,SK,0,T,0,W,1,27,138,45,39,13,3,0,1,1,0,0,0,5,0,0,8,0,1,0,0,1,1,,,
20200730LGSK0,20200730,SK,LG,0,B,0,L,0,27,187,34,30,4,3,0,0,0,0,0,0,3,0,2,6,0,1,0,0,9,9,,,
20200730NCLT0,20200730,LT,NC,0,B,0,0,0,0,0,0,0,0,0,0,0,0,0,0,0,0,0,0,0,0,0,0,0,0,0,,,
20200730NCLT0,20200730,NC,LT,0,T,0,0,0,0,0,0,0,0,0,0,0,0,0,0,0,0,0,0,0,0,0,0,0,0,0,,,
20200730WOOB0,20200730,WO,OB,0,T,0,W,3,27,141,39,34,13,2,0,1,2,0,0,0,3,0,0,8,0,0,0,0,5,5,,,
20200730WOOB0,20200730,OB,WO,0,B,0,L,0,27,139,41,36,10,0,0,2,2,0,1,0,3,0,2,2,0,0,0,0,8,8,,,
20200731HHLG0,20200731,LG,HH,0,B,0,L,0,27,137,31,29,4,2,0,0,0,1,0,0,2,0,0,4,0,0,0,0,2,2,,,
20200731HHLG0,20200731,HH,LG,0,T,0,W,0,27,136,37,34,10,1,0,0,0,1,0,1,2,0,0,9,0,1,0,0,1,1,,,
20200731HTLT0,20200731,HT,LT,0,T,0,W,0,27,130,38,34,8,1,0,0,0,0,0,0,4,0,0,5,1,0,0,2,2,1,,,
20200731HTLT0,20200731,LT,HT,0,B,0,L,0,27,160,36,33,6,2,0,0,0,0,0,0,3,0,0,10,2,0,0,1,3,2,,,
20200731OBNC0,20200731,OB,NC,0,T,0,L,1,24,184,44,39,14,2,0,1,2,0,1,0,4,0,0,7,1,0,0,0,10,10,,,
20200731OBNC0,20200731,NC,OB,0,B,0,W,0,27,180,42,37,14,4,0,1,2,0,0,0,2,0,2,8,1,1,0,1,7,7,,,
20200731SKKT0,20200731,KT,SK,0,B,0,W,2,27,148,42,39,16,3,0,4,0,1,0,0,3,0,0,5,0,1,0,1,1,1,,,
20200731SKKT0,20200731,SK,KT,0,T,0,L,0,24,175,36,31,4,0,0,1,0,0,0,0,5,0,0,8,1,0,0,0,11,11,,,
20200731WOSS0,20200731,SS,WO,0,B,0,L,0,27,157,40,35,8,1,0,0,0,1,0,0,2,1,2,7,0,1,0,1,10,10,,,
20200731WOSS0,20200731,WO,SS,0,T,0,W,3,27,151,42,36,10,2,0,3,1,0,0,0,6,0,0,5,0,0,1,0,3,3,,,
20200801HHLG0,20200801,HH,LG,0,T,0,L,0,24,161,40,34,8,2,0,1,1,0,0,0,5,0,0,7,0,0,0,2,9,7,,,
20200801HHLG0,20200801,LG,HH,0,B,0,W,1,27,167,41,39,15,3,0,0,0,0,0,0,1,0,1,8,0,2,0,0,6,6,,,
20200801HTLT0,20200801,HT,LT,0,T,0,L,0,24,134,36,34,9,2,0,1,0,0,0,0,2,0,0,3,1,0,0,3,7,6,,,
20200801HTLT0,20200801,LT,HT,0,B,0,W,0,27,147,37,31,10,3,0,2,0,1,0,1,5,0,0,9,2,0,0,0,3,3,,,
20200801OBNC0,20200801,NC,OB,0,B,0,L,0,30,186,52,45,15,4,0,2,2,0,0,0,5,1,0,9,0,2,0,1,12,11,,,
20200801OBNC0,20200801,OB,NC,0,T,0,W,1,30,189,51,45,17,1,1,0,2,0,0,0,2,0,0,8,0,0,0,1,10,9,,,
20200801SKKT0,20200801,SK,KT,0,T,0,L,0,24,135,34,32,6,1,0,0,0,0,0,0,2,0,0,2,1,1,0,1,11,11,,,
20200801SKKT0,20200801,KT,SK,0,B,0,W,0,27,135,41,36,13,1,1,3,0,0,0,0,5,0,0,5,2,0,0,0,0,0,,,
20200801WOSS0,20200801,WO,SS,0,T,0,W,1,27,185,62,48,23,7,0,1,1,0,1,1,10,0,0,8,0,0,0,1,7,6,,,
20200801WOSS0,20200801,SS,WO,0,B,0,L,0,27,246,40,34,8,4,0,0,0,1,0,0,4,0,3,6,0,0,0,1,22,21,,,
20200802HHLG0,20200802,HH,LG,0,T,0,0,0,0,0,0,0,0,0,0,0,0,0,0,0,0,0,0,0,0,0,0,0,0,0,,,
20200802HHLG0,20200802,LG,HH,0,B,0,0,0,0,0,0,0,0,0,0,0,0,0,0,0,0,0,0,0,0,0,0,0,0,0,,,
20200802HTLT0,20200802,LT,HT,0,B,0,W,0,27,124,39,34,11,4,0,0,0,0,1,0,4,0,0,10,0,0,0,0,0,0,,,
20200802HTLT0,20200802,HT,LT,0,T,0,L,0,24,161,32,30,4,2,0,0,0,0,0,0,2,0,0,6,0,0,0,2,8,7,,,
20200802OBNC0,20200802,OB,NC,0,T,0,W,0,36,182,51,48,15,4,0,0,0,1,0,0,2,0,0,10,1,1,0,0,4,4,,,
20200802OBNC0,20200802,NC,OB,0,B,0,L,0,36,201,47,42,8,0,0,2,0,0,0,0,2,0,0,8,0,0,0,0,7,6,,,
20200802SKKT0,20200802,SK,KT,0,T,0,0,0,0,0,0,0,0,0,0,0,0,0,0,0,0,0,0,0,0,0,0,0,0,0,,,
20200802SKKT0,20200802,KT,SK,0,B,0,0,0,0,0,0,0,0,0,0,0,0,0,0,0,0,0,0,0,0,0,0,0,0,0,,,
20200802WOSS0,20200802,WO,SS,0,T,0,W,0,30,150,41,38,10,1,0,0,0,0,0,1,0,0,0,8,1,0,0,1,2,2,,,
20200802WOSS0,20200802,SS,WO,0,B,0,L,2,30,141,41,39,10,1,0,1,1,0,0,0,2,1,0,4,0,0,0,1,4,4,,,
20200803HHLG0,20200803,LG,HH,0,B,0,0,0,0,0,0,0,0,0,0,0,0,0,0,0,0,0,0,0,0,0,0,0,0,0,,,
20200803HHLG0,20200803,HH,LG,0,T,0,0,0,0,0,0,0,0,0,0,0,0,0,0,0,0,0,0,0,0,0,0,0,0,0,,,
20200803SKKT0,20200803,KT,SK,0,B,0,0,0,0,0,0,0,0,0,0,0,0,0,0,0,0,0,0,0,0,0,0,0,0,0,,,
20200803SKKT0,20200803,SK,KT,0,T,0,0,0,0,0,0,0,0,0,0,0,0,0,0,0,0,0,0,0,0,0,0,0,0,0,,,
20200804KTWO0,20200804,KT,WO,0,T,0,W,3,27,154,38,32,11,1,0,0,1,1,1,0,4,0,0,7,0,0,0,0,2,2,,,
20200804KTWO0,20200804,WO,KT,0,B,0,L,1,27,143,38,34,10,0,0,1,0,0,0,0,3,0,0,9,0,0,0,1,4,4,,,
20200804LGHT0,20200804,LG,HT,0,T,0,W,1,27,146,47,41,16,1,2,3,0,0,0,0,5,0,0,10,0,0,0,1,5,3,,,
20200804LGHT0,20200804,HT,LG,0,B,0,L,0,27,184,40,36,8,1,0,1,0,0,0,0,4,0,1,9,0,1,0,0,15,15,,,
20200804LTSK0,20200804,LT,SK,0,T,0,W,0,27,120,46,41,15,3,0,1,0,0,0,0,4,0,0,6,0,0,0,0,0,0,,,
20200804LTSK0,20200804,SK,LT,0,B,0,L,0,27,170,33,31,6,1,0,0,0,0,0,0,2,0,1,2,0,1,0,0,8,8,,,
20200804NCHH0,20200804,NC,HH,0,T,0,0,0,0,0,0,0,0,0,0,0,0,0,0,0,0,0,0,0,0,0,0,0,0,0,,,
20200804NCHH0,20200804,HH,NC,0,B,0,0,0,0,0,0,0,0,0,0,0,0,0,0,0,0,0,0,0,0,0,0,0,0,0,,,
20200804SSOB0,20200804,SS,OB,0,T,0,W,3,27,138,41,34,7,2,0,1,1,0,0,0,5,0,0,4,0,1,0,1,3,2,,,
20200804SSOB0,20200804,OB,SS,0,B,0,L,0,27,166,37,36,9,1,0,1,0,0,0,0,1,1,1,10,0,1,0,0,6,6,,,
20200805KTWO0,20200805,KT,WO,0,T,0,L,0,24,183,36,34,10,1,0,1,0,2,0,0,1,0,0,7,0,0,0,2,12,7,,,
20200805KTWO0,20200805,WO,KT,0,B,0,W,1,27,128,46,40,15,2,0,1,0,0,0,0,5,0,2,3,0,0,0,2,3,2,,,
20200805LGHT0,20200805,LG,HT,0,T,0,W,3,27,151,41,35,11,3,0,2,0,1,1,0,5,0,0,11,2,0,0,0,4,4,,,
20200805LGHT0,20200805,HT,LG,0,B,0,L,0,27,161,38,35,9,1,0,0,1,0,1,0,2,0,0,10,0,2,0,0,6,6,,,
20200805LTSK0,20200805,LT,SK,0,T,0,0,0,0,0,0,0,0,0,0,0,0,0,0,0,0,0,0,0,0,0,0,0,0,0,,,
20200805LTSK0,20200805,SK,LT,0,B,0,0,0,0,0,0,0,0,0,0,0,0,0,0,0,0,0,0,0,0,0,0,0,0,0,,,
20200805NCHH0,20200805,HH,NC,0,B,0,W,1,27,164,43,33,12,2,0,1,0,0,1,2,5,1,4,4,1,0,1,0,5,5,,,
20200805NCHH0,20200805,NC,HH,0,T,0,L,0,24,158,43,30,6,0,1,0,0,0,0,1,8,0,0,5,0,0,0,1,8,7,,,
20200805SSOB0,20200805,SS,OB,0,T,0,D,0,24,130,40,34,12,2,0,0,1,1,1,0,2,0,0,4,0,0,0,1,2,0,,,
20200805SSOB0,20200805,OB,SS,0,B,0,D,0,25,155,32,28,4,0,0,0,1,1,0,0,3,2,1,4,0,1,1,1,2,1,,,
20200806KTWO0,20200806,KT,WO,0,T,0,L,0,24,139,34,32,4,1,0,1,1,0,0,0,2,0,0,4,0,0,0,0,3,3,,,
20200806KTWO0,20200806,WO,KT,0,B,0,W,2,27,122,35,28,7,2,0,1,1,0,0,1,4,1,0,9,0,0,0,1,2,2,,,
20200806LGHT0,20200806,HT,LG,0,B,0,W,0,27,110,42,35,12,3,0,4,0,0,0,0,6,0,1,7,1,0,0,0,1,1,,,
20200806LGHT0,20200806,LG,HT,0,T,0,L,0,24,177,30,28,4,0,0,0,0,0,0,1,1,0,0,8,0,1,0,0,13,13,,,
20200806LTSK0,20200806,SK,LT,0,B,0,L,0,27,150,35,33,8,1,0,1,0,0,0,1,1,0,1,6,1,0,0,1,8,3,,,
20200806LTSK0,20200806,LT,SK,0,T,0,W,0,27,113,39,33,6,0,0,2,0,0,0,0,4,0,0,8,0,1,0,0,2,2,,,
20200806NCHH0,20200806,NC,HH,0,T,0,W,3,27,154,39,32,8,1,0,2,0,2,0,0,7,0,0,6,0,0,0,0,1,1,,,
20200806NCHH0,20200806,HH,NC,0,B,0,L,0,27,173,34,29,5,0,0,0,0,1,1,0,4,0,0,4,1,0,0,0,4,4,,,
20200806SSOB0,20200806,OB,SS,0,B,0,W,2,27,172,36,31,7,1,1,0,0,0,0,0,4,0,0,7,0,0,1,0,2,2,,,
20200806SSOB0,20200806,SS,OB,0,T,0,L,0,24,140,40,38,11,0,0,0,3,0,0,0,2,0,0,7,0,1,0,1,5,5,,,
20200807KTHH0,20200807,KT,HH,0,T,0,0,0,0,0,0,0,0,0,0,0,0,0,0,0,0,0,0,0,0,0,0,0,0,0,,,
20200807KTHH0,20200807,HH,KT,0,B,0,0,0,0,0,0,0,0,0,0,0,0,0,0,0,0,0,0,0,0,0,0,0,0,0,,,
20200807LGWO0,20200807,WO,LG,0,B,0,L,0,27,158,38,32,6,2,0,0,0,0,0,1,4,0,1,10,0,0,0,3,5,5,,,
20200807LGWO0,20200807,LG,WO,0,T,0,W,1,27,140,39,36,10,0,1,1,0,0,0,1,2,0,0,8,0,2,0,0,2,2,,,
20200807LTOB0,20200807,LT,OB,0,T,0,W,1,27,117,49,39,12,2,0,2,0,0,0,1,7,0,0,2,1,0,0,0,4,4,,,
20200807LTOB0,20200807,OB,LT,0,B,0,L,1,27,194,38,35,11,1,0,0,2,0,0,2,1,0,1,6,1,1,0,2,8,2,,,
20200807NCHT0,20200807,NC,HT,0,T,0,0,0,0,0,0,0,0,0,0,0,0,0,0,0,0,0,0,0,0,0,0,0,0,0,,,
20200807NCHT0,20200807,HT,NC,0,B,0,0,0,0,0,0,0,0,0,0,0,0,0,0,0,0,0,0,0,0,0,0,0,0,0,,,
20200807SSSK0,20200807,SS,SK,0,T,0,W,1,27,142,36,29,6,1,0,1,2,2,0,0,4,0,0,7,0,1,0,1,0,0,,,
20200807SSSK0,20200807,SK,SS,0,B,0,L,0,27,147,34,32,4,1,0,0,0,0,0,0,2,0,2,7,0,1,0,1,2,2,,,
20200808KTHH0,20200808,HH,KT,0,B,0,0,0,0,0,0,0,0,0,0,0,0,0,0,0,0,0,0,0,0,0,0,0,0,0,,,
20200808KTHH0,20200808,KT,HH,0,T,0,0,0,0,0,0,0,0,0,0,0,0,0,0,0,0,0,0,0,0,0,0,0,0,0,,,
20200808LGWO0,20200808,LG,WO,0,T,0,L,0,24,132,35,32,8,2,0,1,0,0,0,0,3,0,0,7,0,1,0,0,5,5,,,
20200808LGWO0,20200808,WO,LG,0,B,0,W,0,27,128,35,32,9,1,0,1,1,0,0,0,3,0,0,4,0,0,0,0,1,1,,,
20200808LTOB0,20200808,OB,LT,0,B,1,D,0,18,88,16,16,3,0,0,1,0,0,0,0,0,0,0,6,2,0,0,0,1,1,,,
20200808LTOB0,20200808,LT,OB,0,T,1,D,0,15,52,24,22,6,1,0,0,0,0,0,1,1,0,0,0,0,0,0,0,1,1,,,
20200808NCHT0,20200808,NC,HT,0,T,0,L,0,24,122,40,31,6,1,2,0,0,1,0,0,7,0,0,9,0,0,0,0,3,3,,,
20200808NCHT0,20200808,HT,NC,0,B,0,W,1,27,160,28,28,4,1,0,1,0,0,0,0,0,0,2,6,0,0,0,0,2,2,,,
20200808SSSK0,20200808,SK,SS,0,B,1,W,0,15,66,22,19,3,2,1,0,0,0,0,0,2,0,1,1,0,0,0,0,2,2,,,
20200808SSSK0,20200808,SS,SK,0,T,1,L,0,15,80,19,17,5,1,0,1,0,1,0,1,1,0,0,0,0,0,0,1,4,2,,,
20200809KTHH0,20200809,KT,HH,0,T,0,W,3,27,170,42,37,12,5,0,1,0,0,0,0,5,0,0,12,0,1,0,1,3,2,,,
20200809KTHH0,20200809,HH,KT,0,B,0,L,0,27,181,38,34,8,1,0,1,0,0,0,1,3,0,0,9,0,0,0,0,6,6,,,
20200809LGWO0,20200809,LG,WO,0,T,0,L,0,24,130,31,30,4,2,0,1,0,0,0,0,1,0,0,6,0,0,0,3,2,1,,,
20200809LGWO0,20200809,WO,LG,0,B,0,W,2,27,116,34,28,7,0,0,0,2,0,0,0,3,0,1,8,1,0,0,0,1,1,,,
20200809LTOB0,20200809,OB,LT,0,B,0,0,0,0,0,0,0,0,0,0,0,0,0,0,0,0,0,0,0,0,0,0,0,0,0,,,
20200809LTOB0,20200809,LT,OB,0,T,0,0,0,0,0,0,0,0,0,0,0,0,0,0,0,0,0,0,0,0,0,0,0,0,0,,,
20200809NCHT0,20200809,NC,HT,0,T,0,W,0,27,179,45,39,14,2,1,1,0,0,0,0,5,0,0,7,0,1,0,1,1,1,,,
20200809NCHT0,20200809,HT,NC,0,B,0,L,0,27,205,41,32,4,0,0,0,0,0,0,0,9,0,1,8,0,0,0,0,8,8,,,
20200809SSSK0,20200809,SK,SS,0,B,0,0,0,0,0,0,0,0,0,0,0,0,0,0,0,0,0,0,0,0,0,0,0,0,0,,,
20200809SSSK0,20200809,SS,SK,0,T,0,0,0,0,0,0,0,0,0,0,0,0,0,0,0,0,0,0,0,0,0,0,0,0,0,,,
20200810KTHH0,20200810,HH,KT,0,B,0,0,0,0,0,0,0,0,0,0,0,0,0,0,0,0,0,0,0,0,0,0,0,0,0,,,
20200810KTHH0,20200810,KT,HH,0,T,0,0,0,0,0,0,0,0,0,0,0,0,0,0,0,0,0,0,0,0,0,0,0,0,0,,,
20200810LTOB0,20200810,LT,OB,0,T,0,0,0,0,0,0,0,0,0,0,0,0,0,0,0,0,0,0,0,0,0,0,0,0,0,,,
20200810LTOB0,20200810,OB,LT,0,B,0,0,0,0,0,0,0,0,0,0,0,0,0,0,0,0,0,0,0,0,0,0,0,0,0,,,
20200810SSSK0,20200810,SK,SS,0,B,0,0,0,0,0,0,0,0,0,0,0,0,0,0,0,0,0,0,0,0,0,0,0,0,0,,,
20200810SSSK0,20200810,SS,SK,0,T,0,0,0,0,0,0,0,0,0,0,0,0,0,0,0,0,0,0,0,0,0,0,0,0,0,,,
20200811HHWO0,20200811,WO,HH,0,B,0,L,0,36,215,56,45,12,1,0,1,2,0,2,1,6,0,2,10,0,0,0,2,7,5,,,
20200811HHWO0,20200811,HH,WO,0,T,0,W,1,36,235,55,44,10,0,0,1,0,1,1,1,4,0,0,13,0,1,0,1,5,4,,,
20200811HTLG0,20200811,HT,LG,0,T,0,W,0,27,157,43,35,11,3,0,0,0,0,1,0,6,0,0,11,1,0,0,0,4,4,,,
20200811HTLG0,20200811,LG,HT,0,B,0,L,0,27,172,37,36,9,2,0,1,0,0,0,0,1,0,1,3,0,0,0,1,8,8,,,
20200811NCLT0,20200811,NC,LT,0,T,0,0,0,0,0,0,0,0,0,0,0,0,0,0,0,0,0,0,0,0,0,0,0,0,0,,,
20200811NCLT0,20200811,LT,NC,0,B,0,0,0,0,0,0,0,0,0,0,0,0,0,0,0,0,0,0,0,0,0,0,0,0,0,,,
20200811OBSS0,20200811,OB,SS,0,T,0,W,2,27,151,39,33,9,1,0,1,0,0,0,0,6,0,0,5,1,0,0,0,1,1,,,
20200811OBSS0,20200811,SS,OB,0,B,0,L,0,27,172,36,34,8,0,0,1,0,0,0,0,2,0,0,4,1,1,0,0,6,6,,,
20200811SKKT0,20200811,SK,KT,0,T,0,L,0,24,170,34,30,4,0,0,0,0,0,0,0,4,0,0,8,0,1,0,0,6,6,,,
20200811SKKT0,20200811,KT,SK,0,B,0,W,1,27,139,38,31,11,2,0,1,0,1,0,1,6,0,0,8,1,0,0,2,1,0,,,
20200812HHWO0,20200812,HH,WO,0,T,0,L,0,28,153,38,34,4,1,0,1,0,0,0,0,2,0,0,3,0,0,0,0,3,3,,,
20200812HHWO0,20200812,WO,HH,0,B,0,W,0,30,163,39,30,9,2,0,0,1,2,1,1,6,0,3,8,1,1,0,0,2,2,,,
20200812HTLG0,20200812,LG,HT,0,B,0,W,0,27,166,37,34,12,5,0,0,1,0,0,0,3,0,1,14,1,0,1,0,0,0,,,
20200812HTLG0,20200812,HT,LG,0,T,0,L,0,24,140,35,29,2,0,0,0,0,0,0,0,5,0,0,9,0,1,0,0,8,8,,,
20200812NCLT0,20200812,LT,NC,0,B,0,W,0,27,157,41,33,13,3,0,1,0,1,1,0,4,0,2,8,1,0,0,0,4,4,,,
20200812NCLT0,20200812,NC,LT,0,T,0,L,0,24,148,41,35,9,1,0,0,0,0,1,0,5,0,0,4,0,1,0,0,8,8,,,
20200812OBSS0,20200812,OB,SS,0,T,0,W,0,27,169,50,45,24,2,0,2,0,0,0,2,3,0,0,6,1,1,0,1,8,8,,,
20200812OBSS0,20200812,SS,OB,0,B,0,L,0,27,166,43,42,16,4,0,2,0,1,0,0,1,0,0,2,0,1,0,2,15,15,,,
20200812SKKT0,20200812,KT,SK,0,B,0,L,0,27,177,30,27,2,1,0,0,0,0,0,0,2,0,2,5,1,0,0,1,11,11,,,
20200812SKKT0,20200812,SK,KT,0,T,0,W,2,27,147,46,36,12,3,0,1,1,0,0,0,9,0,0,3,1,0,0,1,2,1,,,
20200813HHWO0,20200813,WO,HH,0,B,0,W,2,27,157,36,31,11,1,1,1,1,0,2,0,3,0,2,10,0,1,0,0,3,3,,,
20200813HHWO0,20200813,HH,WO,0,T,0,L,0,24,125,39,32,9,0,0,0,0,0,1,0,4,0,0,4,0,0,0,1,6,6,,,
20200813HTLG0,20200813,HT,LG,0,T,0,L,0,24,127,33,32,5,1,0,1,1,0,0,0,1,0,0,6,0,0,0,1,4,4,,,
20200813HTLG0,20200813,LG,HT,0,B,0,W,1,27,124,35,29,8,1,0,2,0,1,1,0,4,0,1,8,0,0,0,1,2,1,,,
20200813NCLT0,20200813,LT,NC,0,B,0,L,0,27,178,33,33,7,1,0,0,0,0,0,0,0,0,1,7,0,0,0,0,9,9,,,
20200813NCLT0,20200813,NC,LT,0,T,0,W,0,27,120,43,39,14,1,0,1,0,0,0,0,3,0,0,6,0,0,0,1,2,2,,,
20200813OBSS0,20200813,SS,OB,0,B,0,W,3,27,164,38,33,9,1,0,2,1,0,0,0,4,0,1,11,0,0,0,1,2,2,,,
20200813OBSS0,20200813,OB,SS,0,T,0,L,0,24,148,39,28,4,0,0,1,1,1,0,1,9,0,0,5,0,0,0,0,3,3,,,
20200813SKKT0,20200813,KT,SK,0,B,0,L,0,27,154,48,36,10,2,0,1,1,0,0,1,11,0,0,5,0,1,0,1,10,9,,,
20200813SKKT0,20200813,SK,KT,0,T,0,W,0,27,195,47,41,16,1,0,1,0,0,0,2,4,0,0,17,0,0,0,0,6,6,,,
20200814KTOB0,20200814,OB,KT,0,B,0,L,0,36,194,53,45,10,0,0,2,2,0,0,0,5,1,0,7,0,0,1,0,5,4,,,
20200814KTOB0,20200814,KT,OB,0,T,0,W,2,36,213,49,47,12,2,0,0,2,0,0,0,0,0,0,9,0,0,0,0,3,3,,,
20200814LGNC0,20200814,NC,LG,0,B,0,L,0,27,206,40,36,8,3,0,0,1,0,0,0,3,0,1,6,0,1,0,0,10,10,,,
20200814LGNC0,20200814,LG,NC,0,T,0,W,0,27,151,49,43,18,2,1,4,0,0,0,0,5,0,0,13,0,0,0,1,4,4,,,
20200814SKHT0,20200814,HT,SK,0,B,0,W,0,27,167,40,31,7,2,0,1,0,0,0,0,8,0,2,6,0,0,0,1,6,6,,,
20200814SKHT0,20200814,SK,HT,0,T,0,L,2,25,151,43,31,12,1,0,0,1,2,2,1,8,0,0,3,0,0,0,1,7,7,,,
20200814SSHH0,20200814,SS,HH,0,T,0,W,0,27,144,44,41,15,4,0,1,2,0,0,0,3,0,0,8,0,0,0,0,1,1,,,
20200814SSHH0,20200814,HH,SS,0,B,0,L,0,27,186,33,30,4,1,0,0,0,0,0,0,2,0,1,6,1,1,0,0,10,10,,,
20200814WOLT0,20200814,WO,LT,0,T,0,L,0,24,122,35,32,5,2,0,0,0,0,0,0,3,0,0,6,0,0,0,0,5,5,,,
20200814WOLT0,20200814,LT,WO,0,B,0,W,2,27,141,38,31,11,2,0,0,0,1,0,1,4,1,0,7,0,0,0,0,1,0,,,
20200815KTOB0,20200815,OB,KT,0,B,0,W,1,27,171,41,38,13,2,0,1,3,0,0,0,3,0,1,8,1,0,0,0,5,4,,,
20200815KTOB0,20200815,KT,OB,0,T,0,L,2,26,145,41,34,7,2,1,1,1,0,0,0,6,0,0,3,0,1,0,1,7,4,,,
20200815LGNC0,20200815,NC,LG,0,B,0,L,0,27,177,38,34,10,0,0,2,0,0,0,1,2,0,2,9,0,2,0,0,13,13,,,
20200815LGNC0,20200815,LG,NC,0,T,0,W,0,27,149,45,40,15,4,0,2,0,0,0,1,3,0,0,13,0,1,0,0,4,4,,,
20200815SKHT0,20200815,HT,SK,0,B,0,W,0,27,137,44,41,17,2,1,1,0,0,0,0,3,0,0,1,0,1,0,0,3,3,,,
20200815SKHT0,20200815,SK,HT,0,T,0,L,0,24,142,36,33,9,2,0,0,0,1,0,0,3,0,0,5,2,1,0,0,10,10,,,
20200815SSHH0,20200815,HH,SS,0,B,0,L,0,27,153,35,30,7,0,0,0,1,3,0,0,5,0,0,11,1,0,0,0,2,2,,,
20200815SSHH0,20200815,SS,HH,0,T,0,W,0,27,155,34,29,3,0,0,1,0,0,0,0,4,0,0,7,0,1,0,1,0,0,,,
20200815WOLT0,20200815,LT,WO,0,B,0,L,0,27,128,36,35,7,0,0,0,0,0,0,0,1,0,0,4,0,0,0,0,3,3,,,
20200815WOLT0,20200815,WO,LT,0,T,0,W,1,27,121,36,34,9,4,0,0,0,0,0,0,2,0,0,6,0,0,0,1,1,0,,,
20200816KTOB0,20200816,KT,OB,0,T,0,W,2,27,140,41,35,11,5,0,0,1,0,1,1,3,0,0,6,1,0,0,0,1,1,,,
20200816KTOB0,20200816,OB,KT,0,B,0,L,0,27,157,35,28,3,1,0,0,1,0,0,0,6,0,1,5,1,0,0,0,4,2,,,
20200816LGNC0,20200816,NC,LG,0,B,0,L,0,27,163,37,34,9,5,0,0,0,0,0,0,2,0,1,3,1,0,0,1,6,3,,,
20200816LGNC0,20200816,LG,NC,0,T,0,W,1,27,149,41,32,7,0,0,2,0,1,1,0,8,0,0,6,0,0,0,0,5,5,,,
20200816SKHT0,20200816,HT,SK,0,B,0,W,2,27,179,41,38,15,2,0,1,0,1,0,0,3,0,0,13,0,1,0,0,5,5,,,
20200816SKHT0,20200816,SK,HT,0,T,0,L,0,24,167,41,34,7,2,0,0,0,0,0,0,7,0,0,10,0,2,1,0,8,8,,,
20200816SSHH0,20200816,HH,SS,0,B,0,W,2,27,134,31,26,2,1,0,0,0,0,0,0,4,0,2,9,0,0,0,0,2,2,,,
20200816SSHH0,20200816,SS,HH,0,T,0,L,0,24,109,34,32,5,1,0,2,1,0,0,0,1,0,0,4,0,0,0,1,3,3,,,
20200816WOLT0,20200816,WO,LT,0,T,0,W,3,27,125,41,35,9,5,0,1,1,0,0,1,2,0,0,5,0,0,0,1,3,3,,,
20200816WOLT0,20200816,LT,WO,0,B,0,L,0,27,155,36,30,6,1,0,0,3,0,0,1,4,0,4,4,1,1,0,0,6,6,,,
20200818HHSK0,20200818,HH,SK,0,T,0,L,0,24,146,43,32,6,2,0,0,0,0,0,0,7,0,0,4,0,1,0,0,9,4,,,
20200818HHSK0,20200818,SK,HH,0,B,0,W,0,27,181,40,31,8,2,0,2,0,0,1,1,5,0,6,16,0,0,0,0,3,3,,,
20200818HTLG0,20200818,LG,HT,0,B,0,W,0,30,178,40,37,12,1,0,1,1,0,0,1,2,0,0,8,1,1,0,0,5,5,,,
20200818HTLG0,20200818,HT,LG,0,T,0,L,3,28,170,46,40,11,2,0,0,0,0,0,0,5,0,0,13,0,0,0,1,6,5,,,
20200818KTSS0,20200818,KT,SS,0,T,0,W,0,27,138,42,33,9,1,0,1,0,0,0,1,8,0,0,6,0,0,0,2,3,2,,,
20200818KTSS0,20200818,SS,KT,0,B,0,L,1,27,177,37,32,6,3,0,0,0,0,0,1,3,0,1,7,0,1,0,0,6,5,,,
20200818OBLT0,20200818,OB,LT,0,T,0,W,0,27,145,50,43,16,2,0,0,1,0,0,1,3,0,0,7,0,1,0,1,2,2,,,
20200818OBLT0,20200818,LT,OB,0,B,0,L,0,27,200,36,34,6,0,1,1,0,0,0,0,2,0,2,10,0,0,0,2,9,8,,,
20200818WONC0,20200818,NC,WO,0,B,0,W,0,27,136,32,27,7,3,0,1,0,1,1,1,2,0,2,6,1,0,0,0,1,1,,,
20200818WONC0,20200818,WO,NC,0,T,0,L,0,24,124,35,34,7,0,0,0,1,0,0,0,0,0,0,4,0,1,0,0,5,5,,,
20200819HHSK0,20200819,HH,SK,0,T,0,L,0,24,210,43,40,12,2,0,2,0,0,0,0,3,0,0,4,0,0,0,1,26,22,,,
20200819HHSK0,20200819,SK,HH,0,B,0,W,0,27,171,57,46,22,4,0,6,0,1,0,0,10,0,1,8,0,0,0,2,6,4,,,
20200819HTLG0,20200819,HT,LG,0,T,0,L,0,24,195,36,34,8,0,0,0,0,0,0,0,2,0,0,3,0,0,0,2,10,9,,,
20200819HTLG0,20200819,LG,HT,0,B,0,W,0,27,152,45,34,12,2,2,1,1,0,0,1,9,0,1,9,1,0,0,0,1,1,,,
20200819KTSS0,20200819,SS,KT,0,B,0,L,0,27,165,38,34,11,0,0,0,0,0,0,2,2,0,1,8,3,1,0,0,6,6,,,
20200819KTSS0,20200819,KT,SS,0,T,0,W,1,27,122,37,31,6,1,0,1,0,0,0,1,4,0,0,7,1,1,0,1,4,4,,,
20200819OBLT0,20200819,OB,LT,0,T,0,L,0,24,113,33,28,6,0,0,1,0,1,0,0,4,0,0,3,3,1,0,1,7,6,,,
20200819OBLT0,20200819,LT,OB,0,B,0,W,0,27,137,35,31,10,3,0,0,4,0,1,1,1,0,1,6,0,0,1,1,3,3,,,
20200819WONC0,20200819,NC,WO,0,B,0,L,0,27,152,40,36,7,1,0,1,0,0,0,0,4,0,2,5,0,0,0,1,6,5,,,
20200819WONC0,20200819,WO,NC,0,T,0,W,1,27,161,40,35,8,3,0,1,1,0,0,0,3,0,0,7,0,0,0,3,4,3,,,
20200820KTHH0,20200820,HH,KT,0,B,0,L,0,27,144,34,29,2,0,0,0,0,0,0,0,5,1,0,5,0,0,0,0,3,3,,,
20200820KTHH0,20200820,KT,HH,0,T,0,W,2,27,130,36,31,6,0,0,1,3,0,0,0,3,0,0,9,0,0,0,0,0,0,,,
20200820LGWO0,20200820,LG,WO,0,T,0,L,1,24,149,38,36,9,1,0,1,1,0,0,0,2,0,0,6,1,0,0,1,6,6,,,
20200820LGWO0,20200820,WO,LG,0,B,0,W,0,27,166,39,31,8,2,0,0,2,0,0,1,6,0,1,9,0,1,0,0,5,5,,,
20200820LTOB0,20200820,LT,OB,0,T,0,W,0,27,169,44,36,11,2,1,1,2,0,1,0,6,0,0,10,0,1,0,0,5,5,,,
20200820LTOB0,20200820,OB,LT,0,B,0,L,0,27,167,43,40,14,4,0,0,0,0,0,0,3,1,0,7,1,0,0,0,6,6,,,
20200820NCHT0,20200820,HT,NC,0,B,0,L,0,27,170,39,33,5,0,0,0,0,0,0,0,5,0,1,6,0,0,0,1,14,14,,,
20200820NCHT0,20200820,NC,HT,0,T,0,W,0,27,147,51,45,21,3,0,1,3,0,1,1,3,0,0,10,0,0,1,1,2,1,,,
20200820SSSK0,20200820,SK,SS,0,B,0,L,0,27,167,40,35,11,0,0,2,0,0,0,1,4,0,0,9,1,0,0,3,8,5,,,
20200820SSSK0,20200820,SS,SK,0,T,0,W,0,27,145,42,35,9,2,0,0,2,0,0,0,6,0,0,6,0,1,0,0,3,3,,,
20200821KTHH0,20200821,HH,KT,0,B,0,W,0,27,156,37,35,11,2,0,1,0,0,0,0,2,0,1,12,0,0,0,0,1,1,,,
20200821KTHH0,20200821,KT,HH,0,T,0,L,0,24,136,35,30,4,0,0,1,0,0,0,0,4,0,0,6,1,0,0,1,5,5,,,
20200821LGWO0,20200821,LG,WO,0,T,0,W,0,27,130,42,36,10,1,1,2,1,0,0,0,6,0,0,6,0,0,0,0,3,3,,,
20200821LGWO0,20200821,WO,LG,0,B,0,L,0,27,159,36,33,6,0,0,1,1,0,0,0,2,0,1,6,0,0,0,0,7,7,,,
20200821LTOB0,20200821,LT,OB,0,T,0,L,0,26,151,33,31,3,1,0,0,2,0,0,0,1,0,0,6,0,0,0,1,1,1,,,
20200821LTOB0,20200821,OB,LT,0,B,0,W,0,27,144,36,31,5,0,0,0,0,0,1,0,3,2,0,8,0,1,0,2,0,0,,,
20200821NCHT0,20200821,NC,HT,0,T,0,W,1,27,149,43,38,10,5,0,1,0,0,0,0,4,0,0,5,0,0,0,0,4,4,,,
20200821NCHT0,20200821,HT,NC,0,B,0,L,0,27,149,38,34,9,0,0,2,1,1,1,0,2,0,1,10,0,0,0,1,10,5,,,
20200821SSSK0,20200821,SK,SS,0,B,0,W,1,27,186,43,32,12,2,0,0,0,0,0,1,4,1,4,8,0,0,0,2,6,5,,,
20200821SSSK0,20200821,SS,SK,0,T,0,L,1,24,123,47,37,11,1,1,2,0,0,0,1,8,0,0,2,1,0,0,0,8,8,,,
20200822HHLG0,20200822,LG,HH,0,B,0,0,0,0,0,0,0,0,0,0,0,0,0,0,0,0,0,0,0,0,0,0,0,0,0,,,
20200822HHLG0,20200822,HH,LG,0,T,0,0,0,0,0,0,0,0,0,0,0,0,0,0,0,0,0,0,0,0,0,0,0,0,0,,,
20200822HTWO0,20200822,WO,HT,0,B,0,W,0,27,153,37,32,10,1,0,1,1,0,0,0,5,0,0,10,1,1,0,1,3,1,,,
20200822HTWO0,20200822,HT,WO,0,T,0,L,1,24,144,37,34,7,0,0,0,2,0,0,0,3,0,0,6,0,0,0,1,4,4,,,
20200822LTSS0,20200822,LT,SS,0,T,0,W,3,27,157,42,39,13,2,0,1,1,0,1,0,2,0,0,5,0,1,0,1,3,2,,,
20200822LTSS0,20200822,SS,LT,0,B,0,L,0,27,135,38,35,10,1,0,0,1,0,0,1,2,0,0,5,1,1,0,1,5,5,,,
20200822NCKT0,20200822,NC,KT,0,T,0,0,0,0,0,0,0,0,0,0,0,0,0,0,0,0,0,0,0,0,0,0,0,0,0,,,
20200822NCKT0,20200822,KT,NC,0,B,0,0,0,0,0,0,0,0,0,0,0,0,0,0,0,0,0,0,0,0,0,0,0,0,0,,,
20200822OBSK0,20200822,OB,SK,0,T,0,W,0,27,163,44,39,12,1,0,2,2,1,0,0,4,0,0,7,0,0,0,0,1,1,,,
20200822OBSK0,20200822,SK,OB,0,B,0,L,0,27,168,41,36,9,2,0,1,0,0,0,0,5,0,1,9,0,1,0,1,8,6,,,
20200823HHLG0,20200823,HH,LG,0,T,0,W,3,27,159,36,31,6,1,0,1,0,1,0,1,4,0,0,8,0,1,0,0,3,3,,,
20200823HHLG0,20200823,LG,HH,0,B,0,L,0,27,132,37,30,6,1,0,0,0,0,0,0,5,1,1,6,0,0,0,1,4,2,,,
20200823HTWO0,20200823,WO,HT,0,B,0,L,0,27,164,41,37,13,2,1,0,1,0,1,0,3,0,1,9,0,0,0,0,8,8,,,
20200823HTWO0,20200823,HT,WO,0,T,0,W,2,27,163,41,36,11,0,0,3,0,0,0,1,2,0,0,9,0,1,0,0,7,7,,,
20200823LTSS0,20200823,SS,LT,0,B,0,L,0,27,167,35,31,4,0,0,0,0,0,0,0,4,0,0,7,0,1,0,1,11,8,,,
20200823LTSS0,20200823,LT,SS,0,T,0,W,0,27,149,43,37,10,2,0,3,1,1,0,0,6,0,0,7,0,0,0,0,0,0,,,
20200823NCKT0,20200823,KT,NC,0,B,0,W,0,27,150,42,34,13,2,0,3,0,2,0,0,8,0,1,7,0,0,0,0,1,1,,,
20200823NCKT0,20200823,NC,KT,0,T,0,L,0,24,160,40,35,9,2,0,0,0,0,0,0,4,0,0,6,0,0,0,0,10,10,,,
20200823OBSK0,20200823,SK,OB,0,B,0,L,0,27,158,40,34,9,1,1,0,0,1,0,1,4,0,3,4,0,0,1,1,8,7,,,
20200823OBSK0,20200823,OB,SK,0,T,0,W,0,27,165,45,35,9,0,0,3,3,0,1,0,7,0,0,7,0,0,0,0,1,1,,,
20200824HHLG0,20200824,HH,LG,0,T,0,W,1,27,158,46,38,14,1,2,0,0,0,1,2,3,0,0,6,0,1,0,2,3,2,,,
20200824HHLG0,20200824,LG,HH,0,B,0,L,0,27,177,37,32,5,1,0,0,1,0,0,0,4,0,1,7,0,1,0,1,6,5,,,
20200824NCKT0,20200824,KT,NC,0,B,0,W,0,27,139,41,37,14,1,0,1,1,1,0,0,4,0,1,4,0,0,0,0,1,1,,,
20200824NCKT0,20200824,NC,KT,0,T,0,L,0,24,158,37,34,8,0,0,0,1,0,0,0,2,0,0,9,0,0,0,0,8,8,,,
20200825HHNC0,20200825,NC,HH,0,B,0,W,0,27,179,40,38,15,3,0,6,1,0,0,0,2,0,2,9,0,0,0,0,3,3,,,
20200825HHNC0,20200825,HH,NC,0,T,0,L,0,24,150,43,37,11,1,1,0,0,0,0,0,4,0,0,7,0,0,0,0,11,11,,,
20200825HTOB0,20200825,OB,HT,0,B,0,W,2,27,172,43,37,15,1,0,3,0,1,0,0,5,0,2,5,1,0,0,1,8,5,,,
20200825HTOB0,20200825,HT,OB,0,T,0,L,0,24,174,45,34,9,2,0,1,2,0,0,0,9,0,0,2,1,0,0,0,10,8,,,
20200825LGSS0,20200825,LG,SS,0,T,0,L,0,24,114,40,33,7,1,0,1,1,1,0,0,4,0,0,4,0,0,0,0,4,4,,,
20200825LGSS0,20200825,SS,LG,0,B,0,W,2,27,166,31,31,7,1,0,2,0,0,0,0,0,0,3,8,0,0,0,1,3,3,,,
20200825SKLT0,20200825,SK,LT,0,T,0,W,0,27,175,46,37,11,3,0,2,1,0,0,0,7,0,0,6,0,3,0,2,8,7,,,
20200825SKLT0,20200825,LT,SK,0,B,0,L,0,27,173,43,38,11,1,0,1,0,0,0,1,4,0,2,3,0,1,0,1,10,10,,,
20200825WOKT0,20200825,WO,KT,0,T,0,W,1,27,127,44,36,10,0,0,0,0,0,0,0,5,0,0,7,0,0,0,0,1,1,,,
20200825WOKT0,20200825,KT,WO,0,B,0,L,0,27,167,33,32,5,2,0,0,0,0,0,0,1,1,1,6,0,1,0,2,4,3,,,
20200826HHNC0,20200826,NC,HH,0,B,0,W,1,27,156,40,36,11,2,0,2,1,0,0,0,3,0,4,8,1,0,0,2,5,5,,,
20200826HHNC0,20200826,HH,NC,0,T,0,L,0,24,150,39,34,7,1,0,1,0,0,0,0,2,0,0,6,1,0,0,2,9,6,,,
20200826HTOB0,20200826,OB,HT,0,B,0,L,0,27,177,43,35,11,1,0,1,0,0,0,2,6,0,0,5,0,1,0,0,7,7,,,
20200826HTOB0,20200826,HT,OB,0,T,0,W,3,27,172,46,41,15,1,0,1,0,0,0,0,4,0,0,8,0,1,0,0,5,4,,,
20200826LGSS0,20200826,SS,LG,0,B,0,L,5,27,138,37,35,9,0,0,1,0,0,0,0,1,0,1,7,1,1,0,0,8,8,,,
20200826LGSS0,20200826,LG,SS,0,T,0,W,1,27,139,39,36,10,1,0,4,0,0,0,0,3,0,0,6,0,0,0,1,5,5,,,
20200826SKLT0,20200826,LT,SK,0,B,0,W,0,27,131,37,28,4,0,0,0,0,0,0,0,8,0,1,7,0,0,0,0,1,1,,,
20200826SKLT0,20200826,SK,LT,0,T,0,L,0,24,140,31,29,4,0,0,1,1,0,0,0,2,0,0,4,1,1,0,0,3,3,,,
20200826WOKT0,20200826,KT,WO,0,B,0,W,0,30,153,44,36,10,2,0,1,0,0,0,0,6,0,0,6,1,0,0,0,5,5,,,
20200826WOKT0,20200826,WO,KT,0,T,0,L,4,28,210,40,36,8,0,1,2,1,0,1,0,3,0,0,6,1,1,0,0,6,6,,,
20200827HTSK0,20200827,SK,HT,0,B,0,W,1,27,139,42,36,14,4,0,2,1,0,1,1,2,0,2,12,0,0,0,0,4,4,,,
20200827HTSK0,20200827,HT,SK,0,T,0,L,0,24,140,37,33,8,2,0,0,0,1,1,0,2,0,0,6,0,0,0,0,10,5,,,
20200827KTLG0,20200827,LG,KT,0,B,0,W,1,27,142,31,29,6,0,1,0,1,1,0,0,2,0,2,5,0,0,0,0,0,0,,,
20200827KTLG0,20200827,KT,LG,0,T,0,L,0,24,122,35,29,2,1,0,0,0,0,0,0,4,0,0,7,0,0,0,1,2,1,,,
20200827OBNC0,20200827,NC,OB,0,B,0,W,0,27,151,40,35,13,2,1,1,0,0,0,0,4,0,1,4,1,0,0,0,2,2,,,
20200827OBNC0,20200827,OB,NC,0,T,0,L,0,24,163,39,37,13,6,0,0,0,1,0,0,2,0,0,9,1,1,0,1,8,8,,,
20200827SSHH0,20200827,SS,HH,0,T,0,L,0,24,146,33,32,8,0,0,0,1,1,0,0,0,0,0,3,1,0,0,0,7,7,,,
20200827SSHH0,20200827,HH,SS,0,B,0,W,0,27,128,38,33,11,1,1,0,0,0,1,0,4,0,1,6,1,1,0,1,0,0,,,
20200827WOLT0,20200827,LT,WO,0,B,0,L,0,27,152,43,36,12,2,0,0,0,0,0,1,5,0,2,2,1,0,0,2,11,9,,,
20200827WOLT0,20200827,WO,LT,0,T,0,W,0,27,168,45,40,15,5,0,3,2,0,1,0,3,0,0,5,1,0,0,0,6,6,,,
20200828HTSK0,20200828,SK,HT,0,B,0,L,0,27,193,44,33,11,2,2,1,0,1,0,0,5,0,2,8,1,1,1,1,11,11,,,
20200828HTSK0,20200828,HT,SK,0,T,0,W,1,27,180,45,39,13,0,0,4,0,0,2,0,3,0,0,10,0,1,0,0,8,7,,,
20200828KTLG0,20200828,KT,LG,0,T,0,L,1,32,177,40,36,5,1,0,2,1,1,0,0,1,0,0,6,1,2,0,0,6,6,,,
20200828KTLG0,20200828,LG,KT,0,B,0,W,0,33,164,47,40,12,3,0,0,0,0,0,0,1,1,1,13,0,0,0,0,5,5,,,
20200828OBNC0,20200828,NC,OB,0,B,0,L,0,27,197,39,35,10,1,1,1,0,0,0,0,4,0,2,4,0,0,0,1,11,11,,,
20200828OBNC0,20200828,OB,NC,0,T,0,W,0,27,145,52,46,18,1,0,4,0,0,0,0,4,0,0,4,0,1,0,0,4,4,,,
20200828SSHH0,20200828,HH,SS,0,B,0,0,0,0,0,0,0,0,0,0,0,0,0,0,0,0,0,0,0,0,0,0,0,0,0,,,
20200828SSHH0,20200828,SS,HH,0,T,0,0,0,0,0,0,0,0,0,0,0,0,0,0,0,0,0,0,0,0,0,0,0,0,0,,,
20200828WOLT0,20200828,WO,LT,0,T,0,W,0,27,129,44,36,11,3,0,2,2,1,0,1,6,0,0,3,0,0,0,0,4,4,,,
20200828WOLT0,20200828,LT,WO,0,B,0,L,1,27,196,40,37,12,2,0,2,2,0,0,0,2,1,1,7,1,1,0,1,8,7,,,
20200829HHLT0,20200829,HH,LT,0,T,0,L,0,24,135,40,38,11,0,1,2,0,0,0,0,2,0,0,5,0,1,0,0,9,9,,,
20200829HHLT0,20200829,LT,HH,0,B,0,W,1,27,166,40,33,11,3,0,4,1,0,0,1,4,0,0,13,0,0,0,1,7,7,,,
20200829KTHT0,20200829,KT,HT,0,T,0,0,0,0,0,0,0,0,0,0,0,0,0,0,0,0,0,0,0,0,0,0,0,0,0,,,
20200829KTHT0,20200829,HT,KT,0,B,0,0,0,0,0,0,0,0,0,0,0,0,0,0,0,0,0,0,0,0,0,0,0,0,0,,,
20200829OBLG0,20200829,OB,LG,0,T,0,D,2,27,154,38,35,11,3,0,1,2,1,0,0,3,0,0,13,0,0,0,0,5,5,,,
20200829OBLG0,20200829,LG,OB,0,B,0,D,0,27,140,38,37,10,2,0,2,0,0,0,0,1,0,0,3,0,1,0,0,5,5,,,
20200829SKNC0,20200829,SK,NC,0,T,0,L,0,24,153,37,35,9,0,0,2,0,0,0,0,2,0,0,4,0,1,0,2,9,9,,,
20200829SKNC0,20200829,NC,SK,0,B,0,W,0,27,135,39,35,14,3,0,2,1,3,0,0,2,1,1,5,0,0,0,0,5,5,,,
20200829SSWO0,20200829,WO,SS,0,B,0,L,1,27,142,35,30,8,2,0,0,0,0,0,1,3,0,0,10,1,0,0,1,5,5,,,
20200829SSWO0,20200829,SS,WO,0,T,0,W,0,27,119,40,37,10,2,0,0,1,0,0,0,2,0,0,3,0,0,0,0,4,4,,,
20200830HHLT0,20200830,LT,HH,0,B,0,W,0,27,127,37,34,10,3,0,0,2,0,0,0,3,0,0,6,0,0,0,1,2,2,,,
20200830HHLT0,20200830,HH,LT,0,T,0,L,0,24,145,35,33,6,1,0,0,1,0,0,0,2,0,0,6,0,1,0,1,6,2,,,
20200830KTHT1,20200830,KT,HT,1,T,0,W,2,27,149,46,34,7,2,0,1,0,1,0,0,11,0,0,8,0,1,0,1,5,5,,,
20200830KTHT1,20200830,HT,KT,1,B,0,L,0,27,177,40,33,10,1,0,0,0,0,0,1,3,0,1,7,1,0,0,2,8,7,,,
20200830KTHT2,20200830,KT,HT,2,T,0,L,0,24,126,41,37,10,1,1,1,1,0,0,1,3,0,0,1,0,0,0,1,7,4,,,
20200830KTHT2,20200830,HT,KT,2,B,0,W,3,27,162,38,34,10,2,0,1,1,0,0,0,4,0,0,10,0,1,0,1,5,4,,,
20200830OBLG0,20200830,OB,LG,0,T,0,L,0,24,162,32,31,7,1,0,0,0,1,0,0,0,0,0,6,1,1,0,1,4,4,,,
20200830OBLG0,20200830,LG,OB,0,B,0,W,1,27,126,37,30,8,2,0,1,2,0,1,0,5,1,1,5,0,1,0,0,1,1,,,
20200830SKNC0,20200830,SK,NC,0,T,0,L,0,24,139,37,33,7,1,0,3,0,0,0,0,3,0,0,5,0,0,0,1,7,7,,,
20200830SKNC0,20200830,NC,SK,0,B,0,W,4,27,132,38,28,7,2,1,0,0,0,1,1,6,1,1,7,0,0,0,0,4,4,,,
20200830SSWO0,20200830,WO,SS,0,B,0,W,1,27,131,37,34,11,1,1,0,3,1,0,0,3,0,0,5,1,0,0,0,2,2,,,
20200830SSWO0,20200830,SS,WO,0,T,0,L,0,24,178,37,34,10,0,0,0,2,0,1,1,1,0,0,4,0,0,0,1,3,3,,,
20200901HHOB0,20200901,HH,OB,0,T,0,L,0,24,137,29,29,3,0,0,0,0,0,0,0,0,0,0,5,1,1,0,0,4,3,,,
20200901HHOB0,20200901,OB,HH,0,B,0,W,0,27,125,36,33,10,2,0,0,1,0,0,1,2,0,0,9,1,0,0,0,0,0,,,
20200901LGSK0,20200901,LG,SK,0,T,0,W,2,27,166,49,38,11,3,0,3,0,0,0,1,7,0,0,8,0,1,0,0,5,5,,,
20200901LGSK0,20200901,SK,LG,0,B,0,L,0,27,193,42,35,10,0,0,0,1,0,0,1,5,2,1,10,1,1,0,1,13,11,,,
20200901LTKT0,20200901,LT,KT,0,T,0,L,0,24,163,35,29,6,1,0,0,0,1,0,0,6,0,0,7,0,0,0,0,11,8,,,
20200901LTKT0,20200901,KT,LT,0,B,0,W,0,27,153,41,37,14,2,0,2,2,0,0,0,3,0,0,3,1,0,0,0,2,2,,,
20200901NCWO0,20200901,NC,WO,0,T,0,W,3,27,135,38,32,10,2,0,1,0,1,0,2,4,0,0,7,0,0,0,0,2,2,,,
20200901NCWO0,20200901,WO,NC,0,B,0,L,0,27,160,35,33,6,2,0,0,0,0,0,0,2,0,0,10,0,0,0,1,5,5,,,
20200901SSHT0,20200901,SS,HT,0,T,0,L,0,24,188,31,30,4,0,0,0,0,0,0,0,1,0,0,9,2,0,0,0,6,6,,,
20200901SSHT0,20200901,HT,SS,0,B,0,W,0,27,121,40,31,9,2,0,1,0,1,0,0,9,0,0,5,0,0,0,1,0,0,,,
20200902HHOB0,20200902,HH,OB,0,T,0,0,0,0,0,0,0,0,0,0,0,0,0,0,0,0,0,0,0,0,0,0,0,0,0,,,
20200902HHOB0,20200902,OB,HH,0,B,0,0,0,0,0,0,0,0,0,0,0,0,0,0,0,0,0,0,0,0,0,0,0,0,0,,,
20200902LGSK0,20200902,SK,LG,0,B,0,0,0,0,0,0,0,0,0,0,0,0,0,0,0,0,0,0,0,0,0,0,0,0,0,,,
20200902LGSK0,20200902,LG,SK,0,T,0,0,0,0,0,0,0,0,0,0,0,0,0,0,0,0,0,0,0,0,0,0,0,0,0,,,
20200902LTKT0,20200902,KT,LT,0,B,0,0,0,0,0,0,0,0,0,0,0,0,0,0,0,0,0,0,0,0,0,0,0,0,0,,,
20200902LTKT0,20200902,LT,KT,0,T,0,0,0,0,0,0,0,0,0,0,0,0,0,0,0,0,0,0,0,0,0,0,0,0,0,,,
20200902NCWO0,20200902,NC,WO,0,T,0,L,0,24,164,38,34,9,4,0,1,0,0,0,0,2,0,0,7,0,1,0,0,6,5,,,
20200902NCWO0,20200902,WO,NC,0,B,0,W,0,27,136,41,31,7,2,0,0,1,0,0,0,7,0,5,5,0,0,0,0,4,4,,,
20200902SSHT0,20200902,SS,HT,0,T,0,0,0,0,0,0,0,0,0,0,0,0,0,0,0,0,0,0,0,0,0,0,0,0,0,,,
20200902SSHT0,20200902,HT,SS,0,B,0,0,0,0,0,0,0,0,0,0,0,0,0,0,0,0,0,0,0,0,0,0,0,0,0,,,
20200903HTLT0,20200903,LT,HT,0,B,0,L,0,27,133,33,30,5,2,0,0,1,1,0,0,2,0,1,7,0,0,0,0,4,4,,,
20200903HTLT0,20200903,HT,LT,0,T,0,W,1,27,129,38,36,10,1,0,2,0,0,1,0,1,0,0,6,0,1,0,0,3,3,,,
20200903NCLG0,20200903,NC,LG,0,T,0,L,3,24,131,43,40,16,2,0,0,3,0,0,0,2,0,0,8,1,0,0,2,6,2,,,
20200903NCLG0,20200903,LG,NC,0,B,0,W,0,27,161,35,32,9,1,0,1,0,1,1,0,2,0,1,11,1,0,0,2,5,5,,,
20200903OBSS0,20200903,OB,SS,0,T,0,L,0,24,178,41,38,10,3,1,3,1,0,0,0,3,0,0,6,1,1,0,3,11,10,,,
20200903OBSS0,20200903,SS,OB,0,B,0,W,1,27,143,41,35,16,5,1,1,1,1,1,1,4,0,0,4,2,0,0,2,10,6,,,
20200903SKKT0,20200903,KT,SK,0,B,0,W,0,27,126,38,34,12,3,0,0,1,1,0,0,4,0,0,2,1,0,0,0,2,2,,,
20200903SKKT0,20200903,SK,KT,0,T,0,L,0,24,162,37,32,8,1,0,0,1,0,0,0,5,0,0,6,0,1,0,0,6,6,,,
20200903WOHH0,20200903,WO,HH,0,T,0,W,2,27,157,40,34,9,0,0,1,2,1,0,1,5,0,0,8,0,1,0,1,5,3,,,
20200903WOHH0,20200903,HH,WO,0,B,0,L,0,27,168,44,38,11,2,0,1,0,1,0,0,4,0,2,8,0,0,0,0,6,6,,,
20200904HTLT1,20200904,HT,LT,1,T,0,W,1,27,158,40,34,8,3,0,1,0,0,1,0,3,0,0,10,1,1,0,0,3,3,,,
20200904HTLT1,20200904,LT,HT,1,B,0,L,0,27,152,36,29,5,0,0,0,0,0,0,1,5,0,2,7,1,0,0,1,6,5,,,
20200904HTLT2,20200904,HT,LT,2,T,0,L,0,24,146,40,37,10,2,0,1,1,0,0,0,3,0,0,4,0,0,0,0,9,9,,,
20200904HTLT2,20200904,LT,HT,2,B,0,W,1,27,166,38,34,14,0,0,2,1,0,0,1,2,0,1,11,3,1,0,0,7,7,,,
20200904NCLG0,20200904,NC,LG,0,T,0,D,3,36,222,55,46,13,1,0,0,3,1,0,1,2,0,0,14,0,1,0,1,5,5,,,
20200904NCLG0,20200904,LG,NC,0,B,0,D,0,36,235,57,46,13,1,1,0,2,0,2,0,6,1,3,15,0,1,0,1,5,5,,,
20200904OBSS0,20200904,SS,OB,0,B,0,W,0,27,160,48,37,16,3,0,2,1,0,0,2,9,0,0,12,2,1,0,0,5,5,,,
20200904OBSS0,20200904,OB,SS,0,T,0,L,0,24,191,38,32,8,1,0,0,0,0,0,1,5,0,0,3,1,0,0,1,12,11,,,
20200904SKKT1,20200904,SK,KT,1,T,0,L,0,24,162,35,32,5,0,0,1,0,0,0,0,2,0,0,7,0,0,0,1,10,10,,,
20200904SKKT1,20200904,KT,SK,1,B,0,W,0,27,121,38,35,13,3,0,3,2,2,0,0,3,0,1,6,0,0,0,0,2,2,,,
20200904SKKT2,20200904,SK,KT,2,T,0,L,0,26,156,36,34,10,2,0,2,0,1,0,1,0,0,0,3,0,0,0,0,7,7,,,
20200904SKKT2,20200904,KT,SK,2,B,0,W,0,27,119,43,33,9,2,0,2,0,0,0,1,9,0,0,6,0,0,0,0,5,5,,,
20200904WOHH0,20200904,WO,HH,0,T,0,L,0,24,174,36,32,6,1,0,0,2,0,0,0,4,0,0,7,0,1,0,1,7,7,,,
20200904WOHH0,20200904,HH,WO,0,B,0,W,1,27,147,40,30,10,1,0,0,0,1,2,0,7,0,0,8,0,0,0,0,1,1,,,
20200905HTHH0,20200905,HT,HH,0,T,0,W,2,27,141,44,36,13,4,0,0,0,1,0,0,6,0,0,11,0,1,0,1,4,4,,,
20200905HTHH0,20200905,HH,HT,0,B,0,L,0,27,156,37,33,8,2,0,1,0,0,0,1,3,0,0,5,1,1,0,0,5,5,,,
20200905KTWO0,20200905,KT,WO,0,T,0,W,0,27,120,44,37,11,1,0,2,0,0,0,0,5,0,0,7,0,0,0,0,1,1,,,
20200905KTWO0,20200905,WO,KT,0,B,0,L,0,27,183,32,32,5,1,0,0,0,0,0,0,0,0,1,8,0,1,0,1,8,8,,,
20200905LGLT0,20200905,LT,LG,0,B,0,0,0,0,0,0,0,0,0,0,0,0,0,0,0,0,0,0,0,0,0,0,0,0,0,,,
20200905LGLT0,20200905,LG,LT,0,T,0,0,0,0,0,0,0,0,0,0,0,0,0,0,0,0,0,0,0,0,0,0,0,0,0,,,
20200905NCSS0,20200905,SS,NC,0,B,0,0,0,0,0,0,0,0,0,0,0,0,0,0,0,0,0,0,0,0,0,0,0,0,0,,,
20200905NCSS0,20200905,NC,SS,0,T,0,0,0,0,0,0,0,0,0,0,0,0,0,0,0,0,0,0,0,0,0,0,0,0,0,,,
20200905SKOB0,20200905,SK,OB,0,T,0,L,0,24,159,32,30,5,0,0,1,0,0,0,0,1,0,0,5,0,0,0,0,5,5,,,
20200905SKOB0,20200905,OB,SK,0,B,0,W,0,27,117,38,29,6,1,0,0,0,1,0,0,9,0,1,7,0,0,0,0,1,1,,,
20200906HTHH0,20200906,HT,HH,0,T,0,W,0,27,148,41,35,10,5,0,1,0,1,1,1,3,0,0,13,0,1,0,0,4,4,,,
20200906HTHH0,20200906,HH,HT,0,B,0,L,0,27,167,36,36,10,1,0,2,0,0,0,0,0,0,1,9,0,0,0,1,8,7,,,
20200906KTWO0,20200906,WO,KT,0,B,0,L,0,27,187,38,34,9,2,0,2,0,1,0,0,3,1,2,6,0,0,0,1,8,7,,,
20200906KTWO0,20200906,KT,WO,0,T,0,W,2,27,167,45,38,12,2,0,0,0,0,0,1,3,0,0,10,1,0,0,0,7,7,,,
20200906LGLT0,20200906,LG,LT,0,T,0,W,1,27,121,44,42,14,4,0,2,0,0,0,0,0,0,0,4,0,0,0,1,1,1,,,
20200906LGLT0,20200906,LT,LG,0,B,0,L,0,27,163,33,29,3,1,0,0,0,0,0,0,4,1,0,8,0,0,0,1,7,5,,,
20200906NCSS1,20200906,SS,NC,1,B,0,W,0,27,130,37,34,10,0,0,3,0,0,0,0,3,0,0,10,0,0,0,0,3,3,,,
20200906NCSS1,20200906,NC,SS,1,T,0,L,0,24,147,33,31,5,0,0,1,0,0,0,0,2,0,0,5,0,0,0,0,5,5,,,
20200906NCSS2,20200906,SS,NC,2,B,0,0,0,0,0,0,0,0,0,0,0,0,0,0,0,0,0,0,0,0,0,0,0,0,0,,,
20200906NCSS2,20200906,NC,SS,2,T,0,0,0,0,0,0,0,0,0,0,0,0,0,0,0,0,0,0,0,0,0,0,0,0,0,,,
20200906SKOB0,20200906,SK,OB,0,T,0,L,0,24,165,33,31,3,0,0,0,0,0,0,0,2,0,0,3,0,2,0,1,10,9,,,
20200906SKOB0,20200906,OB,SK,0,B,0,W,0,27,111,43,38,14,2,0,2,0,0,0,0,5,0,0,7,0,0,0,1,0,0,,,
20200907LGLT0,20200907,LG,LT,0,T,0,L,0,24,172,43,40,16,2,0,1,0,0,0,0,3,0,0,4,2,0,0,0,12,12,,,
20200907LGLT0,20200907,LT,LG,0,B,0,W,0,27,181,45,39,16,6,0,2,0,0,0,0,5,0,1,9,1,0,0,1,6,5,,,
20200908HHSS0,20200908,HH,SS,0,T,0,W,0,30,173,43,36,10,2,0,0,0,0,1,2,2,0,0,6,0,0,0,1,2,2,,,
20200908HHSS0,20200908,SS,HH,0,B,0,L,0,30,173,40,36,7,1,0,0,0,0,1,0,3,0,0,9,0,0,0,0,4,4,,,
20200908KTOB0,20200908,OB,KT,0,B,0,W,0,27,157,39,36,12,7,0,1,0,0,0,0,3,0,0,7,0,1,0,1,0,0,,,
20200908KTOB0,20200908,KT,OB,0,T,0,L,0,24,132,38,33,6,1,0,0,0,1,0,0,5,0,0,5,0,2,0,0,8,8,,,
20200908LGHT0,20200908,LG,HT,0,T,0,L,0,24,124,43,35,11,3,1,0,0,0,0,0,6,0,0,5,1,0,0,1,3,1,,,
20200908LGHT0,20200908,HT,LG,0,B,0,W,1,27,160,34,31,7,4,0,0,0,0,0,0,2,1,2,3,0,1,0,0,2,2,,,
20200908LTNC0,20200908,NC,LT,0,B,0,W,0,27,149,46,42,17,5,0,0,0,0,0,0,2,0,0,6,0,1,0,0,2,2,,,
20200908LTNC0,20200908,LT,NC,0,T,0,L,0,24,168,38,33,6,1,0,0,1,0,0,0,5,0,0,6,0,1,0,0,14,10,,,
20200908WOSK0,20200908,SK,WO,0,B,0,L,1,27,196,51,45,16,4,0,3,0,0,1,0,4,0,1,7,0,1,0,0,16,16,,,
20200908WOSK0,20200908,WO,SK,0,T,0,W,1,27,186,49,43,17,4,0,5,0,0,0,0,5,0,0,8,0,0,0,2,15,12,,,
20200909HHSS1,20200909,SS,HH,1,B,0,D,0,27,137,36,31,7,0,0,1,2,1,1,0,3,0,2,5,0,0,0,3,4,4,,,
20200909HHSS1,20200909,HH,SS,1,T,0,D,0,27,163,42,38,10,1,0,2,0,0,1,0,2,0,0,11,0,0,0,0,4,4,,,
20200909HHSS2,20200909,HH,SS,2,T,0,W,0,27,127,43,37,12,1,0,1,0,0,0,0,4,0,0,4,1,0,0,1,0,0,,,
20200909HHSS2,20200909,SS,HH,2,B,0,L,0,27,152,35,31,3,0,0,0,0,0,0,0,4,0,2,10,0,0,0,0,7,7,,,
20200909KTOB0,20200909,KT,OB,0,T,0,W,0,33,161,43,38,5,0,0,0,1,0,0,0,2,0,0,6,0,0,0,0,2,2,,,
20200909KTOB0,20200909,OB,KT,0,B,0,L,0,33,179,46,41,10,2,0,0,0,0,1,1,3,0,0,13,0,1,0,2,4,3,,,
20200909LGHT0,20200909,LG,HT,0,T,0,0,0,0,0,0,0,0,0,0,0,0,0,0,0,0,0,0,0,0,0,0,0,0,0,,,
20200909LGHT0,20200909,HT,LG,0,B,0,0,0,0,0,0,0,0,0,0,0,0,0,0,0,0,0,0,0,0,0,0,0,0,0,,,
20200909LTNC0,20200909,NC,LT,0,B,0,L,0,30,184,47,42,11,3,0,1,1,0,0,0,4,1,2,7,0,1,0,0,7,7,,,
20200909LTNC0,20200909,LT,NC,0,T,0,W,2,30,194,48,36,8,2,0,0,0,0,0,0,5,0,0,9,0,1,0,1,5,5,,,
20200909WOSK0,20200909,WO,SK,0,T,0,W,1,27,135,53,35,11,2,0,1,1,0,0,2,16,0,0,3,0,0,0,1,4,4,,,
20200909WOSK0,20200909,SK,WO,0,B,0,L,0,27,238,37,35,9,1,0,2,0,0,0,0,2,0,0,5,1,0,0,4,13,11,,,
20200910KTNC0,20200910,NC,KT,0,B,0,W,2,27,126,46,36,13,3,0,3,0,0,0,1,8,0,4,7,0,0,0,0,8,8,,,
20200910KTNC0,20200910,KT,NC,0,T,0,L,0,24,176,37,32,8,0,1,4,0,0,0,1,1,0,0,4,1,0,0,1,13,12,,,
20200910OBHT0,20200910,OB,HT,0,T,0,W,2,27,162,42,36,9,0,0,0,2,0,0,0,6,0,0,7,0,1,0,0,4,4,,,
20200910OBHT0,20200910,HT,OB,0,B,0,L,0,27,174,36,32,7,0,1,1,0,2,0,0,4,0,0,9,0,0,0,0,5,5,,,
20200910SKHH0,20200910,SK,HH,0,T,0,W,0,27,127,41,36,9,1,0,1,1,0,0,0,4,0,0,9,0,1,0,0,1,1,,,
20200910SKHH0,20200910,HH,SK,0,B,0,L,0,27,153,34,30,5,0,0,0,0,0,0,0,3,0,2,5,1,0,0,0,5,5,,,
20200910SSLT0,20200910,SS,LT,0,T,0,L,1,24,200,41,37,10,5,0,0,0,0,1,0,3,0,0,6,0,0,0,1,13,13,,,
20200910SSLT0,20200910,LT,SS,0,B,0,W,0,27,147,50,45,21,3,0,2,0,0,0,0,3,0,0,6,0,1,0,0,8,8,,,
20200910WOLG0,20200910,WO,LG,0,T,0,L,0,24,149,36,32,6,1,0,1,0,0,0,0,3,0,0,7,0,0,0,1,6,3,,,
20200910WOLG0,20200910,LG,WO,0,B,0,W,1,27,136,40,35,10,2,0,1,0,0,0,0,5,0,0,7,0,0,0,0,1,1,,,
20200911KTNC0,20200911,KT,NC,0,T,0,L,0,24,154,38,31,6,0,1,1,0,0,1,0,5,0,0,7,1,1,0,0,9,9,,,
20200911KTNC0,20200911,NC,KT,0,B,0,W,0,27,153,40,37,13,4,0,3,0,0,0,0,3,0,1,10,0,0,1,0,1,1,,,
20200911OBHT0,20200911,OB,HT,0,T,0,0,0,0,0,0,0,0,0,0,0,0,0,0,0,0,0,0,0,0,0,0,0,0,0,,,
20200911OBHT0,20200911,HT,OB,0,B,0,0,0,0,0,0,0,0,0,0,0,0,0,0,0,0,0,0,0,0,0,0,0,0,0,,,
20200911SKHH0,20200911,SK,HH,0,T,0,W,1,27,162,36,33,8,3,0,0,0,1,0,1,2,0,0,12,0,1,0,2,3,3,,,
20200911SKHH0,20200911,HH,SK,0,B,0,L,0,27,139,38,34,6,1,0,0,0,0,0,0,4,0,0,5,1,1,0,1,4,3,,,
20200911SSLT0,20200911,LT,SS,0,B,0,W,0,27,162,45,37,14,2,0,1,0,0,0,0,8,0,0,9,1,0,0,2,4,3,,,
20200911SSLT0,20200911,SS,LT,0,T,0,L,0,24,182,38,36,8,0,0,2,0,0,0,1,1,0,0,8,0,1,0,2,12,12,,,
20200911WOLG0,20200911,LG,WO,0,B,0,L,0,27,130,38,33,8,1,0,0,1,0,0,2,3,0,2,4,0,0,0,0,8,8,,,
20200911WOLG0,20200911,WO,LG,0,T,0,W,0,27,153,41,38,13,3,1,0,1,0,1,0,0,0,0,11,0,0,0,0,2,2,,,
20200912HHKT0,20200912,KT,HH,0,B,0,W,2,27,126,38,31,9,1,0,0,3,0,0,1,5,0,1,10,0,0,0,0,2,2,,,
20200912HHKT0,20200912,HH,KT,0,T,0,L,0,24,160,36,35,7,0,0,0,1,0,0,0,1,0,0,3,0,1,0,0,5,5,,,
20200912HTNC0,20200912,HT,NC,0,T,0,W,0,27,155,48,40,14,5,0,2,0,0,0,0,6,0,0,7,0,1,0,0,3,3,,,
20200912HTNC0,20200912,NC,HT,0,B,0,L,0,27,188,35,32,6,1,0,1,1,0,0,0,3,0,2,2,0,0,0,1,11,10,,,
20200912LTSK0,20200912,SK,LT,0,B,0,W,2,27,145,32,29,5,1,0,0,0,0,0,0,3,0,0,6,0,0,0,0,1,1,,,
20200912LTSK0,20200912,LT,SK,0,T,0,L,0,24,125,36,30,6,0,0,0,0,1,0,1,5,0,0,2,0,1,0,1,2,1,,,
20200912OBWO0,20200912,OB,WO,0,T,0,L,0,24,141,31,29,4,1,0,0,0,0,0,0,2,0,0,6,1,0,0,0,2,2,,,
20200912OBWO0,20200912,WO,OB,0,B,0,W,2,27,123,36,31,9,2,0,0,0,1,1,0,3,0,1,8,0,0,0,0,0,0,,,
20200912SSLG0,20200912,SS,LG,0,T,0,W,0,27,122,36,32,7,0,1,2,1,1,0,0,4,0,0,6,0,0,0,0,1,1,,,
20200912SSLG0,20200912,LG,SS,0,B,0,L,0,27,151,30,29,2,0,0,1,1,0,0,0,1,0,0,8,0,0,0,0,5,5,,,
20200913HHKT0,20200913,KT,HH,0,B,0,W,0,27,167,39,33,12,1,0,0,0,0,1,2,3,0,2,6,1,0,0,0,4,3,,,
20200913HHKT0,20200913,HH,KT,0,T,0,L,4,26,154,39,30,6,1,0,0,0,1,1,1,5,0,0,11,0,0,0,0,5,5,,,
20200913HTNC0,20200913,HT,NC,0,T,0,W,2,27,156,38,33,10,1,0,0,0,2,0,1,3,0,0,6,0,1,0,1,3,3,,,
20200913HTNC0,20200913,NC,HT,0,B,0,L,0,27,150,41,32,8,0,0,0,1,1,1,1,4,0,2,5,0,0,0,2,4,4,,,
20200913LTSK0,20200913,SK,LT,0,B,0,W,2,27,126,29,27,4,0,0,2,1,0,0,0,1,0,2,1,1,0,0,0,1,1,,,
20200913LTSK0,20200913,LT,SK,0,T,0,L,0,24,96,36,29,5,0,0,0,0,0,0,1,5,0,0,5,2,0,0,0,3,3,,,
20200913OBWO0,20200913,OB,WO,0,T,0,D,2,36,242,56,48,15,2,0,0,0,2,0,1,6,0,0,15,0,1,0,0,6,6,,,
20200913OBWO0,20200913,WO,OB,0,B,0,D,0,36,223,60,49,13,1,0,0,1,0,0,0,9,1,1,7,0,0,0,1,6,5,,,
20200913SSLG0,20200913,LG,SS,0,B,0,L,0,27,191,32,31,4,1,0,0,0,0,0,0,1,0,0,5,0,2,0,1,11,9,,,
20200913SSLG0,20200913,SS,LG,0,T,1,W,0,27,110,51,42,18,1,1,1,2,0,0,2,5,0,0,10,0,0,0,0,0,0,,,
20200915LGHH0,20200915,LG,HH,0,T,0,L,0,29,161,42,39,8,2,0,1,3,0,0,0,3,0,0,10,0,0,0,0,6,6,,,
20200915LGHH0,20200915,HH,LG,0,B,0,W,0,30,185,45,38,11,1,0,0,0,0,0,0,3,0,1,14,0,1,0,2,5,4,,,
20200915LTWO0,20200915,LT,WO,0,T,0,W,1,27,190,39,33,10,3,0,1,0,1,0,1,5,0,0,7,2,1,0,1,5,5,,,
20200915LTWO0,20200915,WO,LT,0,B,0,L,0,27,162,46,38,11,1,0,0,0,0,0,0,7,0,1,3,1,0,0,0,8,8,,,
20200915NCOB0,20200915,OB,NC,0,B,0,W,0,27,150,35,30,8,3,0,0,0,0,0,0,2,0,3,5,0,0,0,1,3,3,,,
20200915NCOB0,20200915,NC,OB,0,T,0,L,0,24,128,37,33,6,1,1,0,2,1,0,0,3,0,0,3,0,0,0,1,7,5,,,
20200915SKHT0,20200915,SK,HT,0,T,0,W,0,27,138,52,40,17,1,0,2,1,1,1,1,8,0,0,4,2,0,0,0,1,1,,,
20200915SKHT0,20200915,HT,SK,0,B,0,L,0,27,190,34,29,5,0,0,0,0,0,0,0,5,0,1,5,0,0,0,2,16,15,,,
20200915SSKT0,20200915,SS,KT,0,T,0,W,0,27,171,42,37,14,1,0,1,0,0,1,0,3,0,0,11,1,1,0,2,0,0,,,
20200915SSKT0,20200915,KT,SS,0,B,0,L,0,27,137,38,36,8,1,0,0,0,0,0,0,2,1,0,1,1,1,0,1,7,6,,,
20200916LGHH0,20200916,LG,HH,0,T,0,W,0,27,148,46,40,15,8,0,0,0,0,0,0,6,0,0,11,0,0,0,0,5,5,,,
20200916LGHH0,20200916,HH,LG,0,B,0,L,0,27,162,39,35,9,0,1,2,0,0,0,0,3,0,1,5,1,1,0,1,11,10,,,
20200916LTWO0,20200916,WO,LT,0,B,0,L,0,27,173,37,32,4,1,0,0,1,0,0,0,4,0,1,6,0,0,0,0,8,8,,,
20200916LTWO0,20200916,LT,WO,0,T,0,W,0,27,160,44,39,14,4,0,0,0,0,0,1,2,0,0,12,0,0,0,1,2,1,,,
20200916NCOB0,20200916,NC,OB,0,T,0,W,3,27,133,39,34,8,1,0,2,2,0,0,0,4,0,0,6,0,0,0,0,3,3,,,
20200916NCOB0,20200916,OB,NC,0,B,0,L,0,27,158,33,32,7,1,0,0,0,0,0,0,0,0,1,10,0,0,0,1,5,4,,,
20200916SKHT0,20200916,SK,HT,0,T,0,W,0,27,162,45,37,11,4,0,0,0,1,0,0,7,0,0,6,0,1,0,0,6,6,,,
20200916SKHT0,20200916,HT,SK,0,B,0,L,3,27,193,41,33,10,1,0,1,0,0,0,1,4,1,2,5,1,1,0,1,7,5,,,
20200916SSKT0,20200916,SS,KT,0,T,0,L,0,24,190,45,39,14,1,0,0,0,0,0,0,6,0,0,8,1,1,0,0,11,11,,,
20200916SSKT0,20200916,KT,SS,0,B,0,W,0,27,171,46,43,19,4,0,1,0,0,0,0,2,0,1,4,0,3,0,0,6,6,,,
20200917HHWO0,20200917,HH,WO,0,T,0,L,0,24,152,32,29,3,0,0,0,0,0,0,1,1,0,0,9,0,1,0,0,5,5,,,
20200917HHWO0,20200917,WO,HH,0,B,0,W,1,27,128,35,26,4,2,0,0,0,0,0,1,7,0,1,13,0,0,0,0,2,2,,,
20200917HTSS0,20200917,HT,SS,0,T,0,W,0,27,153,44,40,16,4,0,3,0,0,0,1,3,0,0,11,0,0,0,0,2,2,,,
20200917HTSS0,20200917,SS,HT,0,B,0,L,0,27,167,37,33,7,0,0,0,0,0,0,1,3,0,0,6,0,0,1,1,12,12,,,
20200917LTLG0,20200917,LG,LT,0,B,0,W,0,27,127,39,34,8,0,0,2,1,0,0,0,4,0,0,5,0,0,0,1,1,1,,,
20200917LTLG0,20200917,LT,LG,0,T,0,L,0,24,158,34,34,8,2,0,0,0,0,0,0,0,0,0,6,1,0,0,3,9,9,,,
20200917NCSK0,20200917,SK,NC,0,B,0,L,0,27,146,33,30,4,0,0,0,1,0,1,0,1,1,1,6,0,0,0,0,3,3,,,
20200917NCSK0,20200917,NC,SK,0,T,0,W,1,27,124,38,34,9,1,0,2,1,0,1,0,2,0,0,11,1,0,0,0,0,0,,,
20200917OBKT0,20200917,KT,OB,0,B,0,W,0,27,105,35,31,9,1,1,0,1,0,1,0,2,1,0,5,0,1,0,3,0,0,,,
20200917OBKT0,20200917,OB,KT,0,T,0,L,0,24,157,33,33,6,1,0,0,0,0,0,0,0,0,0,8,0,0,0,0,3,3,,,
20200918HHWO0,20200918,HH,WO,0,T,0,W,2,27,135,37,36,8,1,0,0,0,0,0,0,0,0,0,9,0,1,0,0,0,0,,,
20200918HHWO0,20200918,WO,HH,0,B,0,L,0,27,149,34,31,4,2,0,0,1,0,0,0,3,0,1,10,0,0,0,1,2,1,,,
20200918HTSS0,20200918,SS,HT,0,B,0,L,0,27,207,40,35,9,2,0,0,0,1,0,1,4,0,3,4,0,0,0,1,13,13,,,
20200918HTSS0,20200918,HT,SS,0,T,0,W,0,27,155,49,39,15,2,0,2,0,0,1,1,5,0,0,9,0,1,0,2,5,3,,,
20200918LTLG0,20200918,LT,LG,0,T,0,W,1,27,146,40,36,8,1,0,0,1,0,0,0,4,0,0,6,0,0,1,0,3,3,,,
20200918LTLG0,20200918,LG,LT,0,B,0,L,0,27,149,38,34,7,1,0,1,1,0,0,0,4,0,0,8,0,1,0,0,5,2,,,
20200918NCSK0,20200918,NC,SK,0,T,0,W,4,27,145,40,31,8,0,1,1,1,1,2,0,5,0,0,4,0,0,0,0,5,5,,,
20200918NCSK0,20200918,SK,NC,0,B,0,L,0,27,157,37,31,8,2,0,3,0,2,0,0,6,0,2,6,0,0,0,0,9,9,,,
20200918OBKT0,20200918,OB,KT,0,T,0,L,0,31,183,45,41,11,1,0,1,0,0,1,1,1,0,0,11,1,0,0,0,5,5,,,
20200918OBKT0,20200918,KT,OB,0,B,0,W,3,33,159,46,40,11,1,0,1,0,0,0,0,2,0,1,4,0,0,0,1,4,3,,,
20200919HHHT0,20200919,HH,HT,0,T,0,L,0,24,151,31,31,5,0,0,0,0,1,0,0,0,0,0,4,0,0,0,0,8,6,,,
20200919HHHT0,20200919,HT,HH,0,B,0,W,0,27,108,35,29,10,2,0,0,1,0,0,2,3,0,1,11,0,0,0,0,0,0,,,
20200919KTSK0,20200919,SK,KT,0,B,0,L,0,27,157,34,30,3,0,0,0,0,0,0,0,4,0,0,11,0,0,0,1,5,2,,,
20200919KTSK0,20200919,KT,SK,0,T,0,W,4,27,138,41,34,8,0,0,0,1,0,0,1,6,0,0,6,0,1,0,1,0,0,,,
20200919LGOB0,20200919,LG,OB,0,T,0,W,0,27,164,47,40,18,1,0,2,0,0,1,2,3,0,0,8,0,0,0,1,6,6,,,
20200919LGOB0,20200919,OB,LG,0,B,0,L,0,27,178,39,36,10,2,0,2,0,0,0,0,3,0,1,6,0,0,0,1,9,9,,,
20200919NCLT0,20200919,NC,LT,0,T,0,L,0,24,167,36,34,10,0,0,1,1,1,0,0,1,0,0,8,0,0,0,0,5,5,,,
20200919NCLT0,20200919,LT,NC,0,B,0,W,0,27,127,38,30,7,1,0,2,0,0,0,0,7,0,2,7,0,0,0,0,1,1,,,
20200919WOSS0,20200919,WO,SS,0,T,0,W,1,27,153,43,39,15,3,0,0,0,1,0,1,3,0,0,6,0,1,0,1,7,6,,,
20200919WOSS0,20200919,SS,WO,0,B,0,L,0,27,180,40,37,11,3,0,2,2,0,0,0,2,0,1,12,0,0,0,0,8,8,,,
20200920HHHT0,20200920,HT,HH,0,B,0,L,0,27,217,38,33,9,1,0,1,0,0,0,1,4,0,2,10,1,2,0,0,11,11,,,
20200920HHHT0,20200920,HH,HT,0,T,0,W,0,27,157,50,40,16,4,0,1,0,1,1,1,6,0,0,7,0,0,0,0,3,3,,,
20200920KTSK0,20200920,KT,SK,0,T,0,W,1,27,141,43,37,11,2,0,1,2,1,0,1,4,0,0,4,0,0,0,1,2,1,,,
20200920KTSK0,20200920,SK,KT,0,B,0,L,0,27,171,31,28,3,1,0,0,0,0,0,0,3,0,1,10,2,1,0,2,10,6,,,
20200920LGOB0,20200920,LG,OB,0,T,0,L,2,26,191,38,37,10,3,1,2,0,0,0,0,1,0,0,6,0,3,0,0,6,6,,,
20200920LGOB0,20200920,OB,LG,0,B,0,W,0,27,158,45,31,9,1,0,1,1,0,0,0,12,0,2,11,0,0,0,0,5,5,,,
20200920NCLT1,20200920,NC,LT,1,T,0,W,0,27,148,39,35,10,1,1,0,2,0,2,0,1,0,0,9,0,0,0,0,2,1,,,
20200920NCLT1,20200920,LT,NC,1,B,0,L,0,27,146,38,35,8,1,0,1,0,0,0,0,3,1,0,6,0,1,0,1,7,7,,,
20200920NCLT2,20200920,LT,NC,2,B,0,L,0,27,154,41,36,11,0,0,0,0,0,0,0,5,2,0,8,1,0,0,0,6,6,,,
20200920NCLT2,20200920,NC,LT,2,T,0,W,1,27,182,43,37,13,0,0,2,1,1,1,1,2,0,0,8,0,0,0,0,2,2,,,
20200920WOSS0,20200920,SS,WO,0,B,0,W,0,27,161,48,42,18,0,0,3,1,0,1,0,5,0,0,7,0,0,0,0,6,6,,,
20200920WOSS0,20200920,WO,SS,0,T,0,L,0,24,192,41,37,13,2,0,1,0,0,0,0,4,0,0,6,0,1,0,4,14,9,,,
20200922KTLT0,20200922,LT,KT,0,B,0,W,0,27,122,36,31,10,0,0,2,1,0,0,0,3,2,0,10,1,0,0,1,0,0,,,
20200922KTLT0,20200922,KT,LT,0,T,0,L,0,24,130,30,28,2,0,0,0,0,1,0,0,2,0,0,5,0,0,0,0,8,8,,,
20200922OBHH0,20200922,HH,OB,0,B,0,W,2,27,125,35,29,6,0,0,1,0,0,0,0,4,0,2,5,0,0,0,0,1,1,,,
20200922OBHH0,20200922,OB,HH,0,T,0,L,0,24,145,33,29,6,0,0,1,0,0,0,0,3,0,0,16,1,1,0,0,5,5,,,
20200922SKLG0,20200922,LG,SK,0,B,0,W,1,27,141,35,30,7,1,0,0,2,0,0,0,5,0,0,9,1,0,0,2,2,2,,,
20200922SKLG0,20200922,SK,LG,0,T,0,L,0,24,149,32,31,3,0,0,1,1,0,0,0,1,0,0,5,0,1,0,1,7,7,,,
20200922SSNC0,20200922,SS,NC,0,T,0,L,3,24,155,34,33,6,0,0,0,0,0,0,0,1,0,0,4,0,1,0,0,3,0,,,
20200922SSNC0,20200922,NC,SS,0,B,0,W,0,27,146,36,30,6,1,0,0,1,0,0,0,4,0,2,11,0,1,0,0,2,2,,,
20200922WOHT0,20200922,HT,WO,0,B,0,L,0,27,131,33,30,4,0,0,0,0,0,0,0,3,0,0,3,1,0,0,1,2,1,,,
20200922WOHT0,20200922,WO,HT,0,T,0,W,1,27,131,35,32,5,1,0,0,0,0,0,0,3,0,0,8,0,0,0,0,0,0,,,
20200923KTLT0,20200923,KT,LT,0,T,0,W,2,27,170,46,42,16,3,0,1,1,1,0,0,3,0,0,7,0,0,0,0,5,5,,,
20200923KTLT0,20200923,LT,KT,0,B,0,L,0,27,167,41,33,9,1,0,1,0,0,0,0,8,0,1,5,2,0,0,2,10,9,,,
20200923OBHH0,20200923,OB,HH,0,T,0,L,0,24,159,43,37,11,5,0,0,0,0,0,1,5,0,0,13,0,0,0,0,6,6,,,
20200923OBHH0,20200923,HH,OB,0,B,0,W,3,27,165,38,34,12,3,0,1,1,0,1,0,2,0,1,6,1,0,0,0,5,5,,,
20200923SKLG0,20200923,LG,SK,0,B,0,W,1,27,138,33,31,10,2,0,1,0,1,0,1,1,0,0,10,0,1,0,1,2,1,,,
20200923SKLG0,20200923,SK,LG,0,T,0,L,0,24,145,36,33,8,3,0,0,0,0,0,2,1,0,0,6,0,0,0,0,6,6,,,
20200923SSNC0,20200923,SS,NC,0,T,0,L,0,24,143,39,36,10,2,1,1,2,0,0,1,2,0,0,7,0,0,0,0,8,8,,,
20200923SSNC0,20200923,NC,SS,0,B,0,W,0,27,143,36,30,10,1,0,1,0,1,0,1,5,0,0,11,1,0,0,0,7,7,,,
20200923WOHT0,20200923,HT,WO,0,B,0,L,0,27,159,34,32,5,0,0,1,0,0,0,0,1,0,2,6,0,1,0,0,13,13,,,
20200923WOHT0,20200923,WO,HT,0,T,0,W,0,27,133,48,42,17,3,2,2,0,0,0,1,4,0,0,7,0,1,0,0,1,1,,,
20200924HTKT0,20200924,HT,KT,0,T,0,W,1,27,154,46,40,16,4,1,0,0,0,1,0,5,0,0,11,1,0,0,1,3,2,,,
20200924HTKT0,20200924,KT,HT,0,B,0,L,0,27,187,37,34,8,2,0,0,0,0,0,0,3,0,0,3,0,0,0,0,5,5,,,
20200924LGNC0,20200924,NC,LG,0,B,0,W,0,27,169,45,39,17,4,0,2,0,0,0,1,3,0,2,11,0,1,0,0,8,8,,,
20200924LGNC0,20200924,LG,NC,0,T,0,L,1,24,193,42,35,9,1,0,4,1,0,0,0,7,0,0,4,0,0,0,1,12,12,,,
20200924LTHH0,20200924,HH,LT,0,B,0,W,0,27,156,41,36,15,4,0,1,2,1,1,0,2,1,1,5,1,0,0,3,4,2,,,
20200924LTHH0,20200924,LT,HH,0,T,0,L,0,24,144,38,32,6,0,0,0,3,0,0,1,5,0,0,8,0,1,0,1,7,7,,,
20200924SKWO0,20200924,WO,SK,0,B,0,W,0,27,125,36,32,9,1,0,0,2,0,0,1,2,0,1,8,0,0,0,0,1,1,,,
20200924SKWO0,20200924,SK,WO,0,T,0,L,0,24,122,33,29,6,1,0,0,1,1,0,0,4,0,0,7,2,0,0,1,6,6,,,
20200924SSOB0,20200924,SS,OB,0,T,0,L,0,24,130,34,32,7,1,0,0,1,0,0,0,2,0,0,5,1,0,0,2,1,1,,,
20200924SSOB0,20200924,OB,SS,0,B,0,W,0,27,132,33,26,1,0,0,0,0,0,1,0,4,1,1,8,0,0,0,1,0,0,,,
20200925HTKT0,20200925,HT,KT,0,T,0,L,0,24,150,40,37,12,2,0,0,0,0,0,0,3,0,0,1,0,0,0,0,7,7,,,
20200925HTKT0,20200925,KT,HT,0,B,0,W,1,27,159,40,31,12,1,0,2,1,1,1,1,7,0,0,4,1,0,0,0,3,3,,,
20200925LGNC0,20200925,NC,LG,0,B,0,W,0,27,132,42,30,9,2,1,1,2,0,0,2,6,0,3,7,0,1,0,1,1,1,,,
20200925LGNC0,20200925,LG,NC,0,T,0,L,0,24,172,36,33,7,0,0,1,0,0,0,0,3,0,0,10,1,0,0,1,7,5,,,
20200925LTHH0,20200925,HH,LT,0,B,0,W,0,30,177,48,40,13,2,0,3,0,0,1,0,4,1,1,6,0,0,0,0,5,5,,,
20200925LTHH0,20200925,LT,HH,0,T,0,L,2,29,158,42,37,13,0,0,2,0,0,0,1,3,0,0,7,0,0,0,0,6,6,,,
20200925SKWO0,20200925,SK,WO,0,T,0,W,0,33,195,48,40,10,2,0,0,3,0,0,0,4,0,0,11,1,0,0,1,6,5,,,
20200925SKWO0,20200925,WO,SK,0,B,0,L,0,33,173,50,45,17,1,0,0,2,1,0,0,4,1,0,6,0,1,0,0,8,8,,,
20200925SSOB0,20200925,OB,SS,0,B,0,L,0,27,131,36,32,7,1,1,0,0,0,1,1,2,0,0,7,0,0,0,1,4,3,,,
20200925SSOB0,20200925,SS,OB,0,T,0,W,2,27,133,34,31,7,0,0,1,2,0,0,0,2,0,0,6,1,0,0,0,3,3,,,
20200926LGKT0,20200926,KT,LG,0,B,0,L,0,27,142,36,31,7,2,0,0,0,1,0,1,4,0,0,3,0,1,0,0,3,3,,,
20200926LGKT0,20200926,LG,KT,0,T,0,W,0,27,157,39,31,7,1,1,0,1,0,1,0,6,0,0,5,0,0,1,1,1,1,,,
20200926LTHT0,20200926,LT,HT,0,T,0,W,0,27,163,50,44,18,7,0,1,0,0,0,1,2,0,0,7,0,1,0,1,3,3,,,
20200926LTHT0,20200926,HT,LT,0,B,0,L,0,27,174,40,34,8,1,0,0,0,0,0,0,5,0,2,5,1,1,0,0,16,16,,,
20200926NCHH0,20200926,HH,NC,0,B,0,L,0,27,223,37,36,9,2,0,1,0,0,0,0,1,0,0,7,0,1,0,1,13,12,,,
20200926NCHH0,20200926,NC,HH,0,T,0,W,0,27,130,51,42,16,1,1,2,0,1,0,0,9,0,0,7,0,0,0,0,1,1,,,
20200926SKSS0,20200926,SK,SS,0,T,0,L,0,24,148,36,32,8,0,0,1,0,1,0,0,2,0,0,3,0,0,0,0,8,8,,,
20200926SKSS0,20200926,SS,SK,0,B,0,W,0,27,145,38,33,12,1,0,3,0,0,1,0,4,0,0,10,1,0,0,0,2,2,,,
20200926WOOB0,20200926,OB,WO,0,B,0,W,0,27,127,35,31,9,2,1,0,0,0,2,0,2,0,0,9,0,0,0,0,0,0,,,
20200926WOOB0,20200926,WO,OB,0,T,0,L,0,24,113,32,30,3,1,0,0,1,0,0,0,2,0,0,3,0,0,0,0,4,4,,,
20200927LGKT0,20200927,KT,LG,0,B,0,W,0,27,148,37,28,8,1,0,1,1,0,1,0,6,0,2,7,2,1,0,1,4,4,,,
20200927LGKT0,20200927,LG,KT,0,T,0,L,1,24,121,37,35,9,2,0,2,1,1,0,0,1,0,0,2,1,0,0,1,5,4,,,
20200927LTHT0,20200927,HT,LT,0,B,0,W,0,30,149,42,37,9,1,0,0,0,1,1,0,2,0,0,6,0,1,0,0,1,1,,,
20200927LTHT0,20200927,LT,HT,0,T,0,L,0,29,162,38,33,6,1,0,0,0,1,0,0,2,0,0,8,0,0,0,1,2,2,,,
20200927NCHH0,20200927,HH,NC,0,B,0,L,0,27,143,36,31,5,1,0,0,0,0,0,0,5,0,2,4,1,1,0,1,5,4,,,
20200927NCHH0,20200927,NC,HH,0,T,0,W,1,27,156,40,35,9,4,0,1,1,0,0,0,3,0,0,9,1,0,0,2,4,2,,,
20200927SKSS0,20200927,SS,SK,0,B,0,L,0,27,180,37,30,3,0,0,0,1,0,1,0,5,0,1,11,0,0,0,0,12,12,,,
20200927SKSS0,20200927,SK,SS,0,T,0,W,0,27,155,45,42,16,5,0,4,1,0,0,0,3,0,0,7,0,0,0,1,1,1,,,
20200927WOOB1,20200927,OB,WO,1,B,0,L,0,27,142,37,31,7,0,0,0,2,1,0,1,5,0,0,8,1,0,0,0,7,7,,,
20200927WOOB1,20200927,WO,OB,1,T,0,W,0,27,146,41,37,12,3,0,2,1,0,1,0,2,0,0,7,0,0,0,2,3,2,,,
20200927WOOB2,20200927,WO,OB,2,T,0,L,0,24,131,38,36,11,1,1,0,1,0,0,0,2,0,0,3,1,0,0,2,6,5,,,
20200927WOOB2,20200927,OB,WO,2,B,0,W,0,27,139,37,29,10,3,1,0,0,1,1,1,4,1,1,8,0,0,0,0,1,1,,,
