G_ID,GDAY_DS,T_ID,VS_T_ID,HEADER_NO,TB_SC,CG_CK,WLS,HOLD,INN2,BF,PA,AB,HIT,H2,H3,HR,SB,CS,SH,SF,BB,IB,HP,KK,GD,WP,BK,ERR,R,ER,P_WHIP_RT,P2_WHIP_RT,CB_WHIP_RT
20200505HHSK0,20200505,SK,HH,0,B,0,L,0,27,115,35,31,8,3,0,0,0,1,2,0,2,0,0,5,1,0,0,0,3,3,1.5,1.2,1.333333333
20200505HHSK0,20200505,HH,SK,0,T,1,W,0,27,101,30,29,2,0,0,0,0,0,0,0,1,0,0,2,0,0,0,0,0,0,0,0,0.75
20200505LTKT0,20200505,KT,LT,0,B,0,L,0,27,154,37,32,7,1,0,2,0,0,0,1,4,0,0,9,1,0,0,0,7,7,3,1.285714286,1.875
20200505LTKT0,20200505,LT,KT,0,T,0,W,0,27,155,35,30,5,1,0,1,0,1,0,0,5,0,0,8,1,0,0,0,2,2,0,1,2.571428571
20200505NCSS0,20200505,SS,NC,0,B,0,L,0,27,144,35,33,7,2,0,3,0,0,0,0,2,0,0,9,0,0,0,0,4,4,1.5,1.058823529,2.142857143
20200505NCSS0,20200505,NC,SS,0,T,0,W,0,27,134,36,30,3,0,0,0,0,1,0,0,6,0,0,8,0,1,0,0,0,0,0.6,1,3
20200505OBLG0,20200505,LG,OB,0,B,0,W,2,27,148,34,30,6,1,0,1,0,0,0,1,3,0,0,9,1,0,0,0,2,2,0,0.75,1.5
20200505OBLG0,20200505,OB,LG,0,T,0,L,0,24,146,36,30,10,6,1,1,1,1,0,0,5,0,1,6,1,2,0,0,8,8,3.5,1.285714286,3
20200505WOHT0,20200505,HT,WO,0,B,0,L,0,27,186,44,38,12,3,0,2,0,0,0,0,6,0,0,5,1,0,0,0,11,11,7,2.142857143,3.428571429
20200505WOHT0,20200505,WO,HT,0,T,0,W,0,27,154,37,32,6,1,0,0,0,0,0,0,4,0,1,7,2,0,0,0,2,0,1,1.5,1.875
20200506HHSK0,20200506,SK,HH,0,B,0,W,1,27,138,35,31,5,1,0,1,0,0,0,0,4,0,0,5,1,1,0,0,2,2,1.2,0.333333333,1.875
20200506HHSK0,20200506,HH,SK,0,T,0,L,0,24,144,37,33,9,3,0,2,3,0,1,0,3,0,0,8,0,2,0,0,5,5,1.2,2.625,1.5
20200506LTKT0,20200506,KT,LT,0,B,0,L,0,27,153,41,36,12,2,0,1,1,1,0,3,1,0,1,6,0,2,0,0,9,9,0.75,1.5,0.461538462
20200506LTKT0,20200506,LT,KT,0,T,0,W,0,27,122,38,35,8,2,0,1,1,0,0,1,2,0,0,3,0,0,0,0,4,3,0.333333333,0.5,0.666666667
20200506NCSS0,20200506,SS,NC,0,B,0,L,0,27,155,40,33,8,1,0,2,2,2,0,0,6,0,1,8,0,0,0,0,4,4,1,1.5,1.333333333
20200506NCSS0,20200506,NC,SS,0,T,0,W,4,27,145,34,32,5,1,0,3,0,0,0,0,1,0,1,11,0,0,0,0,3,3,0,0.375,0.3
20200506OBLG0,20200506,LG,OB,0,B,0,L,0,27,144,37,35,12,1,0,1,0,0,0,1,1,0,0,3,2,0,0,0,5,5,1.5,3,1.875
20200506OBLG0,20200506,OB,LG,0,T,0,W,1,27,136,36,33,6,0,0,0,1,0,0,0,2,0,1,6,1,0,0,0,2,1,0.375,1,1.714285714
20200506WOHT0,20200506,HT,WO,0,B,0,L,0,27,142,35,31,7,1,1,0,1,0,1,2,1,0,0,11,0,0,0,0,3,2,0.428571429,0.888888889,1
20200506WOHT0,20200506,WO,HT,0,T,0,W,1,27,118,37,35,9,2,0,1,0,0,1,0,1,0,0,9,0,0,0,0,2,2,1.2,1.111111111,1
20200507HHSK0,20200507,SK,HH,0,B,0,L,0,27,165,42,37,13,1,0,0,4,0,0,0,5,0,0,7,3,1,0,0,8,8,3.857142857,2.823529412,2.333333333
20200507HHSK0,20200507,HH,SK,0,T,0,W,0,27,164,45,39,15,2,2,0,0,0,0,0,4,0,2,8,3,1,0,0,4,4,1.2,2,7.5
20200507LTKT0,20200507,KT,LT,0,B,0,L,0,27,157,45,40,14,2,0,1,0,0,1,0,4,0,0,3,1,1,0,0,7,6,1.363636364,2.076923077,1.090909091
20200507LTKT0,20200507,LT,KT,0,T,0,W,2,27,139,35,33,7,2,0,0,0,1,0,0,2,0,0,4,0,2,0,0,3,3,0.333333333,1.125,2.142857143
20200507NCSS0,20200507,SS,NC,0,B,0,L,0,27,170,44,35,9,2,0,1,0,0,1,1,5,0,2,6,0,0,0,0,8,7,1.636363636,1.714285714,0.9
20200507NCSS0,20200507,NC,SS,0,T,0,W,0,27,151,38,32,5,1,0,0,0,0,0,0,5,0,1,8,0,1,0,0,2,2,0.666666667,1,1
20200507OBLG0,20200507,LG,OB,0,B,0,L,0,27,152,42,40,14,2,0,1,0,1,0,1,0,0,1,4,0,0,0,0,9,6,1.125,2.307692308,2.142857143
20200507OBLG0,20200507,OB,LG,0,T,0,W,0,27,136,34,30,7,2,0,0,0,0,1,1,2,0,0,7,1,0,0,0,3,3,0.6,1.5,1.2
20200507WOHT0,20200507,HT,WO,0,B,0,W,0,27,141,38,34,9,4,0,1,1,0,0,1,3,0,0,6,0,0,0,0,5,5,1.25,1.173913043,1.5
20200507WOHT0,20200507,WO,HT,0,T,0,L,2,24,162,43,38,16,2,0,2,0,0,0,0,4,0,1,7,2,0,0,0,8,8,1.8,2.285714286,5
20200508HHWO0,20200508,WO,HH,0,B,0,W,1,27,130,33,31,6,0,0,1,0,1,0,0,2,0,0,7,1,0,0,0,3,3,1.5,0.409090909,0.230769231
20200508HHWO0,20200508,HH,WO,0,T,0,L,0,24,141,38,34,10,0,1,2,0,0,0,0,3,0,1,6,0,1,0,1,5,5,2.4,1.736842105,6
20200508HTSS0,20200508,SS,HT,0,B,0,W,0,27,142,36,30,5,1,0,0,0,1,0,0,6,0,0,9,1,1,0,0,0,0,0.428571429,1,1.333333333
20200508HTSS0,20200508,HT,SS,0,T,0,L,0,24,149,37,30,6,3,0,1,1,2,0,0,7,0,0,6,0,0,0,0,5,4,1.5,1.333333333,2.571428571
20200508KTOB0,20200508,OB,KT,0,B,0,L,0,27,194,51,47,22,4,1,1,0,0,0,1,2,0,1,7,0,0,0,0,12,12,1.75,3,4.714285714
20200508KTOB0,20200508,KT,OB,0,T,0,W,0,27,142,38,34,8,3,0,0,0,0,0,1,3,0,0,3,0,0,0,0,3,3,1,1.25,3
20200508LGNC0,20200508,NC,LG,0,B,0,W,0,27,139,41,34,9,3,0,0,0,0,0,1,4,0,2,9,0,0,0,0,5,5,1,1,2.333333333
20200508LGNC0,20200508,LG,NC,0,T,0,L,0,24,189,44,37,13,3,1,2,1,0,0,0,7,0,0,4,0,0,0,0,13,13,3.375,2.538461538,2.625
20200508SKLT0,20200508,LT,SK,0,B,0,W,0,30,157,45,40,13,3,1,2,4,0,1,2,2,0,0,7,0,0,0,0,8,8,2,1.578947368,1.090909091
20200508SKLT0,20200508,SK,LT,0,T,0,L,1,28,174,43,39,13,4,0,4,1,1,0,1,2,0,1,10,0,2,0,0,9,9,1.285714286,0.833333333,2.625
20200509HHWO0,20200509,WO,HH,0,B,0,W,2,27,135,36,33,10,2,0,1,0,1,1,0,1,0,1,4,1,1,0,0,3,3,0.857142857,1.222222222,0.6
20200509HHWO0,20200509,HH,WO,0,T,0,L,0,24,158,36,28,4,0,0,1,2,0,0,0,7,0,1,8,0,1,0,0,5,4,3.75,1.375,0.666666667
20200509HTSS0,20200509,SS,HT,0,B,0,W,3,27,158,35,29,7,2,0,1,0,0,0,0,4,0,2,4,4,0,0,1,2,2,1.5,1.428571429,2.142857143
20200509HTSS0,20200509,HT,SS,0,T,0,L,0,24,190,46,36,13,3,1,0,1,1,0,1,7,1,2,9,0,1,1,0,14,13,5.142857143,1.263157895,2
20200510HHWO0,20200510,WO,HH,0,B,0,W,1,27,136,36,35,12,1,0,1,1,0,0,0,1,0,0,7,1,1,0,0,3,3,0.375,1.714285714,2.25
20200510HHWO0,20200510,HH,WO,0,T,0,L,0,24,146,35,31,8,2,1,0,0,0,0,1,3,1,0,6,0,0,0,0,6,5,1.875,2.076923077,0.9
20200510HTSS0,20200510,SS,HT,0,B,0,L,0,27,183,49,42,15,4,0,2,0,0,0,1,5,0,1,7,1,0,0,1,12,8,3,2.181818182,3.375
20200510HTSS0,20200510,HT,SS,0,T,0,W,0,27,132,35,31,6,2,0,2,0,0,0,1,3,0,0,6,1,0,0,0,3,3,0,1.333333333,1
20200510KTOB0,20200510,OB,KT,0,B,0,W,1,33,198,52,48,16,2,0,3,0,0,0,1,3,0,0,8,0,0,0,0,12,12,3.857142857,1.333333333,0.857142857
20200510KTOB0,20200510,KT,OB,0,T,0,L,0,31,209,55,49,18,1,0,3,0,1,0,0,6,0,0,4,0,1,0,1,13,12,3.5,2.2,0.857142857
20200510LGNC0,20200510,NC,LG,0,B,0,L,1,27,202,46,40,15,4,0,4,3,0,0,1,5,0,0,6,1,2,0,0,10,10,2,2.25,2.333333333
20200510LGNC0,20200510,LG,NC,0,T,0,W,1,27,162,43,38,12,2,0,1,0,0,0,1,3,0,1,6,1,0,0,0,8,7,1.875,12,2.25
20200510SKLT0,20200510,LT,SK,0,B,0,W,0,27,108,29,29,3,1,0,0,0,0,0,0,0,0,0,12,1,0,0,0,0,0,0,0.428571429,0
20200510SKLT0,20200510,SK,LT,0,T,0,L,0,24,125,33,29,6,0,0,1,0,1,0,0,4,0,0,4,1,1,0,1,4,4,1,1.105263158,1
20200512HTHH0,20200512,HH,HT,0,B,0,L,0,27,124,34,30,4,1,0,1,1,0,0,1,3,0,0,8,0,0,0,0,2,2,0,0.777777778,1.5
20200512HTHH0,20200512,HT,HH,0,T,0,W,0,27,129,35,33,8,1,0,0,0,1,0,0,2,0,0,8,1,0,1,1,1,1,0.6,1.111111111,0.818181818
20200512KTNC0,20200512,NC,KT,0,B,0,W,0,30,174,46,43,14,1,0,2,0,1,0,0,3,0,0,11,0,2,0,0,6,6,2,1.68,2.333333333
20200512KTNC0,20200512,KT,NC,0,T,0,L,3,27,175,41,39,12,1,0,3,0,0,0,0,1,0,1,10,0,2,0,0,7,7,1.2,0.954545455,2
20200512OBLT0,20200512,LT,OB,0,B,0,L,0,27,166,44,41,20,5,0,2,0,2,0,0,3,0,0,3,2,0,0,0,11,11,1.909090909,7.5,5.5
20200512OBLT0,20200512,OB,LT,0,T,0,W,1,27,174,44,42,15,3,0,1,1,0,0,0,2,0,0,7,0,0,0,0,6,6,1.071428571,1.2,4.5
20200512SKLG0,20200512,LG,SK,0,B,0,W,0,27,165,39,34,9,3,0,1,0,0,0,1,3,0,1,9,1,0,0,0,5,5,0,1,2.142857143
20200512SKLG0,20200512,SK,LG,0,T,0,L,0,24,150,39,37,12,1,1,1,1,0,0,0,2,0,0,7,0,1,0,0,9,6,1.714285714,3,1.5
20200512SSWO0,20200512,WO,SS,0,B,0,W,2,27,126,31,31,6,0,0,0,2,1,0,0,0,0,0,9,2,0,0,0,2,0,1.5,0.666666667,0.6
20200512SSWO0,20200512,SS,WO,0,T,0,L,0,24,123,34,30,7,2,0,1,1,1,0,0,2,1,2,4,0,0,0,1,3,2,1.8,1.125,1
20200513HTHH0,20200513,HH,HT,0,B,0,L,0,27,159,40,33,8,2,0,0,1,1,0,0,7,0,0,12,2,1,0,0,4,3,1.125,1.666666667,1.5
20200513HTHH0,20200513,HT,HH,0,T,0,W,3,27,145,38,35,9,2,0,0,2,0,0,0,2,0,1,6,1,0,0,1,3,3,3,1.222222222,0.545454545
20200513KTNC0,20200513,NC,KT,0,B,0,W,0,30,165,39,35,8,0,1,2,0,1,2,0,2,0,0,7,0,1,0,0,4,3,0.428571429,1,1.875
20200513KTNC0,20200513,KT,NC,0,T,0,L,0,29,175,44,37,11,1,0,2,1,0,1,1,3,1,2,5,0,0,0,0,5,4,1.714285714,1.448275862,1.2
20200513OBLT0,20200513,LT,OB,0,B,0,W,0,27,163,42,35,9,1,0,3,0,1,0,0,7,0,0,5,0,0,0,0,9,9,1.2,2.25,3.428571429
20200513OBLT0,20200513,OB,LT,0,T,0,L,0,24,163,44,35,12,4,0,1,1,0,0,0,9,0,0,5,1,1,0,0,10,7,3.375,3,5
20200513SKLG0,20200513,LG,SK,0,B,0,W,0,27,132,36,34,10,1,0,0,1,0,0,0,2,0,0,8,2,0,0,0,2,2,2.25,0,1.333333333
20200513SKLG0,20200513,SK,LG,0,T,0,L,0,24,160,44,36,12,6,0,0,0,0,0,1,6,0,1,5,0,0,0,0,14,7,2.7,2.4,2.625
20200513SSWO0,20200513,WO,SS,0,B,0,L,0,27,100,33,32,5,1,0,1,1,0,1,0,0,0,0,7,0,0,0,0,5,3,2,0.545454545,1
20200513SSWO0,20200513,SS,WO,0,T,0,W,0,27,134,32,30,2,0,0,0,0,0,0,0,2,0,0,12,0,0,0,0,0,0,1,0.428571429,0.3
20200514HTHH0,20200514,HH,HT,0,B,0,W,1,27,126,32,32,5,3,0,0,0,0,0,0,0,0,0,9,0,0,0,0,1,1,0.6,1,1
20200514HTHH0,20200514,HT,HH,0,T,0,L,0,24,136,34,32,8,3,0,0,1,0,0,0,2,0,0,13,0,0,0,0,4,4,1.8,15,1
20200514KTNC0,20200514,NC,KT,0,B,0,W,1,27,122,32,31,6,1,0,0,0,1,0,0,1,0,0,11,1,1,0,0,0,0,1.5,0.777777778,0.9
20200514KTNC0,20200514,KT,NC,0,T,0,L,0,24,135,33,31,9,3,0,0,2,0,0,0,2,1,0,10,1,3,0,0,1,1,1.5,1.375,0.9
20200514OBLT0,20200514,LT,OB,0,B,0,L,0,27,166,44,39,13,5,0,2,2,0,0,1,3,0,1,8,0,2,0,0,7,5,1.5,1.833333333,3.428571429
20200514OBLT0,20200514,OB,LT,0,T,0,W,0,27,165,38,34,9,3,0,1,0,0,0,1,2,0,1,8,0,0,0,0,4,4,0.75,1.166666667,6.75
20200514SKLG0,20200514,LG,SK,0,B,0,W,0,27,119,34,31,4,0,0,1,0,0,0,0,3,0,0,11,2,2,0,0,2,2,0,0.777777778,1.333333333
20200514SKLG0,20200514,SK,LG,0,T,0,L,0,25,145,36,32,11,2,0,1,2,1,1,0,3,1,0,12,2,0,0,0,3,3,1.090909091,1.68,1.666666667
20200514SSWO0,20200514,WO,SS,0,B,0,L,0,27,152,41,34,14,4,0,1,0,1,1,0,4,0,2,4,1,0,0,0,8,8,2,2.117647059,1.636363636
20200514SSWO0,20200514,SS,WO,0,T,0,W,2,27,150,37,35,8,3,0,1,0,0,0,0,2,0,0,8,0,0,0,0,5,5,4,0.642857143,1.5
20200515LTHH0,20200515,HH,LT,0,B,0,W,1,27,158,36,33,8,1,0,0,0,1,0,0,3,0,0,3,1,0,0,0,1,1,1.2,1.222222222,1.333333333
20200515LTHH0,20200515,LT,HH,0,T,0,L,0,24,154,33,30,8,2,1,0,0,1,0,0,3,0,0,12,0,0,0,0,2,2,0.75,1.375,1.2
20200515NCSK0,20200515,SK,NC,0,B,0,L,0,30,184,47,40,11,2,0,0,0,0,0,0,5,0,2,11,1,1,0,0,6,6,2,1.448275862,0.818181818
20200515NCSK0,20200515,NC,SK,0,T,0,W,3,30,175,38,30,2,1,0,1,0,2,1,0,7,0,0,6,0,1,0,0,2,2,1.5,1,1.333333333
20200515OBHT0,20200515,HT,OB,0,B,0,L,0,27,176,47,43,18,3,0,3,0,0,0,0,2,0,2,5,4,0,0,0,13,7,1.909090909,1.909090909,2
20200515OBHT0,20200515,OB,HT,0,T,0,W,0,27,168,40,36,8,1,0,0,0,0,0,0,4,0,0,3,0,0,0,1,4,0,1.5,1.666666667,1.2
20200515SSKT0,20200515,KT,SS,0,B,0,W,1,27,137,41,39,12,2,0,0,0,0,0,1,1,0,0,5,0,0,0,0,6,3,1,1.285714286,1.2
20200515SSKT0,20200515,SS,KT,0,T,0,L,0,24,171,44,41,16,5,2,3,1,0,0,0,3,1,0,3,0,1,0,0,14,10,2.4,2.368421053,1.5
20200516LTHH0,20200516,HH,LT,0,B,0,L,0,27,159,42,36,11,4,0,0,1,0,0,0,2,0,4,6,2,0,0,0,5,5,0.857142857,1.5,1.090909091
20200516LTHH0,20200516,LT,HH,0,T,0,W,3,27,139,37,36,10,2,0,0,1,1,0,0,1,0,0,6,0,0,0,0,1,1,0.3,1.375,1.333333333
20200516NCSK0,20200516,SK,NC,0,B,0,L,0,27,139,34,29,5,1,0,0,1,0,1,0,4,0,0,8,2,0,0,0,2,2,1.8,1,0.6
20200516NCSK0,20200516,NC,SK,0,T,0,W,3,27,140,33,31,6,1,0,1,0,0,0,0,1,0,1,7,2,0,0,0,1,1,0,0.777777778,1.333333333
20200516OBHT0,20200516,HT,OB,0,B,0,W,0,27,142,38,35,9,2,1,1,0,0,0,0,2,0,1,10,1,0,0,0,4,4,1.5,2,1.5
20200516OBHT0,20200516,OB,HT,0,T,0,L,0,24,176,44,38,16,6,0,2,0,0,1,0,5,0,0,3,1,1,0,0,13,13,3.75,12,6
20200516SSKT0,20200516,KT,SS,0,B,0,W,0,27,150,37,34,8,1,0,0,1,0,0,0,3,0,0,7,2,0,0,0,4,3,2.142857143,0,1.5
20200516SSKT0,20200516,SS,KT,0,T,0,L,0,24,152,43,35,16,3,1,0,3,0,1,1,6,0,0,2,2,0,0,0,10,9,1.846153846,0,5
20200516WOLG1,20200516,LG,WO,1,B,0,W,1,27,129,37,33,6,1,0,0,1,0,0,0,4,0,0,7,0,0,0,0,1,1,0.75,0.789473684,1
20200516WOLG1,20200516,WO,LG,1,T,0,L,0,24,109,30,25,4,1,0,1,0,0,1,0,3,1,1,5,1,0,0,0,3,3,2.25,1.235294118,2
20200516WOLG2,20200516,LG,WO,2,B,0,W,0,27,151,37,32,9,1,0,0,0,1,0,0,4,0,1,5,3,2,0,0,3,3,2.25,1.363636364,1.666666667
20200516WOLG2,20200516,WO,LG,2,T,0,L,2,24,143,38,32,10,1,0,1,1,1,1,0,4,0,1,9,0,0,1,0,5,5,2.4,1.35,3.6
20200517LTHH0,20200517,HH,LT,0,B,0,W,1,33,162,43,39,7,0,0,3,2,0,0,0,4,0,0,12,1,0,0,0,4,4,0.5,0.75,1.5
20200517LTHH0,20200517,LT,HH,0,T,0,L,0,32,162,45,35,6,0,0,0,0,0,2,1,5,0,2,3,1,0,1,0,5,2,1.125,1.105263158,0.5
20200517NCSK0,20200517,SK,NC,0,B,0,L,0,27,174,47,36,12,3,0,4,0,0,1,1,9,0,0,6,1,0,0,0,11,11,1.909090909,2.357142857,4.5
20200517NCSK0,20200517,NC,SK,0,T,0,W,0,27,160,43,39,12,1,0,0,0,0,0,0,4,0,0,8,1,0,0,0,5,5,1.666666667,1.75,4
20200517OBHT0,20200517,HT,OB,0,B,0,L,0,27,155,41,40,15,4,0,0,2,0,0,0,1,0,0,11,2,0,0,0,6,5,1.090909091,2.307692308,1
20200517OBHT0,20200517,OB,HT,0,T,0,W,0,27,156,39,35,8,2,0,1,0,0,1,0,3,0,0,10,1,0,0,0,4,2,0.6,0.692307692,1.333333333
20200517SSKT0,20200517,KT,SS,0,B,0,W,0,27,134,34,33,7,1,0,0,1,1,0,0,1,0,0,5,1,1,0,0,2,1,3,1.285714286,1.875
20200517SSKT0,20200517,SS,KT,0,T,0,L,0,24,171,40,31,9,2,0,1,0,0,0,2,7,0,0,4,0,1,0,0,9,7,3,5,1.333333333
20200517WOLG0,20200517,LG,WO,0,B,0,L,0,27,173,47,43,17,6,0,3,0,0,1,0,3,0,0,9,0,0,0,0,9,9,1.363636364,3,1.5
20200517WOLG0,20200517,WO,LG,0,T,0,W,0,27,134,35,32,8,2,0,0,0,0,0,1,2,0,0,5,2,1,0,0,4,4,1.5,0.666666667,0.6
20200519HHKT0,20200519,KT,HH,0,B,0,W,1,27,158,44,38,11,2,0,2,0,0,0,0,2,0,4,10,0,0,0,0,11,11,3.5,1,0.818181818
20200519HHKT0,20200519,HH,KT,0,T,0,L,0,24,170,46,40,18,4,1,2,0,1,0,0,6,0,0,7,1,1,0,0,13,13,2.076923077,5.25,3.857142857
20200519LGSS0,20200519,SS,LG,0,B,0,L,0,27,164,42,37,12,1,0,3,0,0,0,0,5,0,0,5,2,0,0,0,10,10,3.75,0,3.428571429
20200519LGSS0,20200519,LG,SS,0,T,0,W,0,27,145,38,35,11,2,0,2,0,0,0,1,2,0,0,6,2,0,0,0,6,6,1.285714286,0,1.5
20200519LTHT0,20200519,HT,LT,0,B,0,W,0,27,123,37,32,6,1,0,0,0,0,0,1,4,0,0,12,0,0,0,0,2,2,1.8,0,1.5
20200519LTHT0,20200519,LT,HT,0,T,0,L,0,24,161,44,37,16,0,0,3,2,0,0,1,4,0,2,6,1,1,0,0,9,9,1.5,3,2.625
20200519NCOB0,20200519,OB,NC,0,B,0,L,0,27,188,47,39,12,1,0,0,1,0,1,1,4,1,2,7,0,1,1,0,5,5,1.2,4.8,1.333333333
20200519NCOB0,20200519,NC,OB,0,T,0,W,2,27,200,46,36,10,2,0,0,0,0,0,1,8,0,1,8,0,0,1,0,4,4,1.636363636,1.2,2.625
20200519SKWO0,20200519,WO,SK,0,B,0,W,0,27,162,38,33,6,1,0,1,0,0,0,0,4,0,1,9,1,0,0,0,6,5,3,0.642857143,0.666666667
20200519SKWO0,20200519,SK,WO,0,T,0,L,0,24,162,45,38,14,3,0,1,1,0,0,0,5,0,2,7,2,1,0,0,11,10,2.7,3,2
20200520HHKT0,20200520,KT,HH,0,B,0,W,0,27,143,37,32,7,1,0,0,0,0,0,0,4,0,1,5,2,0,0,0,1,1,0.375,1.5,1.5
20200520HHKT0,20200520,HH,KT,0,T,0,L,0,24,161,43,38,17,4,1,0,2,0,0,3,2,0,0,6,0,1,0,0,8,8,1.090909091,4.5,2.625
20200520LGSS0,20200520,SS,LG,0,B,0,W,2,27,153,36,32,6,0,0,1,0,0,0,0,3,0,1,6,1,2,0,0,1,1,0.75,1,1.5
20200520LGSS0,20200520,LG,SS,0,T,0,L,0,24,110,29,26,5,1,0,0,3,0,0,2,1,0,0,7,1,0,0,0,3,2,0.6,0.75,1.8
20200520LTHT0,20200520,HT,LT,0,B,0,W,0,27,133,32,28,3,0,0,0,1,0,0,0,3,0,1,10,1,0,0,0,0,0,0,0.5,1.666666667
20200520LTHT0,20200520,LT,HT,0,T,0,L,0,24,152,37,33,9,3,0,2,0,0,0,0,4,0,0,8,0,0,0,0,6,6,1,3,6
20200520NCOB0,20200520,OB,NC,0,B,0,W,0,33,145,39,36,5,1,0,1,1,1,1,0,2,1,0,14,0,0,0,0,1,1,0.5,0.636363636,1
20200520NCOB0,20200520,NC,OB,0,T,0,L,0,31,135,38,33,3,1,0,0,0,0,1,0,4,1,0,9,0,0,0,0,2,2,3,0.677419355,0.272727273
20200520SKWO0,20200520,WO,SK,0,B,0,L,0,27,163,40,38,10,0,0,1,0,0,0,0,2,0,0,9,0,0,1,0,5,4,3,1.333333333,1.333333333
20200520SKWO0,20200520,SK,WO,0,T,0,W,2,27,140,38,34,7,1,0,1,5,0,0,0,4,0,0,8,0,1,0,0,3,3,0.818181818,1.222222222,0.6
20200521HHKT0,20200521,KT,HH,0,B,0,L,0,27,147,41,37,12,1,0,1,2,0,0,0,4,0,0,9,2,0,0,0,9,9,6,2.625,0.692307692
20200521HHKT0,20200521,HH,KT,0,T,0,W,0,27,175,42,34,10,4,0,1,1,0,1,1,5,0,1,7,1,0,0,0,4,4,1.25,1.5,3
20200521LGSS0,20200521,SS,LG,0,B,0,L,0,27,123,35,33,6,1,0,1,1,0,0,0,2,0,0,8,0,0,0,0,2,2,1.5,0.888888889,1
20200521LGSS0,20200521,LG,SS,0,T,0,W,2,27,129,32,27,2,0,0,0,0,0,0,0,5,0,0,4,2,0,0,0,0,0,0,0.777777778,1.333333333
20200521LTHT0,20200521,HT,LT,0,B,0,W,0,27,104,31,31,7,1,0,0,0,0,0,0,0,0,0,5,3,0,0,0,1,1,1.5,1,1.333333333
20200521LTHT0,20200521,LT,HT,0,T,0,L,0,24,136,37,32,9,1,0,0,1,1,0,0,5,0,0,5,0,2,0,0,6,6,3,3,1.875
20200521NCOB0,20200521,OB,NC,0,B,0,L,3,27,169,48,44,19,3,0,2,1,0,0,0,3,0,1,4,1,0,0,0,12,12,3,1.909090909,1.25
20200521NCOB0,20200521,NC,OB,0,T,0,W,0,27,156,40,35,11,0,1,0,0,1,0,1,3,0,1,2,1,1,0,1,6,6,0.9,1.65,1.5
20200521SKWO0,20200521,WO,SK,0,B,0,W,1,30,152,44,37,12,1,1,1,0,1,2,1,4,0,0,7,1,1,0,1,8,8,1.5,2.1,1.25
20200521SKWO0,20200521,SK,WO,0,T,0,L,1,27,192,44,40,13,5,0,0,2,0,0,0,4,0,0,11,1,0,0,1,9,7,4,2,3.428571429
20200522HHNC0,20200522,NC,HH,0,B,0,L,0,27,143,35,34,8,2,0,3,1,1,0,0,1,0,0,6,0,0,0,0,5,3,0,1.090909091,0.6
20200522HHNC0,20200522,HH,NC,0,T,0,W,2,27,145,33,29,6,0,0,1,0,0,0,1,3,0,0,10,2,0,0,0,3,3,1,0.913043478,1.333333333
20200522HTSK0,20200522,SK,HT,0,B,0,L,0,27,149,39,33,8,1,0,0,1,0,0,1,4,0,1,6,0,1,0,0,2,2,0.666666667,1.333333333,0.9
20200522HTSK0,20200522,HT,SK,0,T,0,W,3,27,137,33,32,6,1,0,0,1,2,0,0,1,0,0,8,1,0,0,0,1,0,0.6,0.777777778,1.333333333
20200522KTLG0,20200522,LG,KT,0,B,0,W,0,27,139,41,35,9,1,0,0,2,0,1,0,2,0,3,7,1,0,0,0,5,5,1.333333333,3.75,3
20200522KTLG0,20200522,KT,LG,0,T,0,L,1,25,141,38,35,10,2,0,1,0,0,0,0,3,1,0,5,0,0,0,0,6,5,2,5,2.142857143
20200522OBSS0,20200522,SS,OB,0,B,0,L,0,27,216,50,37,15,2,0,1,0,0,1,2,9,0,1,6,2,0,0,1,12,11,1.8,3.6,1.071428571
20200522OBSS0,20200522,OB,SS,0,T,0,W,0,27,162,42,35,12,1,0,1,0,0,2,1,4,0,0,4,1,0,0,0,7,7,1.636363636,2.4,1.090909091
20200522WOLT0,20200522,LT,WO,0,B,0,W,2,27,159,39,29,6,2,0,1,0,1,0,2,8,0,0,10,1,0,0,0,7,7,1.5,1.111111111,1.2
20200522WOLT0,20200522,WO,LT,0,T,0,L,0,24,172,44,36,12,4,0,0,1,0,0,1,7,0,0,6,0,0,0,1,9,8,1.75,2.571428571,2.625
20200523HHNC0,20200523,NC,HH,0,B,0,W,0,27,122,31,30,6,2,0,0,1,1,0,0,1,0,0,9,1,0,0,0,0,0,0.6,0.625,1.125
20200523HHNC0,20200523,HH,NC,0,T,0,L,0,24,144,36,32,10,1,0,0,3,1,0,0,3,0,1,9,0,1,0,0,3,3,1.5,1.772727273,3
20200523HTSK0,20200523,SK,HT,0,B,0,L,0,27,155,42,34,9,2,0,1,0,0,1,1,6,0,0,9,0,3,0,0,8,8,2,2,1.090909091
20200523HTSK0,20200523,HT,SK,0,T,0,W,1,27,151,36,32,9,1,0,1,0,0,0,0,3,0,1,8,2,1,0,0,3,3,1,1,1.333333333
20200523KTLG0,20200523,LG,KT,0,B,0,L,0,27,155,38,36,10,0,1,2,0,1,0,1,1,0,0,5,0,0,0,0,6,6,1.2,2.076923077,2.5
20200523KTLG0,20200523,KT,LG,0,T,0,W,0,27,171,40,32,7,0,0,0,1,0,0,0,8,0,0,3,2,0,0,0,2,2,1,1.8,0.214285714
20200523OBSS0,20200523,SS,OB,0,B,0,L,0,27,153,45,37,13,3,0,3,0,1,0,2,5,0,1,9,0,0,0,0,10,10,2.571428571,2.307692308,2.625
20200523OBSS0,20200523,OB,SS,0,T,0,W,0,27,168,41,37,10,4,0,4,0,0,0,1,2,0,1,5,0,0,0,0,6,5,0.5,1,2.25
20200523WOLT0,20200523,LT,WO,0,B,0,L,0,27,185,46,43,15,4,0,4,0,0,0,0,3,0,0,12,0,2,0,0,12,12,3.428571429,3,2.625
20200523WOLT0,20200523,WO,LT,0,T,0,W,0,27,151,40,35,8,4,0,0,0,0,0,1,4,0,0,6,0,1,0,0,4,3,0.9,1.285714286,1.2
20200524HHNC0,20200524,NC,HH,0,B,0,W,2,27,158,39,33,7,2,0,1,0,0,0,1,4,0,1,6,0,1,0,0,5,5,1.285714286,0.947368421,0.9
20200524HHNC0,20200524,HH,NC,0,T,0,L,0,24,159,44,35,13,2,0,1,1,0,2,1,5,0,1,10,0,0,0,1,10,8,2.25,2.823529412,2.625
20200524HTSK0,20200524,SK,HT,0,B,0,W,1,36,194,53,50,15,2,0,0,0,1,0,0,3,0,0,6,1,1,0,0,3,1,2,1.5,3.375
20200524HTSK0,20200524,HT,SK,0,T,0,L,0,35,164,46,41,8,0,1,0,0,0,1,0,3,0,1,4,2,0,0,0,4,2,0.857142857,0.942857143,1.090909091
20200524KTLG0,20200524,LG,KT,0,B,0,W,0,27,155,42,37,10,2,0,0,1,0,2,0,3,0,0,10,0,0,0,1,7,4,2.4,1.263157895,1.2
20200524KTLG0,20200524,KT,LG,0,T,0,L,1,25,139,40,33,10,1,0,1,2,0,0,0,6,0,1,5,1,0,0,0,9,9,2,2.0625,1.875
20200524OBSS0,20200524,SS,OB,0,B,0,W,0,27,134,36,35,11,1,0,0,0,0,0,0,0,0,1,8,3,0,0,0,0,0,0,1.4,1
20200524OBSS0,20200524,OB,SS,0,T,0,L,0,24,172,45,34,15,6,0,0,1,1,2,1,7,0,1,8,0,1,0,0,13,13,3,2.307692308,2
20200524WOLT0,20200524,LT,WO,0,B,0,W,2,27,149,34,29,4,0,0,0,1,0,0,0,5,0,0,5,2,0,0,0,0,0,2,1,0.545454545
20200524WOLT0,20200524,WO,LT,0,T,0,L,0,24,116,34,33,9,3,0,0,2,0,0,0,0,0,1,3,0,0,0,0,2,2,0.75,1.125,1.5
20200526HTKT0,20200526,KT,HT,0,B,0,L,0,27,165,44,35,12,1,0,0,0,0,1,1,6,0,1,5,1,0,0,0,4,4,1.615384615,2.333333333,3
20200526HTKT0,20200526,HT,KT,0,T,0,W,1,27,134,33,31,4,0,0,0,1,0,0,0,1,0,1,14,1,0,0,0,1,0,0,0.5,1.125
20200526LGHH0,20200526,HH,LG,0,B,0,L,0,27,154,38,35,9,0,1,2,0,0,0,0,3,0,0,10,2,0,0,0,3,3,2,1.44,1.333333333
20200526LGHH0,20200526,LG,HH,0,T,0,W,2,27,126,30,28,3,0,0,0,0,0,0,0,2,0,0,3,2,1,0,0,0,0,0,0.625,1.285714286
20200526SKOB0,20200526,OB,SK,0,B,0,W,0,27,132,37,32,7,0,0,0,0,0,1,0,4,1,0,7,1,1,0,0,4,4,1,1.08,2.142857143
20200526SKOB0,20200526,SK,OB,0,T,0,L,0,24,133,32,26,4,1,1,0,0,0,1,2,3,0,0,9,0,0,0,0,6,1,1.5,0.913043478,0.6
20200526SSLT0,20200526,LT,SS,0,B,0,W,0,27,122,33,29,4,1,0,0,3,0,0,0,4,0,0,9,1,0,0,0,0,0,0.375,0.888888889,1
20200526SSLT0,20200526,SS,LT,0,T,0,L,0,24,122,33,30,6,2,0,0,0,0,0,0,3,0,0,6,0,0,0,1,1,1,0.9,1.125,2.142857143
20200526WONC0,20200526,NC,WO,0,B,0,W,1,27,151,38,32,5,0,0,0,0,0,0,0,6,0,0,8,0,0,0,0,2,2,1.5,1.125,1.5
20200526WONC0,20200526,WO,NC,0,T,0,L,0,24,131,35,28,8,4,0,1,1,0,2,1,3,0,1,4,1,1,0,0,7,7,2,3.857142857,1.714285714
20200527HTKT0,20200527,KT,HT,0,B,0,W,0,27,132,35,31,5,0,0,0,0,0,0,0,3,0,1,8,1,0,0,0,0,0,0,0.75,1.125
20200527HTKT0,20200527,HT,KT,0,T,0,L,0,24,146,34,30,9,3,1,0,0,1,1,1,2,0,0,6,1,1,0,0,5,5,0.857142857,1.909090909,2.571428571
20200527LGHH0,20200527,HH,LG,0,B,0,L,0,27,183,50,46,19,4,1,5,1,0,0,0,3,0,1,6,0,0,0,1,15,15,3,3,2.1
20200527LGHH0,20200527,LG,HH,0,T,0,W,0,27,123,36,34,10,2,0,2,1,1,0,1,1,0,0,9,2,0,0,0,4,4,0,1,0.230769231
20200527SKOB0,20200527,OB,SK,0,B,0,W,0,27,138,37,31,6,1,1,0,0,0,0,1,5,0,0,6,0,0,0,0,2,2,2.4,1.263157895,4.2
20200527SKOB0,20200527,SK,OB,0,T,0,L,0,24,137,34,31,7,1,0,0,1,1,0,1,1,0,1,3,0,0,0,0,4,4,1,1.411764706,1.714285714
20200527SSLT0,20200527,LT,SS,0,B,0,L,0,27,201,51,34,11,4,0,2,0,1,0,3,11,0,3,5,0,2,0,0,11,11,2.076923077,1.846153846,2.1
20200527SSLT0,20200527,SS,LT,0,T,0,W,0,27,126,34,33,5,0,0,0,0,0,0,0,1,0,0,7,0,1,0,0,1,0,1,0.75,1.5
20200527WONC0,20200527,NC,WO,0,B,0,W,0,27,151,40,36,11,1,0,1,0,0,0,0,4,0,0,9,2,1,0,0,3,3,1.2,1.6,1.5
20200527WONC0,20200527,WO,NC,0,T,0,L,0,24,151,40,35,13,0,0,3,0,0,0,0,4,0,1,5,2,1,1,0,10,9,2,2.571428571,3.5
20200528HTKT0,20200528,KT,HT,0,B,0,W,2,27,151,38,33,9,1,0,2,1,0,1,0,4,0,0,6,2,0,0,0,5,5,1,1.32,2.25
20200528HTKT0,20200528,HT,KT,0,T,0,L,0,24,135,39,36,12,1,0,0,0,1,0,0,3,0,0,6,0,0,0,0,6,6,3,2.045454545,2.142857143
20200528LGHH0,20200528,HH,LG,0,B,0,L,0,27,144,38,37,13,3,0,0,0,2,1,0,0,0,0,4,1,0,0,0,3,3,0.9,2.454545455,3
20200528LGHH0,20200528,LG,HH,0,T,0,W,2,27,134,34,31,5,1,0,0,0,0,0,0,3,0,0,13,2,1,0,0,0,0,0.333333333,1.666666667,0.9
20200528SKOB0,20200528,OB,SK,0,B,0,L,0,27,161,41,38,11,3,0,1,1,1,0,0,3,1,0,4,0,1,0,0,6,6,1.666666667,2.2,1.5
20200528SKOB0,20200528,SK,OB,0,T,0,W,1,27,108,30,27,3,1,1,0,0,0,0,0,3,0,0,5,3,0,0,0,1,1,6,0,0.3
20200528SSLT0,20200528,LT,SS,0,B,0,L,0,27,152,37,34,7,4,0,0,2,0,0,0,3,0,0,9,0,1,0,0,3,3,0.75,1.35,1
20200528SSLT0,20200528,SS,LT,0,T,0,W,2,27,163,39,32,5,2,0,0,1,0,0,0,6,0,1,6,0,0,0,0,1,1,1.2,1.263157895,2.571428571
20200528WONC0,20200528,NC,WO,0,B,0,W,1,27,171,43,40,15,1,0,2,0,0,0,0,2,0,1,4,2,0,1,0,6,6,0.9,2.142857143,2.625
20200528WONC0,20200528,WO,NC,0,T,0,L,1,24,157,38,37,13,1,1,4,0,0,0,0,1,0,0,6,0,1,0,0,9,9,3,1.65,2.142857143
20200529HHSK0,20200529,SK,HH,0,B,0,W,0,27,172,41,37,13,3,0,1,1,0,0,0,3,0,1,6,1,1,0,0,6,6,2.333333333,1.5,1
20200529HHSK0,20200529,HH,SK,0,T,0,L,0,24,167,38,34,11,0,0,3,1,0,0,1,3,0,0,8,0,0,0,0,8,7,2.25,2.25,3
20200529KTWO0,20200529,WO,KT,0,B,0,W,0,27,134,36,35,8,1,0,0,0,0,0,0,1,0,0,12,1,1,0,1,1,0,0.333333333,0.857142857,1
20200529KTWO0,20200529,KT,WO,0,T,0,L,0,24,152,40,31,7,1,0,0,0,0,0,1,5,0,3,4,0,1,0,0,5,4,1.153846154,1.736842105,4.2
20200529LGHT0,20200529,HT,LG,0,B,0,L,0,27,168,37,33,10,1,0,2,0,2,1,0,3,1,0,5,1,1,1,0,6,6,2.25,1.173913043,3
20200529LGHT0,20200529,LG,HT,0,T,0,W,1,27,143,36,34,7,1,0,2,0,0,0,0,2,0,0,5,0,0,0,0,2,2,0,0.857142857,1
20200529LTOB0,20200529,OB,LT,0,B,0,W,2,27,148,38,34,10,1,0,0,1,0,0,0,3,0,1,7,3,0,0,0,2,2,0.75,1.444444444,1.5
20200529LTOB0,20200529,LT,OB,0,T,0,L,0,24,122,32,28,5,1,0,1,1,0,0,1,3,0,0,6,0,1,0,0,4,4,2.25,1,0.272727273
20200529NCSS0,20200529,SS,NC,0,B,0,W,0,27,155,35,33,8,0,0,1,0,1,0,0,2,0,0,3,0,0,0,0,4,4,4.5,1.285714286,1.333333333
20200529NCSS0,20200529,NC,SS,0,T,0,L,1,26,126,36,35,9,0,0,0,0,0,1,0,0,0,0,7,0,0,0,0,5,4,2.4,1.285714286,1.714285714
20200530HHSK0,20200530,SK,HH,0,B,0,W,2,27,146,36,28,2,0,0,1,0,0,1,0,7,0,0,9,2,0,0,0,3,3,0.857142857,1.5,0.9
20200530HHSK0,20200530,HH,SK,0,T,0,L,0,24,196,43,31,8,2,0,1,1,1,0,0,11,1,1,10,1,0,0,0,9,8,2.181818182,2.117647059,2.571428571
20200530KTWO0,20200530,WO,KT,0,B,0,W,0,27,129,33,31,7,0,0,2,0,0,1,0,1,0,0,6,2,1,0,0,3,3,0,1,0.6
20200530KTWO0,20200530,KT,WO,0,T,0,L,0,24,182,48,39,16,2,1,2,0,0,0,1,7,0,1,5,0,1,0,0,14,14,2.454545455,2.769230769,3
20200530LGHT0,20200530,HT,LG,0,B,0,W,0,27,141,38,32,6,2,0,1,0,0,0,0,6,0,0,10,1,1,0,0,6,5,1.2,0.4,1
20200530LGHT0,20200530,LG,HT,0,T,0,L,0,24,154,43,37,14,2,0,1,1,0,0,2,4,0,0,4,0,0,0,0,10,5,4.285714286,2.769230769,2
20200530LTOB0,20200530,OB,LT,0,B,0,W,0,33,151,46,42,11,2,0,0,0,0,0,0,4,0,0,3,2,0,0,0,4,4,1,1.666666667,1.5
20200530LTOB0,20200530,LT,OB,0,T,0,L,0,32,171,44,37,11,1,0,1,1,1,1,1,5,1,0,4,3,0,0,1,5,4,3.75,1.444444444,1.25
20200530NCSS0,20200530,SS,NC,0,B,0,W,0,27,132,34,30,4,1,0,0,0,0,0,0,2,0,2,4,1,0,0,0,1,1,0,0.714285714,0.666666667
20200530NCSS0,20200530,NC,SS,0,T,0,L,0,24,161,40,33,12,2,0,3,0,0,1,0,6,1,0,5,1,1,0,0,9,9,1.5,1.666666667,4
20200531HHSK0,20200531,SK,HH,0,B,0,W,2,27,152,36,32,5,0,0,1,1,0,0,0,4,0,0,5,0,1,0,0,4,3,1.5,1,1.5
20200531HHSK0,20200531,HH,SK,0,T,0,L,0,24,166,40,30,10,2,1,1,3,1,0,1,8,0,1,5,2,0,0,0,6,6,2.333333333,1.826086957,2.25
20200531KTWO0,20200531,WO,KT,0,B,0,L,0,27,194,49,40,14,1,0,4,2,0,0,0,7,0,2,9,0,0,0,0,12,12,1.714285714,2.181818182,2.333333333
20200531KTWO0,20200531,KT,WO,0,T,0,W,3,27,179,44,38,10,2,0,1,1,0,0,1,5,0,0,7,1,1,0,0,8,7,1.666666667,1.636363636,1.363636364
20200531LGHT0,20200531,HT,LG,0,B,0,L,0,27,188,48,44,20,5,2,0,2,1,0,1,2,0,1,7,1,2,0,0,13,13,3,2.25,1.636363636
20200531LGHT0,20200531,LG,HT,0,T,0,W,0,27,144,39,38,11,3,0,2,2,0,0,0,1,0,0,5,0,0,0,0,5,5,2,2.4,0.545454545
20200531LTOB0,20200531,OB,LT,0,B,0,L,0,33,231,53,40,8,1,0,0,1,0,1,1,10,0,1,7,1,0,0,0,8,2,4.5,1.64516129,2.1
20200531LTOB0,20200531,LT,OB,0,T,0,W,2,33,185,45,41,11,1,0,0,0,0,1,0,3,0,0,8,2,0,0,0,3,3,0.6,1.4,1.363636364
20200531NCSS0,20200531,SS,NC,0,B,0,L,0,27,196,53,48,21,6,0,3,0,0,0,1,3,0,1,7,0,0,0,0,18,11,3,3,2.666666667
20200531NCSS0,20200531,NC,SS,0,T,0,W,0,27,147,38,35,10,0,0,2,0,0,0,1,2,0,0,6,2,1,0,0,7,6,3,0,3
20200602LTHT0,20200602,HT,LT,0,B,0,W,1,27,119,34,32,7,1,0,2,0,0,0,0,2,0,0,8,1,0,0,0,2,2,1,1.142857143,0.818181818
20200602LTHT0,20200602,LT,HT,0,T,0,L,0,24,135,38,35,12,1,0,2,0,0,0,0,3,0,0,5,1,1,0,0,7,7,2,1.95,3
20200602OBKT0,20200602,KT,OB,0,B,0,L,0,27,137,45,42,18,3,0,2,0,0,0,0,3,0,0,5,3,0,0,0,11,11,2.333333333,18,3.857142857
20200602OBKT0,20200602,OB,KT,0,T,0,W,1,27,170,44,40,12,4,0,1,0,0,0,0,3,0,1,8,1,1,0,0,8,7,2.142857143,0,2.625
20200602SKNC0,20200602,NC,SK,0,B,0,L,0,27,175,45,37,11,4,0,0,1,0,0,0,7,0,1,5,0,0,0,0,8,7,1.25,4.285714286,5
20200602SKNC0,20200602,SK,NC,0,T,0,W,0,27,135,36,34,7,2,0,1,0,0,0,0,2,0,0,11,0,0,0,0,2,1,0.428571429,0.75,1
20200602SSLG0,20200602,LG,SS,0,B,0,L,0,27,123,33,30,6,2,0,0,0,1,0,0,2,0,1,8,1,0,0,0,2,2,1,0.888888889,0.545454545
20200602SSLG0,20200602,SS,LG,0,T,0,W,1,27,121,30,30,5,1,0,0,0,0,0,0,0,0,0,6,1,0,0,0,0,0,0,0.555555556,1.125
20200602WOHH0,20200602,HH,WO,0,B,0,L,0,27,200,53,40,17,2,0,2,0,1,1,2,10,0,0,7,0,1,1,1,15,14,2.357142857,2.625,3.75
20200602WOHH0,20200602,WO,HH,0,T,0,W,0,27,119,34,34,8,1,0,0,2,0,0,0,0,0,0,7,1,0,0,0,3,2,1.5,0.5,0.272727273
20200603LTHT0,20200603,HT,LT,0,B,0,W,0,27,124,33,30,3,1,0,1,0,0,0,0,2,0,1,6,0,0,0,0,2,2,3,0.6,0.6
20200603LTHT0,20200603,LT,HT,0,T,0,L,0,24,159,45,37,14,0,1,1,1,0,0,0,6,0,2,6,2,0,0,0,11,11,2.307692308,2.769230769,1.8
20200603OBKT0,20200603,KT,OB,0,B,0,W,0,27,135,36,32,6,2,0,0,0,0,0,0,4,0,0,4,1,0,0,0,2,2,1.5,1,0.9
20200603OBKT0,20200603,OB,KT,0,T,0,L,0,24,148,40,39,14,4,0,2,0,0,0,0,1,0,0,3,0,0,0,1,7,4,1.714285714,1.8,2.625
20200603SKNC0,20200603,NC,SK,0,B,0,W,1,27,147,42,38,11,4,0,2,0,0,0,0,3,0,1,5,0,0,0,0,6,5,3,2,2
20200603SKNC0,20200603,SK,NC,0,T,0,L,0,24,144,41,35,14,4,0,2,1,1,0,1,5,0,0,5,1,0,0,0,8,8,1.714285714,7,2.625
20200603SSLG0,20200603,LG,SS,0,B,0,L,0,27,145,43,37,12,4,0,2,0,1,0,0,5,0,1,6,2,0,0,1,12,11,3.428571429,2.307692308,4.5
20200603SSLG0,20200603,SS,LG,0,T,0,W,0,27,144,41,39,14,1,0,2,3,0,0,1,1,0,0,7,0,1,0,0,6,6,0.857142857,2,1.5
20200603WOHH0,20200603,HH,WO,0,B,0,L,0,27,137,42,37,10,1,0,0,0,0,0,1,4,0,0,5,1,0,0,0,6,4,1.5,6,1.666666667
20200603WOHH0,20200603,WO,HH,0,T,0,W,0,27,141,35,33,7,0,0,1,1,0,0,0,2,0,0,6,0,0,1,0,2,2,0.6,1.5,1
20200604LTHT0,20200604,HT,LT,0,B,0,W,0,27,145,39,36,10,1,0,0,1,0,0,0,3,0,0,7,2,0,0,1,3,3,0.9,0.75,0.5
20200604LTHT0,20200604,LT,HT,0,T,0,L,0,24,133,34,33,9,1,0,3,0,0,0,0,1,0,0,3,0,0,0,0,7,7,1.8,1.666666667,2.142857143
20200604OBKT0,20200604,KT,OB,0,B,0,L,0,27,180,47,40,14,1,0,3,0,0,0,0,7,0,0,6,0,0,0,0,14,14,3.428571429,2.571428571,4.5
20200604OBKT0,20200604,OB,KT,0,T,0,W,0,27,167,44,37,11,5,0,0,0,0,0,1,6,0,0,9,1,1,0,0,8,8,2.666666667,1,1.5
20200604SKNC0,20200604,NC,SK,0,B,0,W,0,27,156,35,30,5,0,0,0,1,0,1,0,4,0,0,12,1,1,0,0,0,0,1.2,1.5,0.272727273
20200604SKNC0,20200604,SK,NC,0,T,0,L,0,24,199,47,32,10,2,0,2,0,0,0,1,10,0,4,3,1,0,0,0,10,10,1.5,2,2.625
20200604SSLG0,20200604,LG,SS,0,B,0,W,0,27,126,35,32,4,1,1,0,0,0,0,0,3,0,0,12,0,1,0,0,0,0,1.5,0.666666667,1
20200604SSLG0,20200604,SS,LG,0,T,0,L,0,24,120,40,37,14,5,0,1,1,0,0,2,1,0,0,4,0,0,0,0,11,8,2.571428571,2.625,2.571428571
20200604WOHH0,20200604,HH,WO,0,B,0,L,0,27,169,40,37,11,2,0,2,2,0,0,0,3,0,0,11,1,2,0,1,7,4,1.714285714,1.6875,2.25
20200604WOHH0,20200604,WO,HH,0,T,0,W,0,27,117,35,35,8,1,0,0,0,0,0,0,0,0,0,5,1,0,0,0,3,3,1,0.6,0.25
20200605HTOB0,20200605,OB,HT,0,B,0,W,1,27,158,38,32,5,2,0,0,1,0,1,0,5,0,0,12,0,0,0,0,1,0,0.9,1,2.5
20200605HTOB0,20200605,HT,OB,0,T,0,L,0,24,111,31,30,7,2,0,0,0,0,0,0,1,0,0,4,1,1,0,0,5,5,7.5,1.05,0.272727273
20200605KTLT0,20200605,LT,KT,0,B,0,W,1,27,137,37,33,9,0,0,3,1,0,1,0,2,0,1,8,1,0,0,0,4,4,0,1,1.333333333
20200605KTLT0,20200605,KT,LT,0,T,0,L,0,24,128,36,34,10,2,0,2,1,0,0,0,2,0,0,7,0,0,0,0,6,6,1.5,1.5,2.142857143
20200605LGWO0,20200605,WO,LG,0,B,0,W,0,27,128,34,33,6,0,0,2,0,0,0,0,1,0,0,6,0,1,0,0,3,3,0,0,1.5
20200605LGWO0,20200605,LG,WO,0,T,0,L,0,24,137,36,31,8,1,0,2,1,0,0,0,5,0,0,8,1,0,0,0,6,6,2,4.5,1.875
20200605NCHH0,20200605,HH,NC,0,B,0,L,0,27,205,50,43,17,4,0,4,1,0,0,0,6,0,1,8,2,2,0,0,13,11,1.75,2.25,1.909090909
20200605NCHH0,20200605,NC,HH,0,T,0,W,0,27,149,34,27,3,0,0,1,0,0,0,0,7,0,0,11,3,0,0,0,2,2,1,1.5,1
20200605SSSK0,20200605,SK,SS,0,B,0,W,2,27,144,34,32,7,1,0,0,0,1,0,0,1,0,1,10,1,0,1,0,1,1,1.2,1,0.9
20200605SSSK0,20200605,SS,SK,0,T,0,L,0,24,137,36,28,6,2,0,0,0,1,2,0,6,1,0,6,0,0,0,0,4,4,1.714285714,1.565217391,2.5
20200606HTOB0,20200606,OB,HT,0,B,0,W,0,27,136,34,31,7,1,0,0,0,0,0,2,1,0,0,3,1,0,0,0,3,3,0,0.888888889,0.6
20200606HTOB0,20200606,HT,OB,0,T,0,L,0,24,121,36,31,9,4,0,0,0,0,2,2,1,0,0,5,0,0,0,0,4,2,1.333333333,1.25,0.3
20200606KTLT0,20200606,LT,KT,0,B,0,W,0,27,135,32,32,6,0,0,0,1,0,0,0,0,0,0,8,0,0,0,0,0,0,0,0.666666667,0.272727273
20200606KTLT0,20200606,KT,LT,0,T,0,L,0,25,122,32,27,5,0,0,0,0,0,1,0,4,1,0,4,1,0,0,0,1,1,2,1.08,1.875
20200606LGWO0,20200606,WO,LG,0,B,0,W,0,27,136,38,30,6,1,0,0,0,0,1,2,5,0,0,6,0,0,0,0,4,4,1,1.411764706,1.5
20200606LGWO0,20200606,LG,WO,0,T,0,L,2,26,141,38,34,10,4,0,1,2,0,0,0,4,0,0,8,1,2,0,0,5,5,1.909090909,1.6875,2.142857143
20200606NCHH0,20200606,HH,NC,0,B,0,L,0,27,169,46,42,14,3,1,4,0,0,0,0,2,0,2,9,0,0,0,0,14,14,4.5,2,1.666666667
20200606NCHH0,20200606,NC,HH,0,T,0,W,0,27,136,37,37,11,1,0,1,0,0,0,0,0,0,0,7,1,1,0,0,2,2,0.3,1.333333333,3
20200606SSSK0,20200606,SK,SS,0,B,0,W,0,27,139,36,32,7,0,0,1,2,0,0,0,3,0,1,8,1,0,0,0,4,4,2,0.545454545,1.125
20200606SSSK0,20200606,SS,SK,0,T,0,L,0,24,146,35,26,6,0,0,2,2,1,0,0,8,0,1,2,1,1,0,0,6,6,3,2.571428571,1.875
20200607HTOB0,20200607,OB,HT,0,B,0,W,2,27,139,36,32,9,3,1,0,0,1,0,0,3,0,1,1,1,1,0,0,2,2,0.75,1.333333333,1.714285714
20200607HTOB0,20200607,HT,OB,0,T,0,L,0,24,171,39,35,10,2,0,0,2,0,0,0,3,0,1,9,0,1,0,1,3,3,1,1.625,1.333333333
20200607KTLT0,20200607,LT,KT,0,B,0,W,2,27,144,36,35,8,1,0,1,0,0,0,0,1,0,0,10,0,0,0,0,2,2,2.25,0.705882353,1.5
20200607KTLT0,20200607,KT,LT,0,T,0,L,0,24,143,34,31,9,3,0,0,1,1,0,0,3,0,0,7,0,0,0,0,5,5,2.333333333,2.0625,2.571428571
20200607LGWO0,20200607,WO,LG,0,B,0,L,0,27,186,46,42,14,1,0,1,1,0,0,1,2,0,1,5,0,0,0,0,8,6,0.75,1.263157895,2
20200607LGWO0,20200607,LG,WO,0,T,0,W,0,27,129,37,31,7,0,0,1,0,0,1,0,5,0,0,7,1,0,0,0,1,1,0.75,1.333333333,0.6
20200607NCHH0,20200607,HH,NC,0,B,0,L,0,27,169,46,40,13,4,0,1,0,1,0,0,6,0,0,5,0,0,0,0,8,7,3.375,2.25,1.5
20200607NCHH0,20200607,NC,HH,0,T,0,W,0,27,123,32,31,5,1,0,0,0,0,0,0,1,0,0,5,1,0,0,0,2,2,6,0,0.25
20200607SSSK0,20200607,SK,SS,0,B,0,L,0,27,143,35,32,9,0,0,1,2,0,1,0,2,0,0,8,2,2,0,0,3,3,2.25,1.142857143,2.142857143
20200607SSSK0,20200607,SS,SK,0,T,0,W,3,27,147,36,33,6,0,0,0,0,0,0,0,3,0,0,9,1,0,0,0,0,0,0.75,1,1.5
20200609HHLT0,20200609,LT,HH,0,B,0,W,0,27,132,39,35,10,1,0,1,0,0,0,0,3,0,1,6,2,1,0,0,3,3,1.8,0.75,0.818181818
20200609HHLT0,20200609,HH,LT,0,T,0,L,0,24,138,39,37,16,4,1,1,1,0,1,0,1,0,0,7,1,0,0,0,9,9,1.8,2.666666667,3.5
20200609HTKT0,20200609,KT,HT,0,B,0,L,0,27,158,33,30,5,2,0,1,0,0,1,0,2,0,0,7,1,0,0,0,3,3,1.2,0.777777778,0.9
20200609HTKT0,20200609,HT,KT,0,T,0,W,2,27,152,36,34,7,1,1,1,0,0,0,0,2,0,0,12,0,2,0,0,2,2,0.75,1,2.142857143
20200609OBNC0,20200609,NC,OB,0,B,0,W,1,27,169,41,35,11,4,0,1,0,0,0,1,4,0,1,10,2,1,0,0,8,8,1.333333333,2.142857143,1.8
20200609OBNC0,20200609,OB,NC,0,T,0,L,0,24,171,41,34,12,4,0,1,0,1,0,0,7,0,0,9,1,1,0,0,12,12,5.4,12,2.333333333
20200609SKLG0,20200609,LG,SK,0,B,0,L,0,30,153,43,38,10,4,0,1,0,1,0,1,4,1,0,5,0,0,0,0,5,5,1.714285714,1.448275862,4.5
20200609SKLG0,20200609,SK,LG,0,T,0,W,0,30,196,48,39,11,0,0,1,1,0,1,0,7,0,1,7,2,0,0,0,3,2,1.636363636,1.714285714,2
20200609WOSS0,20200609,SS,WO,0,B,0,L,0,27,172,44,36,11,3,0,1,0,0,1,0,7,0,0,7,1,1,0,0,5,5,2,2,3.857142857
20200609WOSS0,20200609,WO,SS,0,T,0,W,2,27,152,40,35,11,2,0,0,3,0,0,1,4,0,0,7,2,0,0,0,3,3,0.5,1.666666667,1.666666667
20200610HHLT0,20200610,LT,HH,0,B,0,W,0,27,126,34,33,6,1,0,0,0,0,0,1,0,0,0,5,0,1,0,0,2,1,1.2,0.5,0.6
20200610HHLT0,20200610,HH,LT,0,T,0,L,0,24,187,45,39,14,2,1,2,2,0,0,0,5,0,1,9,0,0,0,0,12,11,3.333333333,3,1.666666667
20200610HTKT0,20200610,KT,HT,0,B,0,L,0,15,116,32,21,7,1,0,1,0,0,0,1,8,0,2,3,0,2,0,0,10,8,3,12,3
20200610HTKT0,20200610,HT,KT,0,T,1,W,0,15,59,18,18,3,0,0,0,0,0,0,0,0,0,0,3,0,0,0,0,0,0,0,0,0.6
20200610OBNC0,20200610,NC,OB,0,B,0,L,0,27,180,41,35,11,1,0,3,0,0,0,0,5,0,1,5,2,0,0,0,9,9,6,1.263157895,1.8
20200610OBNC0,20200610,OB,NC,0,T,0,W,0,27,127,34,34,7,0,1,1,0,0,0,0,0,0,0,5,0,0,0,0,1,1,0,0.666666667,0.272727273
20200610WOSS0,20200610,SS,WO,0,B,0,W,2,27,139,32,29,4,1,1,0,0,0,0,0,3,0,0,7,2,0,0,0,1,1,2.25,0.631578947,0.25
20200610WOSS0,20200610,WO,SS,0,T,0,L,0,24,138,34,30,8,2,0,1,1,2,0,1,3,0,0,4,0,1,0,1,4,2,0.857142857,1.421052632,2.142857143
20200611HHLT0,20200611,LT,HH,0,B,0,W,0,27,126,36,28,5,0,0,0,0,0,2,0,4,0,2,8,1,0,0,0,0,0,1,2,0.272727273
20200611HHLT0,20200611,HH,LT,0,T,0,L,0,24,160,38,32,10,3,0,0,0,1,0,1,4,1,1,6,0,0,0,0,5,5,2.25,1.8,3.6
20200611HTKT0,20200611,KT,HT,0,B,0,W,0,27,167,42,41,15,2,0,3,0,0,0,0,1,0,0,9,1,0,0,0,8,8,3,0.666666667,1.363636364
20200611HTKT0,20200611,HT,KT,0,T,0,L,0,24,145,44,39,16,2,0,3,0,0,0,0,4,0,1,5,1,0,0,0,13,12,3.857142857,3,8.25
20200611OBNC0,20200611,NC,OB,0,B,0,W,1,27,176,40,37,11,3,0,1,0,0,0,0,2,0,1,10,1,1,0,0,5,5,0.923076923,0.75,1.666666667
20200611OBNC0,20200611,OB,NC,0,T,0,L,0,24,127,37,37,14,4,0,1,0,1,0,0,0,0,0,5,0,0,0,0,7,7,1.875,1.764705882,2.571428571
20200611SKLG1,20200611,LG,SK,1,B,0,W,1,27,134,35,34,6,1,0,0,2,0,0,0,0,0,1,8,0,0,0,0,1,1,0.5,0.666666667,0.6
20200611SKLG1,20200611,SK,LG,1,T,0,L,0,24,155,37,32,10,1,0,1,0,0,0,1,2,0,2,4,1,1,0,0,3,3,0.5,1.5,2.571428571
20200611SKLG2,20200611,LG,SK,2,B,0,W,1,27,147,38,34,9,0,0,2,0,0,2,0,1,0,1,10,0,0,0,0,3,3,0.6,1.111111111,0.666666667
20200611SKLG2,20200611,SK,LG,2,T,0,L,0,24,118,33,26,4,2,0,1,1,0,0,1,6,0,0,5,0,2,0,0,4,4,2.4,1.25,1
20200611WOSS0,20200611,SS,WO,0,B,0,W,2,27,130,36,33,6,0,1,1,0,0,0,0,2,0,1,5,1,0,0,0,3,3,0,1,2.5
20200611WOSS0,20200611,WO,SS,0,T,0,L,0,24,117,35,32,7,0,0,3,3,0,0,0,1,0,2,5,0,0,0,0,6,6,0,1.153846154,0.75
20200612HTSK0,20200612,SK,HT,0,B,0,L,0,27,153,39,34,9,1,0,2,1,0,1,0,2,0,2,12,1,0,0,0,6,6,1.285714286,1.285714286,2.142857143
20200612HTSK0,20200612,HT,SK,0,T,0,W,2,27,126,35,30,5,0,1,0,0,0,0,1,4,0,0,8,1,1,0,0,3,3,2,1,1.875
20200612LTLG0,20200612,LG,LT,0,B,0,W,0,30,160,44,36,9,0,0,0,1,1,1,0,6,0,1,8,1,0,0,0,2,2,2,1.5,1.090909091
20200612LTLG0,20200612,LT,LG,0,T,0,L,0,28,133,34,28,4,1,0,0,1,1,2,1,3,0,0,8,0,2,0,0,3,2,3,0.75,0.545454545
20200612OBHH0,20200612,HH,OB,0,B,0,L,0,27,149,41,35,9,3,0,2,1,0,0,1,4,0,1,5,1,0,0,0,5,5,1.666666667,1.875,0.818181818
20200612OBHH0,20200612,OB,HH,0,T,0,W,0,27,151,36,32,5,1,0,0,1,0,0,0,3,0,1,9,0,2,0,0,2,1,1.2,0.5,1.5
20200612WONC0,20200612,NC,WO,0,B,0,L,0,30,138,39,34,4,2,0,1,0,1,1,0,3,0,1,11,0,0,0,1,3,2,0.375,0.7,1
20200612WONC0,20200612,WO,NC,0,T,0,W,0,30,159,40,35,8,2,0,0,1,0,0,0,4,0,1,6,2,0,0,0,2,2,0.428571429,1.2,0.461538462
20200613HTSK0,20200613,SK,HT,0,B,0,L,0,27,136,34,31,6,1,0,1,0,0,1,0,2,0,0,10,0,0,0,0,2,2,0.6,0.888888889,1.875
20200613HTSK0,20200613,HT,SK,0,T,0,W,2,27,130,32,30,5,0,0,0,1,0,0,0,2,0,0,9,3,0,0,0,1,0,0.6,0.777777778,1.2
20200613KTSS1,20200613,SS,KT,1,B,0,W,2,27,141,34,32,6,1,0,2,1,0,0,0,2,0,0,5,0,0,0,0,3,3,0.75,0.782608696,0.9
20200613KTSS1,20200613,KT,SS,1,T,0,L,0,24,140,33,29,7,1,0,2,0,0,1,0,2,0,1,6,0,3,0,0,5,5,1.2,1.2,1.5
20200613KTSS2,20200613,SS,KT,2,B,0,L,0,27,181,42,33,8,2,0,2,0,0,0,0,9,0,0,10,2,0,0,0,7,7,1.666666667,1.961538462,2.625
20200613KTSS2,20200613,KT,SS,2,T,0,W,2,27,170,39,35,8,1,0,1,1,1,0,0,4,0,0,4,0,1,0,0,4,4,0.75,1.375,1
20200613LTLG0,20200613,LG,LT,0,B,0,L,0,27,185,43,34,8,0,0,1,0,0,0,1,8,1,0,8,1,0,0,0,7,6,3,1.304347826,2
20200613LTLG0,20200613,LT,LG,0,T,0,W,3,27,156,39,36,10,1,0,1,1,0,0,1,1,0,1,11,0,1,0,0,6,6,0.857142857,1.375,0.545454545
20200613OBHH0,20200613,HH,OB,0,B,0,W,0,27,165,45,35,11,1,0,3,0,1,1,1,8,3,0,10,1,0,0,0,6,6,1.75,2.111111111,3.428571429
20200613OBHH0,20200613,OB,HH,0,T,0,L,0,26,164,41,35,10,1,0,2,0,0,0,0,5,1,1,8,1,2,0,0,7,7,4.5,1.730769231,2
20200613WONC0,20200613,NC,WO,0,B,0,L,0,27,206,51,44,17,3,1,5,0,0,0,1,4,0,2,11,0,1,0,0,18,17,4.285714286,2,2.666666667
20200613WONC0,20200613,WO,NC,0,T,0,W,0,27,144,41,35,11,1,0,0,0,0,0,0,3,0,3,7,3,0,0,0,5,5,1,0.5,1.666666667
20200614HTSK0,20200614,SK,HT,0,B,0,W,3,27,145,36,34,7,1,0,1,0,0,0,0,2,0,0,4,1,0,0,0,3,3,1,0.807692308,1.875
20200614HTSK0,20200614,HT,SK,0,T,0,L,0,25,122,30,28,3,1,0,2,0,0,0,0,2,0,0,13,0,0,0,0,4,4,1.5,0.625,0.75
20200614KTSS0,20200614,SS,KT,0,B,0,W,0,27,130,39,38,11,3,0,0,0,0,0,0,1,0,0,7,0,0,0,0,0,0,0.333333333,1.666666667,0.9
20200614KTSS0,20200614,KT,SS,0,T,0,L,0,24,150,42,38,16,5,0,2,0,0,0,1,1,0,2,4,0,0,0,0,12,12,3.5,2.142857143,4.5
20200614LTLG0,20200614,LG,LT,0,B,0,W,0,27,147,42,41,16,2,0,1,2,0,0,0,1,0,0,3,3,0,0,0,6,6,0.8,1.846153846,1.8
20200614LTLG0,20200614,LT,LG,0,T,0,L,0,24,137,38,34,14,4,0,0,0,0,0,1,3,1,0,5,2,0,0,0,10,10,6,2.727272727,1.875
20200614OBHH0,20200614,HH,OB,0,B,0,W,2,27,143,39,37,9,1,0,0,0,0,0,0,0,0,2,6,0,0,0,0,2,0,0.375,1.08,1.333333333
20200614OBHH0,20200614,OB,HH,0,T,0,L,0,24,114,32,28,7,2,0,1,0,0,1,0,3,0,0,7,0,0,0,0,3,3,1.8,1.304347826,0.9
20200614WONC0,20200614,NC,WO,0,B,0,W,1,27,152,39,33,8,1,0,1,1,0,0,1,4,0,1,7,1,0,0,0,5,5,1.5,0.666666667,0.9
20200614WONC0,20200614,WO,NC,0,T,0,L,0,24,163,40,34,13,3,1,3,3,0,0,1,5,0,0,5,2,0,0,0,9,9,1.8,2.625,1.5
20200616KTSK0,20200616,SK,KT,0,B,0,L,0,30,180,46,37,9,1,0,1,1,1,1,0,7,1,1,5,0,0,0,0,6,5,1.333333333,1.6,2
20200616KTSK0,20200616,KT,SK,0,T,0,W,2,30,143,44,38,12,2,0,2,0,0,2,0,3,0,1,4,1,0,0,0,5,5,2,1.5,1.5
20200616LGHH0,20200616,HH,LG,0,B,0,L,0,27,157,44,40,15,2,1,2,1,0,0,1,2,0,1,2,1,0,0,0,9,9,1.333333333,7.5,2.333333333
20200616LGHH0,20200616,LG,HH,0,T,0,W,1,27,163,43,38,11,2,0,0,0,0,0,0,4,0,1,9,0,0,0,0,5,5,2.142857143,0,0.75
20200616LTWO0,20200616,WO,LT,0,B,0,L,0,27,149,39,35,10,1,0,1,3,0,1,0,2,1,1,3,0,1,0,0,7,5,3,1.571428571,1.875
20200616LTWO0,20200616,LT,WO,0,T,0,W,1,27,156,37,32,6,2,0,2,0,0,0,1,4,1,0,8,1,0,0,0,5,4,1.5,0.75,2.142857143
20200616NCHT0,20200616,HT,NC,0,B,0,W,1,27,167,39,36,10,3,0,0,1,0,0,0,2,0,1,12,1,2,0,0,4,4,1.5,1.434782609,1
20200616NCHT0,20200616,NC,HT,0,T,0,L,0,24,160,40,30,8,0,0,0,0,0,2,0,8,0,0,9,1,0,0,0,7,7,1.5,1.714285714,1.2
20200616SSOB0,20200616,OB,SS,0,B,0,L,0,27,151,37,32,8,3,0,0,0,0,0,1,2,0,2,11,1,0,0,1,4,3,1,0.954545455,1.285714286
20200616SSOB0,20200616,SS,OB,0,T,0,W,1,27,169,42,30,6,1,0,0,2,0,1,1,10,1,0,5,2,0,0,0,3,2,1,2.045454545,1.636363636
20200617KTSK0,20200617,SK,KT,0,B,0,L,0,30,202,46,39,12,3,0,1,3,0,0,1,6,1,0,11,2,3,0,0,6,5,1.909090909,1.8,1.5
20200617KTSK0,20200617,KT,SK,0,T,0,W,0,30,155,41,37,10,1,0,1,0,1,1,0,3,0,0,7,0,0,0,0,4,4,1.8,1.3,1.5
20200617LGHH0,20200617,HH,LG,0,B,0,L,0,27,151,41,35,13,1,0,0,1,1,2,0,4,0,0,3,1,0,0,0,7,5,3,3.333333333,1.8
20200617LGHH0,20200617,LG,HH,0,T,0,W,0,27,160,39,32,5,2,0,0,1,0,0,0,4,0,3,11,0,0,0,0,1,1,0.230769231,0.666666667,1.125
20200617LTWO0,20200617,WO,LT,0,B,0,W,0,27,134,35,33,9,2,0,1,1,1,0,0,1,0,1,7,2,2,0,0,3,3,0.375,1.090909091,0.9
20200617LTWO0,20200617,LT,WO,0,T,0,L,2,25,157,39,31,9,3,0,0,0,0,0,0,8,1,0,6,2,1,0,0,4,4,1.875,1.95,3
20200617NCHT0,20200617,HT,NC,0,B,0,W,2,27,154,39,34,7,1,0,1,3,0,0,0,3,0,2,6,1,0,0,0,6,4,0.857142857,0.84,0.9
20200617NCHT0,20200617,NC,HT,0,T,0,L,0,24,118,35,31,10,0,0,1,1,0,2,0,2,0,0,2,1,0,0,0,7,7,2.5,1.5,1.5
20200617SSOB0,20200617,OB,SS,0,B,0,L,0,27,169,41,38,10,3,0,1,1,0,0,0,3,0,0,9,2,2,0,0,6,6,0.75,1.8,2.333333333
20200617SSOB0,20200617,SS,OB,0,T,0,W,2,27,126,35,32,8,1,0,2,0,0,0,1,1,0,1,3,2,0,0,0,3,3,0,1.058823529,1.5
20200618KTSK0,20200618,SK,KT,0,B,0,L,0,27,165,42,37,13,2,0,0,5,1,1,0,4,0,0,10,1,0,0,0,5,5,1.5,2.470588235,2.333333333
20200618KTSK0,20200618,KT,SK,0,T,0,W,1,27,136,35,29,7,0,0,2,0,0,0,0,5,0,1,4,4,2,0,0,3,3,1.5,1.235294118,1.333333333
20200618LGHH0,20200618,HH,LG,0,B,0,L,0,27,178,44,36,11,2,0,1,3,3,0,0,7,2,1,7,1,2,0,1,9,7,2.4,2.125,3
20200618LGHH0,20200618,LG,HH,0,T,0,W,2,27,155,41,35,9,2,0,0,1,1,0,0,4,0,2,7,0,0,0,0,7,6,1.125,1.043478261,1.5
20200618LTWO0,20200618,WO,LT,0,B,0,W,1,30,132,39,37,10,2,0,0,1,0,1,0,1,0,0,4,3,0,1,0,2,1,1,1.1,0.461538462
20200618LTWO0,20200618,LT,WO,0,T,0,L,0,28,150,35,32,5,1,0,0,1,0,1,1,1,0,0,13,0,1,0,0,3,3,0,0.642857143,0.666666667
20200618SSOB0,20200618,OB,SS,0,B,0,W,1,27,133,34,29,6,1,0,0,1,0,0,1,4,0,0,1,4,0,0,0,3,1,1.285714286,1.363636364,0.9
20200618SSOB0,20200618,SS,OB,0,T,0,L,0,24,164,40,36,12,1,0,1,2,0,0,0,4,0,0,4,1,1,0,1,7,7,2.25,2.333333333,3.5
20200619HHNC0,20200619,NC,HH,0,B,0,W,1,27,120,32,31,4,3,0,1,0,0,0,0,1,0,0,12,0,0,0,0,1,1,0.6,0.444444444,0.6
20200619HHNC0,20200619,HH,NC,0,T,0,L,0,24,124,32,30,7,2,0,1,0,0,0,0,2,0,0,8,1,0,0,0,3,3,0.6,1.173913043,1.5
20200619LTKT0,20200619,KT,LT,0,B,0,W,0,30,146,49,44,14,3,0,3,1,0,1,0,4,1,0,2,0,0,0,0,8,8,1.5,2,2.1
20200619LTKT0,20200619,LT,KT,0,T,0,L,0,29,166,47,41,15,3,0,3,0,0,1,1,4,0,0,9,1,0,0,0,9,9,1.875,1.071428571,2
20200619OBLG0,20200619,LG,OB,0,B,0,L,0,27,197,58,46,20,3,1,0,0,0,0,3,7,0,2,5,1,0,0,0,18,18,2.470588235,0,5.142857143
20200619OBLG0,20200619,OB,LG,0,T,0,W,0,27,188,49,42,15,2,0,0,0,0,0,1,4,0,2,10,0,1,0,0,10,9,1.235294118,0,1.636363636
20200619SKWO0,20200619,WO,SK,0,B,0,W,0,27,115,34,33,8,0,0,0,0,0,0,0,1,0,0,6,2,1,0,0,1,1,0,1,0.818181818
20200619SKWO0,20200619,SK,WO,0,T,0,L,1,25,135,33,28,5,1,0,0,1,0,1,0,4,0,0,6,0,0,0,0,2,2,4.5,1.08,1.5
20200619SSHT0,20200619,HT,SS,0,B,0,W,1,27,164,40,30,7,0,0,0,2,0,2,1,7,0,0,7,2,1,0,0,4,4,1.25,1.615384615,1.2
20200619SSHT0,20200619,SS,HT,0,T,0,L,0,24,167,37,33,11,3,0,2,0,0,1,0,3,0,0,12,3,0,0,0,5,3,0.6,1.5,2.142857143
20200620HHNC0,20200620,NC,HH,0,B,0,L,0,27,153,36,33,9,4,0,0,1,1,1,0,2,0,0,10,1,0,0,0,4,4,1,1.6,1.333333333
20200620HHNC0,20200620,HH,NC,0,T,0,W,2,27,139,36,34,8,0,0,1,1,0,0,1,0,0,1,10,0,0,0,0,3,2,0.428571429,0.5625,1
20200620LTKT0,20200620,KT,LT,0,B,0,L,0,27,162,46,41,14,5,0,0,0,0,0,0,5,1,0,6,0,2,0,0,8,8,2.5,1.5,2.625
20200620LTKT0,20200620,LT,KT,0,T,0,W,0,27,129,34,31,5,1,0,0,1,0,0,0,3,0,0,11,1,2,0,0,0,0,0.428571429,0.833333333,2.142857143
20200620OBLG0,20200620,LG,OB,0,B,0,L,0,27,150,40,36,11,5,1,1,1,1,0,0,3,0,1,9,1,0,0,0,8,8,3,2.4,0.75
20200620OBLG0,20200620,OB,LG,0,T,0,W,0,27,150,34,33,8,1,0,0,1,0,0,0,1,0,0,6,2,1,0,0,2,2,0.5,0,1.5
20200620SKWO0,20200620,WO,SK,0,B,0,W,2,27,125,38,36,10,0,0,1,1,0,0,0,2,0,0,6,1,0,0,0,3,2,1.8,1.714285714,3
20200620SKWO0,20200620,SK,WO,0,T,0,L,0,24,159,40,31,10,1,1,4,0,1,0,1,6,0,2,6,1,0,1,0,9,9,3.6,1.95,1.666666667
20200620SSHT0,20200620,HT,SS,0,B,0,W,0,27,163,38,36,9,4,0,0,2,0,0,0,2,0,0,6,0,0,0,0,3,3,1.25,2,2.142857143
20200620SSHT0,20200620,SS,HT,0,T,0,L,0,24,147,38,31,9,2,0,2,0,1,1,0,6,0,0,5,0,1,0,0,6,6,1.363636364,5.4,1
20200621HHNC0,20200621,NC,HH,0,B,0,W,1,27,170,43,34,7,0,1,0,0,1,0,0,8,0,1,5,0,1,0,0,7,7,1.5,1,1
20200621HHNC0,20200621,HH,NC,0,T,0,L,0,24,149,40,35,11,2,0,1,1,0,0,1,4,0,0,8,0,1,0,0,9,7,2.25,2,2.25
20200621LTKT0,20200621,KT,LT,0,B,0,W,1,27,130,36,35,9,0,0,0,0,0,0,0,1,0,0,7,1,0,0,0,2,2,0.857142857,0.631578947,1.5
20200621LTKT0,20200621,LT,KT,0,T,0,L,0,24,109,29,29,6,0,0,2,1,0,0,0,0,0,0,4,1,0,0,0,3,3,0,1.058823529,1.5
20200621OBLG0,20200621,LG,OB,0,B,0,L,0,27,195,45,36,8,3,0,0,1,0,0,1,6,1,2,7,1,2,0,0,3,3,1.071428571,1.5,1.8
20200621OBLG0,20200621,OB,LG,0,T,0,W,0,27,124,35,35,9,2,0,0,0,0,0,0,0,0,0,6,1,0,0,0,1,1,0.333333333,0.947368421,1
20200621SKWO0,20200621,WO,SK,0,B,0,W,0,27,119,34,32,4,1,1,1,0,0,0,0,1,0,1,9,1,0,0,0,2,2,1,1,1.5
20200621SKWO0,20200621,SK,WO,0,T,0,L,0,24,180,43,35,10,0,1,0,5,0,0,0,7,0,1,10,0,1,0,0,7,7,2.7,2.666666667,2
20200621SSHT0,20200621,HT,SS,0,B,0,L,0,27,175,45,43,17,2,0,3,0,0,0,0,2,0,0,6,3,0,0,0,12,11,4.5,1.636363636,2.333333333
20200621SSHT0,20200621,SS,HT,0,T,0,W,0,27,152,36,35,10,0,0,1,0,0,0,1,0,0,0,5,1,0,0,0,5,4,2.25,1,1
20200623HHSS0,20200623,SS,HH,0,B,0,W,0,27,176,43,37,12,2,0,1,0,0,0,1,4,0,1,9,0,0,0,0,4,4,1.071428571,1,2.25
20200623HHSS0,20200623,HH,SS,0,T,0,L,0,24,172,43,36,11,1,0,1,0,0,0,0,6,0,1,6,1,1,0,0,11,6,4.5,1.588235294,1.875
20200623HTLT0,20200623,LT,HT,0,B,0,W,0,27,135,37,35,11,1,0,1,1,0,0,0,2,0,0,4,3,0,0,0,3,3,0.75,1.263157895,2.571428571
20200623HTLT0,20200623,HT,LT,0,T,0,L,1,25,129,35,30,8,2,0,0,0,1,1,0,4,0,0,8,1,0,0,0,4,4,2.571428571,1.5,1.5
20200623NCKT0,20200623,KT,NC,0,B,0,L,0,27,132,36,31,7,2,0,1,0,1,1,1,3,0,0,4,0,0,0,0,4,4,1.8,1.111111111,1
20200623NCKT0,20200623,NC,KT,0,T,0,W,1,27,131,36,33,8,2,0,2,0,0,0,0,3,1,0,6,0,0,1,0,3,3,0.75,1.222222222,1.875
20200623OBSK0,20200623,SK,OB,0,B,0,L,0,27,184,47,42,13,5,0,1,1,0,0,0,5,0,0,7,0,2,0,0,9,8,2.1,3,3.428571429
20200623OBSK0,20200623,OB,SK,0,T,0,W,0,27,159,40,40,14,0,0,0,0,0,0,0,0,0,0,12,0,2,0,0,2,2,1.5,0.5,0.818181818
20200623WOLG0,20200623,LG,WO,0,B,0,L,0,27,167,46,40,14,1,1,4,0,1,0,0,4,0,2,7,1,0,0,0,8,7,1.125,2.571428571,4.5
20200623WOLG0,20200623,WO,LG,0,T,0,W,0,27,124,40,37,11,2,0,0,1,0,0,1,2,1,0,6,0,0,0,0,3,3,0.818181818,1.5,1.666666667
20200624HHSS0,20200624,SS,HH,0,B,0,W,0,27,148,36,31,7,2,0,1,0,0,0,0,5,0,0,5,3,0,0,0,2,2,1.5,1.333333333,1.090909091
20200624HHSS0,20200624,HH,SS,0,T,0,L,2,26,194,41,36,12,1,0,0,4,2,0,1,4,0,0,15,0,1,0,0,3,2,0.857142857,1.846153846,2.25
20200625HHSS0,20200625,SS,HH,0,B,0,L,0,27,156,44,39,13,0,1,1,0,0,0,0,3,0,2,7,1,1,0,1,9,9,1.615384615,3.75,1
20200625HHSS0,20200625,HH,SS,0,T,0,W,0,27,141,37,34,7,3,0,0,0,0,0,0,3,0,0,9,0,0,0,0,2,2,0.6,0,1.5
20200625NCKT1,20200625,KT,NC,1,B,0,L,0,27,138,37,32,6,1,0,2,0,1,0,0,4,0,1,5,0,0,0,0,3,3,0,1.111111111,0.6
20200625NCKT1,20200625,NC,KT,1,T,0,W,3,27,160,38,30,6,0,0,0,0,0,0,1,6,0,1,6,1,0,0,0,1,1,0.3,1.333333333,2.25
20200625NCKT2,20200625,KT,NC,2,B,0,W,0,27,132,39,37,10,1,0,1,0,0,0,1,1,0,0,2,1,0,0,0,6,2,1.285714286,0.375,0.9
20200625NCKT2,20200625,NC,KT,2,T,0,L,0,24,175,50,43,17,2,0,1,0,0,1,1,3,0,2,6,0,1,0,0,19,16,3,3,2.1
20200625OBSK1,20200625,SK,OB,1,B,0,L,0,27,190,53,45,18,1,1,4,0,0,0,0,8,0,0,3,0,2,0,0,14,14,2.625,5.571428571,1.909090909
20200625OBSK1,20200625,OB,SK,1,T,0,W,0,27,151,42,39,14,1,1,1,0,0,0,0,3,0,0,4,1,0,0,0,6,6,2,3,1.363636364
20200625OBSK2,20200625,SK,OB,2,B,0,W,0,27,108,33,31,4,0,0,0,0,0,0,0,2,0,0,9,0,0,0,0,0,0,0,1,1.5
20200625OBSK2,20200625,OB,SK,2,T,0,L,0,24,182,43,33,10,1,0,1,1,0,1,1,7,0,1,6,0,0,0,0,7,6,1.25,2.142857143,1.666666667
20200625WOLG1,20200625,LG,WO,1,B,0,L,0,27,171,41,33,9,2,0,1,1,0,0,1,6,0,1,4,1,1,0,0,5,5,2.25,1.2,1.5
20200625WOLG1,20200625,WO,LG,1,T,0,W,2,27,147,36,34,9,1,0,0,0,1,0,1,0,0,1,7,0,0,0,0,2,2,0.75,0.692307692,1.333333333
20200625WOLG2,20200625,LG,WO,2,B,0,L,2,27,161,42,33,7,2,0,1,0,0,1,1,6,1,1,10,0,0,0,0,8,8,4.2,1,1.090909091
20200625WOLG2,20200625,WO,LG,2,T,0,W,0,27,143,40,37,10,2,1,0,0,0,2,0,1,0,0,9,0,0,0,1,5,5,1,1.285714286,0.9
20200626HTWO0,20200626,WO,HT,0,B,0,L,0,27,171,41,36,12,2,0,2,1,0,0,0,5,0,0,8,3,0,0,0,8,8,2.5,1.875,1.636363636
20200626HTWO0,20200626,HT,WO,0,T,0,W,1,27,162,45,41,13,2,1,2,2,0,0,0,3,0,1,7,1,2,0,0,6,5,1.2,2.25,2
20200626KTHH0,20200626,HH,KT,0,B,0,W,2,27,163,38,35,10,0,0,1,0,0,0,0,3,0,0,8,1,0,0,0,4,4,2,1,1.333333333
20200626KTHH0,20200626,KT,HH,0,T,0,L,0,24,136,39,36,14,1,0,0,0,0,1,0,2,0,0,3,2,0,0,0,7,6,1.5,3,1.5
20200626LGSK0,20200626,SK,LG,0,B,0,W,1,27,134,33,27,3,0,0,0,0,1,0,0,5,0,1,4,2,0,0,0,0,0,2,0.5,0.6
20200626LGSK0,20200626,LG,SK,0,T,0,L,0,24,132,36,30,9,0,0,1,0,0,1,0,5,0,0,4,2,1,0,0,7,6,1.714285714,1.6,2.142857143
20200626NCOB0,20200626,OB,NC,0,B,0,L,1,27,166,40,32,11,1,1,0,1,0,2,1,4,0,1,7,4,0,0,1,9,8,3.5,1.875,1.363636364
20200626NCOB0,20200626,NC,OB,0,T,0,W,1,27,145,37,32,7,2,0,0,0,0,0,0,5,0,0,4,2,1,0,0,3,3,1.285714286,1.5,1.875
20200626SSLT0,20200626,LT,SS,0,B,0,L,0,30,139,44,40,13,3,0,1,1,0,0,1,2,0,1,4,0,1,0,1,6,6,1.875,1.5,1.25
20200626SSLT0,20200626,SS,LT,0,T,0,W,0,30,136,41,39,9,2,0,1,2,0,0,0,2,0,0,4,0,0,0,0,4,4,1,0.931034483,1.090909091
20200627HTWO0,20200627,WO,HT,0,B,0,W,0,27,99,30,29,2,2,0,0,0,0,0,0,1,0,0,5,0,0,0,0,0,0,0,0.333333333,0.333333333
20200627HTWO0,20200627,HT,WO,0,T,0,L,0,24,147,34,29,5,2,1,0,0,0,0,0,5,0,0,5,0,0,0,0,2,2,0.375,1.25,1.5
20200627KTHH0,20200627,HH,KT,0,B,0,L,0,27,171,45,31,6,0,0,2,2,0,3,0,10,2,1,14,1,1,1,0,7,5,1.636363636,1.625,1.666666667
20200627KTHH0,20200627,KT,HH,0,T,0,W,2,27,159,36,33,7,0,0,0,1,0,0,0,3,0,0,6,1,0,0,0,2,2,4,1.125,0.545454545
20200627LGSK0,20200627,SK,LG,0,B,0,L,0,27,134,39,35,11,3,0,0,1,1,2,0,2,0,0,7,1,0,0,0,3,2,2.5,1.56,0.545454545
20200627LGSK0,20200627,LG,SK,0,T,1,W,0,27,115,32,30,3,0,0,0,0,0,0,0,2,0,0,6,0,0,0,0,0,0,0.75,0.25,0.6
20200627NCOB0,20200627,OB,NC,0,B,0,W,0,27,123,35,33,6,1,0,2,0,0,0,0,1,0,1,7,0,0,0,0,3,3,1.5,0.75,1
20200627NCOB0,20200627,NC,OB,0,T,0,L,0,24,150,40,33,13,1,0,2,0,0,0,2,5,0,0,4,1,1,0,0,12,12,3,2.1,2.625
20200627SSLT0,20200627,LT,SS,0,B,0,L,0,27,143,40,37,12,2,0,1,4,0,2,0,1,0,0,5,0,0,0,0,6,6,2.571428571,1.8,1.666666667
20200627SSLT0,20200627,SS,LT,0,T,0,W,0,27,150,34,29,6,0,0,0,0,1,0,1,4,0,0,9,1,1,0,0,1,1,1.5,1.2,1.5
20200628HTWO0,20200628,WO,HT,0,B,0,W,1,27,122,30,26,2,0,0,0,0,0,1,0,3,0,0,10,2,0,0,0,0,0,0,0.555555556,0.333333333
20200628HTWO0,20200628,HT,WO,0,T,0,L,0,24,125,34,29,6,0,0,0,0,0,2,0,3,0,0,12,0,2,0,0,1,1,1.125,1.125,0
20200628KTHH0,20200628,HH,KT,0,B,0,L,0,27,153,39,34,9,2,0,2,0,0,1,0,4,0,0,11,1,0,0,0,8,8,3.6,4.8,0.818181818
20200628KTHH0,20200628,KT,HH,0,T,0,W,0,27,144,36,33,8,2,0,1,0,0,1,0,2,0,0,7,1,0,0,0,4,4,1.2,1.2,0.6
20200628LGSK0,20200628,SK,LG,0,B,0,L,0,27,140,38,35,10,1,0,1,0,2,1,0,2,0,0,4,0,1,0,0,4,3,1.5,1.227272727,1
20200628LGSK0,20200628,LG,SK,0,T,0,W,1,27,122,33,32,5,1,0,0,0,0,0,0,1,0,0,9,0,0,0,0,0,0,0,0.571428571,1
20200628NCOB0,20200628,OB,NC,0,B,0,L,0,27,166,40,38,12,1,0,3,0,1,0,0,2,0,0,8,0,1,0,0,5,5,2,1.615384615,1.090909091
20200628NCOB0,20200628,NC,OB,0,T,0,W,0,27,120,35,33,5,0,0,0,0,0,0,0,2,0,0,7,0,1,0,0,0,0,1,0.5,0.666666667
20200628SSLT0,20200628,LT,SS,0,B,0,W,0,27,98,32,32,5,0,0,1,1,0,0,0,0,0,0,3,0,0,0,0,3,3,3,0.461538462,0.6
20200628SSLT0,20200628,SS,LT,0,T,0,L,0,24,164,38,34,10,4,0,1,2,0,0,1,2,0,1,5,0,0,0,0,7,7,1.5,2.538461538,1.125
20200630KTLG0,20200630,LG,KT,0,B,0,W,1,33,215,52,40,10,2,0,0,2,0,2,0,8,1,2,8,1,1,0,0,3,3,0.642857143,1.636363636,1.5
20200630KTLG0,20200630,KT,LG,0,T,0,L,0,31,156,43,38,10,2,0,1,1,0,1,1,3,0,0,4,1,0,0,0,4,4,1.285714286,1.258064516,0.75
20200630LTNC0,20200630,NC,LT,0,B,0,L,0,33,190,54,43,15,1,0,3,0,1,2,0,9,2,0,4,2,1,0,0,10,9,1.25,2.25,2.181818182
20200630LTNC0,20200630,LT,NC,0,T,0,W,0,33,174,48,40,11,2,0,3,0,0,2,1,4,2,1,8,1,1,0,0,8,8,1.285714286,1.272727273,1.5
20200630OBWO0,20200630,WO,OB,0,B,0,W,0,27,132,35,33,7,2,0,1,0,0,0,0,1,0,1,5,1,0,0,0,2,2,0.375,0.8,3
20200630OBWO0,20200630,OB,WO,0,T,0,L,0,24,163,42,35,14,6,0,0,1,0,1,2,4,0,0,9,0,0,0,1,11,10,2.454545455,1.5,2
20200630SKSS0,20200630,SS,SK,0,B,0,W,2,27,135,33,32,5,1,0,1,0,1,0,0,1,0,0,7,1,0,0,1,1,1,0,0.75,0.272727273
20200630SKSS0,20200630,SK,SS,0,T,0,L,0,24,155,38,32,8,2,0,1,1,0,1,0,3,0,2,10,0,0,0,0,4,4,1.666666667,1.434782609,1.714285714
20200701HHHT0,20200701,HT,HH,0,B,0,W,0,27,153,40,32,12,1,0,0,0,0,3,1,4,0,0,4,4,1,0,0,3,3,0.642857143,1.777777778,1
20200701HHHT0,20200701,HH,HT,0,T,0,L,1,26,141,40,35,11,1,0,0,0,1,1,0,2,1,2,8,0,0,0,0,4,4,3.6,1.5,2.25
20200701KTLG0,20200701,LG,KT,0,B,0,L,0,27,153,45,44,19,4,0,3,0,1,0,0,1,0,0,6,2,0,0,0,11,10,1.875,12,4.5
20200701KTLG0,20200701,KT,LG,0,T,0,W,0,27,138,39,33,9,1,0,0,0,0,0,1,4,0,1,5,2,0,1,0,5,5,1,0,0.818181818
20200701LTNC0,20200701,NC,LT,0,B,0,W,0,27,129,32,30,6,2,0,1,0,0,1,0,1,0,0,11,1,0,0,0,2,2,0.428571429,0.692307692,0.6
20200701LTNC0,20200701,LT,NC,0,T,0,L,0,24,120,34,29,6,1,0,2,1,0,1,0,4,0,0,3,0,0,0,0,6,5,4.5,1.666666667,1.5
20200701OBWO0,20200701,WO,OB,0,B,0,L,0,27,163,45,42,19,3,0,1,0,0,0,0,3,0,0,4,2,1,0,0,14,14,7.8,0,3
20200701OBWO0,20200701,OB,WO,0,T,0,W,0,27,136,43,39,11,1,0,0,0,0,0,0,4,0,0,4,0,1,0,0,5,3,1.875,0,1.2
20200701SKSS0,20200701,SS,SK,0,B,1,W,0,27,112,31,30,4,0,0,1,0,0,0,0,1,0,0,7,1,0,0,0,1,1,0,0.5,1.125
20200701SKSS0,20200701,SK,SS,0,T,0,L,0,24,168,38,33,10,2,0,0,1,1,0,0,4,0,1,8,1,0,0,1,7,5,1.5,2.1,1.714285714
20200702HHHT0,20200702,HT,HH,0,B,0,W,1,27,163,39,32,9,0,0,1,0,0,0,0,7,0,0,7,3,0,0,0,1,1,0.333333333,1.8,0.75
20200702HHHT0,20200702,HH,HT,0,T,0,L,0,24,157,40,37,13,3,0,0,0,0,0,0,3,0,0,4,1,0,0,0,7,6,2,2.307692308,2
20200702KTLG0,20200702,LG,KT,0,B,0,L,1,30,183,44,41,15,2,0,2,1,1,0,0,2,0,1,10,2,0,0,0,4,4,1.875,1.7,2.666666667
20200702KTLG0,20200702,KT,LG,0,T,0,W,0,30,111,34,34,7,1,0,0,0,0,0,0,0,0,0,4,2,0,0,0,3,3,6,0.7,1.333333333
20200702LTNC0,20200702,NC,LT,0,B,0,W,0,27,167,43,35,10,2,0,1,1,0,0,1,5,0,2,5,1,1,0,0,7,7,2.5,1.25,0.545454545
20200702LTNC0,20200702,LT,NC,0,T,0,L,0,24,170,40,38,14,1,0,1,1,0,1,0,1,0,0,7,0,2,0,0,9,6,2.5,2,3
20200702OBWO0,20200702,WO,OB,0,B,0,W,1,27,180,46,37,10,1,0,0,0,0,0,0,7,0,2,7,1,1,0,0,7,6,2.7,1.941176471,3.428571429
20200702OBWO0,20200702,OB,WO,0,T,0,L,0,24,167,45,38,16,3,1,2,0,0,0,1,6,0,0,6,1,0,0,0,10,10,2.25,2.307692308,3.428571429
20200702SKSS0,20200702,SS,SK,0,B,0,W,1,27,140,37,35,10,2,0,0,0,0,1,0,1,0,0,7,1,1,0,0,2,2,0.6,1.285714286,3
20200702SKSS0,20200702,SK,SS,0,T,0,L,0,24,162,38,32,11,1,0,1,0,2,0,0,6,0,0,9,1,0,0,0,6,6,1.875,2.5,1.875
20200703HHOB0,20200703,OB,HH,0,B,0,W,0,27,152,35,32,5,1,0,0,1,0,0,0,3,1,0,10,0,0,0,0,1,1,1.8,0.888888889,0.6
20200703HHOB0,20200703,HH,OB,0,T,0,L,1,24,137,35,28,7,1,0,1,0,0,1,0,6,0,0,5,1,0,0,0,2,2,0.818181818,1.625,1.5
20200703HTNC0,20200703,NC,HT,0,B,0,L,0,27,140,39,34,9,3,0,2,1,0,0,2,3,0,0,4,0,1,0,0,8,8,1.285714286,1.588235294,1.333333333
20200703HTNC0,20200703,HT,NC,0,T,0,W,1,27,133,36,34,9,0,1,0,1,0,0,0,2,0,0,6,2,0,0,0,2,2,0.375,0.705882353,1.875
20200703LGSS0,20200703,SS,LG,0,B,0,W,3,24,168,37,33,10,1,0,4,0,1,0,0,4,0,0,8,0,1,0,0,7,7,1.5,1,1.5
20200703LGSS0,20200703,LG,SS,0,T,0,L,0,21,106,34,32,11,2,2,0,2,0,0,1,1,0,0,7,0,0,0,0,9,4,2.333333333,2,2.142857143
20200703SKLT0,20200703,LT,SK,0,B,0,L,0,27,152,42,40,12,1,0,2,0,0,0,0,2,0,0,7,1,0,0,2,7,5,1.714285714,1.95,2.333333333
20200703SKLT0,20200703,SK,LT,0,T,0,W,3,25,172,43,32,9,3,0,0,1,0,1,1,9,0,0,2,0,1,0,0,4,4,1.615384615,2.166666667,1.5
20200703WOKT0,20200703,KT,WO,0,B,0,W,0,27,156,38,33,6,1,0,1,1,0,0,0,5,0,0,8,1,2,0,0,2,2,0.818181818,1.222222222,3
20200703WOKT0,20200703,WO,KT,0,T,0,L,0,26,165,38,35,11,1,0,0,1,0,1,0,2,0,0,8,1,0,1,0,3,1,1.363636364,1.5,0.6
20200704HHOB0,20200704,OB,HH,0,B,0,L,0,27,138,39,36,10,5,0,0,1,0,0,0,3,0,0,5,1,0,0,0,6,6,0.75,2.7,0.818181818
20200704HHOB0,20200704,HH,OB,0,T,0,W,0,27,172,43,38,10,1,0,0,1,0,0,0,4,0,1,7,0,0,0,0,2,1,0.9,2,2
20200704HTNC0,20200704,NC,HT,0,B,0,W,0,27,127,37,32,8,0,0,0,0,0,0,0,3,0,2,6,2,0,0,0,2,2,0.666666667,0.75,1.125
20200704HTNC0,20200704,HT,NC,0,T,0,L,0,24,104,38,35,14,6,0,3,0,0,2,1,0,0,0,2,0,0,0,0,9,9,1.2,2.333333333,2.142857143
20200704LGSS0,20200704,SS,LG,0,B,0,W,4,36,184,50,42,8,3,0,1,0,0,1,1,5,0,1,10,0,0,1,0,6,6,1.714285714,1.083333333,0.6
20200704LGSS0,20200704,LG,SS,0,T,0,L,0,35,187,52,46,13,2,0,2,0,0,1,0,5,0,0,10,1,0,0,0,7,7,2,1.542857143,1.153846154
20200704SKLT0,20200704,LT,SK,0,B,0,W,1,27,159,38,36,10,0,0,2,0,0,0,0,1,0,1,7,1,0,0,0,4,4,1.2,2,3
20200704SKLT0,20200704,SK,LT,0,T,0,L,0,24,185,44,37,14,2,0,1,2,0,0,0,5,0,2,3,2,1,0,0,10,9,2.7,6,1.25
20200704WOKT0,20200704,KT,WO,0,B,0,L,1,27,142,40,33,12,4,0,1,1,0,0,2,4,0,1,3,3,0,0,1,10,10,2.7,1.5,0.692307692
20200704WOKT0,20200704,WO,KT,0,T,0,W,1,27,210,45,38,12,2,0,2,4,1,0,0,7,0,0,9,0,0,0,0,6,6,1.384615385,2.25,1.090909091
20200705HHOB0,20200705,OB,HH,0,B,0,W,2,27,142,36,35,10,2,0,0,1,0,0,0,1,0,0,8,1,0,0,0,4,4,2.25,1.5,2.142857143
20200705HHOB0,20200705,HH,OB,0,T,0,L,0,24,140,40,37,14,2,0,1,3,0,0,0,3,1,0,6,1,4,0,0,7,7,3.428571429,2.25,1.666666667
20200705HTNC0,20200705,NC,HT,0,B,0,W,0,27,155,37,33,8,1,0,1,0,0,0,0,3,0,1,5,2,0,0,0,6,6,3,1.2,2.142857143
20200705HTNC0,20200705,HT,NC,0,T,0,L,1,26,137,39,35,8,2,1,2,1,0,0,0,4,0,0,6,0,0,0,0,7,7,1.8,1.038461538,1.5
20200705LGSS0,20200705,SS,LG,0,B,0,L,3,27,193,45,35,7,0,0,1,1,0,0,0,7,0,3,4,0,1,1,1,7,7,2.4,1.565217391,0.6
20200705LGSS0,20200705,LG,SS,0,T,0,W,0,27,154,38,37,11,5,0,1,1,0,0,0,1,0,0,7,1,0,0,0,3,3,1.5,1.285714286,1
20200705SKLT0,20200705,LT,SK,0,B,0,L,0,27,141,38,34,10,2,0,2,1,1,1,0,3,1,0,9,0,2,0,0,6,6,2,1.625,1.5
20200705SKLT0,20200705,SK,LT,0,T,0,W,2,27,146,36,32,7,2,0,0,0,0,0,1,3,0,0,10,2,1,0,0,3,3,1.5,0.954545455,1.5
20200705WOKT0,20200705,KT,WO,0,B,0,W,0,27,177,43,38,13,0,0,1,1,0,0,0,5,0,0,8,3,0,0,0,5,5,1.666666667,1,2.333333333
20200705WOKT0,20200705,WO,KT,0,T,0,L,0,24,153,38,35,14,1,0,2,0,0,0,1,2,0,0,6,1,0,0,0,10,10,4.5,3,4.2
20200707KTHT0,20200707,HT,KT,0,B,0,L,0,27,186,42,34,9,0,0,1,0,0,0,1,7,0,0,8,1,2,1,1,8,6,1.714285714,2.538461538,1.5
20200707KTHT0,20200707,KT,HT,0,T,0,W,0,27,141,37,32,5,2,0,1,0,0,0,0,4,0,1,9,0,0,0,1,2,2,0.375,1.75,1.714285714
20200707LGOB0,20200707,OB,LG,0,B,0,W,2,27,150,40,37,12,1,1,2,1,0,0,0,3,0,0,6,0,1,0,0,6,6,0.3,1.6,1.2
20200707LGOB0,20200707,LG,OB,0,T,0,L,0,24,146,40,35,14,2,0,1,0,0,0,2,2,0,1,1,1,0,0,1,9,8,0.923076923,2.571428571,1.090909091
20200707LTHH0,20200707,HH,LT,0,B,0,W,2,36,232,57,48,14,3,0,2,1,0,1,0,8,0,0,9,1,1,0,0,6,6,1,1.636363636,1.75
20200707LTHH0,20200707,LT,HH,0,T,0,L,0,34,186,51,43,10,3,0,2,1,0,1,1,6,0,0,7,0,1,0,0,7,5,0.923076923,1.655172414,0.857142857
20200707NCSK0,20200707,SK,NC,0,B,0,L,0,27,128,36,33,8,4,0,0,1,0,0,1,2,0,0,9,1,1,0,0,5,5,1,1.25,0.6
20200707NCSK0,20200707,NC,SK,0,T,0,W,1,27,147,40,36,12,1,0,0,0,2,0,0,4,0,0,8,2,1,0,0,4,4,1.714285714,1.384615385,1.090909091
20200707SSWO0,20200707,WO,SS,0,B,0,L,0,27,183,48,43,20,2,0,0,0,1,0,2,3,0,0,5,1,2,0,0,13,10,2.727272727,3.6,2.666666667
20200707SSWO0,20200707,SS,WO,0,T,0,W,0,27,144,33,29,6,0,0,0,0,0,0,1,3,0,0,5,3,0,0,0,2,2,0,2,0.818181818
20200708KTHT0,20200708,HT,KT,0,B,0,L,0,27,163,38,34,9,2,1,1,2,0,0,0,4,0,0,7,2,0,0,0,7,7,4,1.894736842,1
20200708KTHT0,20200708,KT,HT,0,T,0,W,1,27,141,37,35,9,1,0,1,0,0,0,1,0,0,1,9,0,0,0,0,4,4,1.2,0.705882353,1
20200708LGOB0,20200708,OB,LG,0,B,0,L,0,27,159,42,35,11,3,0,2,0,0,0,1,5,0,1,4,2,0,0,0,8,8,2.4,3.857142857,2.333333333
20200708LGOB0,20200708,LG,OB,0,T,0,W,1,27,155,43,41,15,1,0,0,1,0,0,0,2,0,0,9,1,0,0,0,5,5,2,0,2
20200708LTHH0,20200708,HH,LT,0,B,0,L,0,27,159,43,41,15,1,0,2,3,0,0,0,1,0,1,4,1,3,0,1,6,6,1.333333333,3,3.428571429
20200708LTHH0,20200708,LT,HH,0,T,0,W,0,27,140,35,32,6,2,0,0,0,0,0,0,2,0,1,10,1,0,0,0,2,2,0.75,1,1.125
20200708NCSK0,20200708,SK,NC,0,B,0,W,3,27,149,35,34,7,0,0,0,0,0,0,0,1,0,0,6,1,1,0,0,2,2,1.2,0.947368421,0.666666667
20200708NCSK0,20200708,NC,SK,0,T,0,L,0,24,124,34,30,7,0,0,2,0,0,1,0,2,0,1,5,1,0,0,0,3,3,0,1.235294118,0.9
20200708SSWO0,20200708,WO,SS,0,B,0,W,1,27,160,39,34,9,2,0,2,0,1,0,0,5,0,0,4,1,0,0,0,6,6,3,1.411764706,2.571428571
20200708SSWO0,20200708,SS,WO,0,T,0,L,0,24,147,39,32,10,0,0,2,1,1,0,0,6,0,1,4,0,0,0,0,7,7,4.5,1.2,2.571428571
20200709KTHT0,20200709,HT,KT,0,B,0,W,1,27,198,44,37,10,1,0,0,0,0,0,0,7,0,0,9,1,2,0,0,4,3,2,1.875,3.857142857
20200709KTHT0,20200709,KT,HT,0,T,0,L,0,24,155,42,32,10,3,0,2,0,0,2,0,8,2,0,6,0,0,0,0,10,10,3,2.454545455,2.625
20200709LGOB0,20200709,OB,LG,0,B,0,W,1,27,126,29,29,2,0,0,0,1,0,0,0,0,0,0,12,0,0,0,0,0,0,0,0.333333333,0
20200709LGOB0,20200709,LG,OB,0,T,0,L,0,24,126,38,33,12,1,0,2,0,1,0,2,2,0,1,3,1,0,0,0,6,6,0.666666667,1.6875,2
20200709LTHH0,20200709,HH,LT,0,B,0,L,0,27,134,34,29,5,0,0,2,1,0,1,1,2,0,1,7,1,0,0,0,5,5,1,0.84,1.875
20200709LTHH0,20200709,LT,HH,0,T,0,W,2,27,155,38,35,8,2,0,0,0,0,0,0,3,0,0,5,1,2,0,0,3,1,1.285714286,0.875,2.5
20200709NCSK0,20200709,SK,NC,0,B,0,L,0,27,172,46,40,13,1,0,2,3,0,0,0,5,1,1,7,1,1,0,0,8,8,2.1,2.052631579,0.75
20200709NCSK0,20200709,NC,SK,0,T,0,W,0,27,132,33,29,4,0,0,1,1,1,0,0,4,0,0,7,1,0,0,0,2,2,1.5,1.166666667,1
20200709SSWO0,20200709,WO,SS,0,B,0,W,1,27,148,35,34,10,1,0,0,0,1,0,0,1,0,0,6,2,0,0,0,2,2,1.2,1.222222222,1.875
20200709SSWO0,20200709,SS,WO,0,T,0,L,0,24,140,38,29,7,1,2,0,2,0,1,1,7,1,0,2,0,1,0,0,4,4,1.636363636,1.75,1.5
20200710NCLG0,20200710,LG,NC,0,B,0,L,0,27,163,44,39,15,4,0,1,1,1,1,1,3,0,0,4,0,0,0,0,12,12,3,1.909090909,4.5
20200710NCLG0,20200710,NC,LG,0,T,0,W,0,27,141,35,30,5,1,0,0,0,0,1,0,3,0,1,5,0,1,0,0,2,2,2.4,2,1
20200710OBLT0,20200710,LT,OB,0,B,0,L,0,27,199,44,39,12,1,1,2,0,0,0,0,5,0,0,7,1,3,0,0,10,7,3,0,2
20200710OBLT0,20200710,OB,LT,0,T,0,W,0,27,128,35,32,7,1,0,2,1,0,0,1,2,0,0,6,1,0,0,0,5,5,2.25,0,1
20200710SKHH0,20200710,HH,SK,0,B,0,W,2,27,150,42,37,11,2,0,0,0,0,0,0,4,0,1,6,1,0,0,1,5,5,1.090909091,1.05,2
20200710SKHH0,20200710,SK,HH,0,T,0,L,0,24,158,38,29,5,1,0,1,1,0,0,1,8,0,0,4,0,1,0,0,6,3,3,1.894736842,3
20200710SSKT0,20200710,KT,SS,0,B,0,W,0,27,173,40,35,9,1,1,0,0,0,0,0,4,0,1,7,1,0,0,0,3,3,0.857142857,2,1.5
20200710SSKT0,20200710,SS,KT,0,T,0,L,0,24,157,38,34,13,3,0,2,0,2,0,0,4,0,0,8,1,0,0,0,8,7,1.333333333,4.5,1.875
20200710WOHT0,20200710,HT,WO,0,B,0,W,2,33,181,49,43,14,3,1,2,0,1,1,1,4,0,0,12,0,1,0,1,8,7,2.142857143,1.384615385,1.5
20200710WOHT0,20200710,WO,HT,0,T,0,L,0,31,178,51,45,15,1,0,3,0,0,0,0,4,0,2,4,0,0,0,0,9,9,2,2,2.1
20200711NCLG0,20200711,LG,NC,0,B,0,D,1,36,183,50,45,9,1,0,2,1,1,0,0,4,0,1,9,0,0,0,0,6,5,2.4,0.964285714,0.857142857
20200711NCLG0,20200711,NC,LG,0,T,0,D,0,36,201,53,46,13,3,0,2,0,1,2,0,4,0,1,14,0,0,0,0,6,6,1.846153846,1.111111111,1.25
20200711OBLT0,20200711,LT,OB,0,B,0,W,2,27,154,39,36,8,1,0,1,0,0,0,0,3,0,0,7,1,1,0,0,4,0,1.125,1.125,0.9
20200711OBLT0,20200711,OB,LT,0,T,0,L,0,24,129,35,33,9,1,0,0,0,1,0,0,2,1,0,3,1,0,0,0,5,4,3,2,1.125
20200711SKHH0,20200711,HH,SK,0,B,0,L,0,27,158,41,31,8,1,0,3,0,3,3,0,6,1,1,6,0,1,0,0,5,4,0.9,1.555555556,2
20200711SKHH0,20200711,SK,HH,0,T,0,W,2,27,162,39,30,6,1,0,1,3,2,0,0,8,0,1,8,1,1,0,0,3,3,0.857142857,1.555555556,0.818181818
20200711SSKT0,20200711,KT,SS,0,B,0,W,0,27,119,39,36,10,2,0,1,2,0,0,0,2,0,1,4,2,0,0,0,7,6,3.75,1.125,1.2
20200711SSKT0,20200711,SS,KT,0,T,0,L,0,24,162,40,35,13,2,0,1,0,0,0,0,5,0,0,5,1,1,0,0,10,10,3.428571429,6,3.428571429
20200711WOHT0,20200711,HT,WO,0,B,0,W,0,27,135,38,37,11,1,0,1,1,0,0,0,1,0,0,9,1,0,0,0,3,3,0.857142857,0.75,1.875
20200711WOHT0,20200711,WO,HT,0,T,0,L,0,24,191,41,35,11,1,0,3,2,0,0,0,6,0,0,6,0,0,0,0,8,8,1.8,9,0.75
20200713SKHH0,20200713,HH,SK,0,B,0,W,2,27,156,36,31,3,1,0,0,0,0,0,0,5,1,0,9,0,0,0,0,2,1,2.25,0.888888889,1
20200713SKHH0,20200713,SK,HH,0,T,0,L,0,24,122,34,31,9,2,0,1,0,1,0,0,3,0,0,4,1,1,0,0,4,4,1.285714286,1.5,1.875
20200713WOHT0,20200713,HT,WO,0,B,0,W,0,27,133,31,31,4,0,0,2,0,0,0,0,0,0,0,12,0,0,0,0,3,3,0,1,0.3
20200713WOHT0,20200713,WO,HT,0,T,0,L,0,24,200,43,39,16,5,1,3,0,0,0,0,4,0,0,4,2,0,0,0,13,13,4.285714286,7.5,3.857142857
20200714HHKT0,20200714,KT,HH,0,B,0,W,0,27,124,33,31,8,2,0,1,0,0,0,0,2,0,0,6,3,0,0,0,2,2,0.75,1,1
20200714HHKT0,20200714,HH,KT,0,T,0,L,0,24,147,37,33,10,2,0,2,0,0,0,1,2,0,1,8,0,1,0,0,7,6,1,2.25,1.125
20200714HTSS0,20200714,SS,HT,0,B,0,W,0,27,132,33,32,8,1,0,0,0,0,0,0,1,0,0,5,2,0,0,0,0,0,0,1.4,1
20200714HTSS0,20200714,HT,SS,0,T,0,L,0,24,145,35,27,9,1,0,2,0,0,1,1,5,0,1,4,3,0,0,0,5,5,0.375,2,2.5
20200714LGLT0,20200714,LT,LG,0,B,0,W,0,27,113,29,28,2,1,0,0,0,0,0,0,1,0,0,5,1,1,0,0,0,0,0,0.375,0.75
20200714LGLT0,20200714,LG,LT,0,T,0,L,0,24,126,38,31,10,2,0,0,0,1,1,1,5,0,0,6,1,1,0,0,5,4,1.333333333,1.714285714,1.714285714
20200714NCWO0,20200714,WO,NC,0,B,0,W,0,27,132,32,30,3,0,0,1,0,0,0,0,1,0,0,8,0,0,0,0,1,1,0,1,0.666666667
20200714NCWO0,20200714,NC,WO,0,T,0,L,0,24,130,36,31,10,2,0,2,0,0,0,0,4,0,1,4,3,0,1,0,5,5,1.2,2.666666667,2.142857143
20200714SKOB0,20200714,OB,SK,0,B,0,L,0,27,167,46,40,14,0,0,1,1,0,0,1,3,0,2,5,0,0,0,1,12,11,2.7,2,1.875
20200714SKOB0,20200714,SK,OB,0,T,0,W,0,27,149,39,38,12,0,2,1,2,0,0,0,0,0,1,6,0,2,0,0,7,7,3,0.833333333,1.2
20200715HHKT0,20200715,KT,HH,0,B,0,L,0,27,159,43,38,11,1,0,0,0,0,0,0,5,0,0,7,0,2,0,0,7,7,1.666666667,3.857142857,2.625
20200715HHKT0,20200715,HH,KT,0,T,0,W,0,27,178,41,36,10,1,0,0,0,0,0,1,4,0,0,15,0,1,0,0,3,3,1.5,1.5,1.5
20200715HTSS0,20200715,SS,HT,0,B,0,L,1,27,171,40,35,10,0,0,1,0,0,2,0,2,0,1,6,0,0,0,1,5,4,1.5,1.384615385,1.333333333
20200715HTSS0,20200715,HT,SS,0,T,0,W,0,27,145,34,30,6,0,0,1,0,0,0,1,3,0,0,13,2,0,0,0,2,2,1,1.125,0.9
20200715LGLT0,20200715,LT,LG,0,B,0,L,0,27,157,44,40,14,3,1,1,0,0,1,0,3,0,0,8,0,0,0,0,9,9,2.4,2.25,1.5
20200715LGLT0,20200715,LG,LT,0,T,0,W,0,27,139,39,37,12,0,0,3,1,1,0,0,2,0,0,7,0,0,0,0,3,3,0,1.5,2.571428571
20200715NCWO0,20200715,WO,NC,0,B,0,W,1,27,127,37,34,11,1,1,1,0,0,0,0,2,0,1,3,3,0,0,0,4,4,2.25,1.333333333,1.666666667
20200715NCWO0,20200715,NC,WO,0,T,0,L,1,24,169,39,32,10,2,0,1,2,0,0,0,6,0,1,7,1,1,0,0,7,7,1.666666667,1.833333333,1.875
20200715SKOB0,20200715,OB,SK,0,B,0,W,0,27,155,37,35,10,0,0,0,1,0,0,1,1,0,0,10,0,0,0,0,2,2,1.5,1.4,1.333333333
20200715SKOB0,20200715,SK,OB,0,T,0,L,0,24,158,40,36,14,4,0,1,2,0,0,1,3,0,0,2,1,1,0,0,7,7,1.5,2.357142857,4
20200716HHKT0,20200716,KT,HH,0,B,0,W,1,27,122,32,32,6,0,0,0,0,1,0,0,0,0,0,8,0,0,0,0,1,1,0,0.3,0.25
20200716HHKT0,20200716,HH,KT,0,T,0,L,0,24,130,34,29,7,2,0,1,3,0,1,0,4,1,0,5,0,0,0,0,4,4,1.333333333,2.625,2.571428571
20200716HTSS0,20200716,SS,HT,0,B,0,W,1,27,163,40,32,8,2,0,1,0,0,1,0,5,0,2,8,1,0,0,0,7,7,2.142857143,1.421052632,1.5
20200716HTSS0,20200716,HT,SS,0,T,0,L,0,26,170,44,38,14,1,0,2,2,2,1,0,5,0,0,5,0,0,0,0,8,8,2.1,2.8125,1.8
20200716LGLT0,20200716,LT,LG,0,B,0,W,2,27,183,45,38,16,1,0,1,1,0,0,1,5,1,1,4,3,0,0,0,10,10,6.75,2.5,3
20200716LGLT0,20200716,LG,LT,0,T,0,L,0,24,142,42,40,15,3,0,2,0,0,0,0,1,0,1,7,1,1,0,0,15,8,4.5,2.7,4
20200716NCWO0,20200716,WO,NC,0,B,0,L,0,27,188,46,40,14,2,1,1,0,0,0,0,4,0,2,10,1,1,0,0,9,9,1.8,3.5,1.875
20200716NCWO0,20200716,NC,WO,0,T,0,W,0,27,136,36,35,7,1,0,0,0,0,0,0,1,0,0,9,0,2,0,0,1,1,1.5,2,0
20200716SKOB0,20200716,OB,SK,0,B,0,W,2,27,130,37,34,7,0,0,1,5,0,0,0,3,0,0,6,2,0,0,0,2,1,0,1.2,0.9
20200716SKOB0,20200716,SK,OB,0,T,0,L,0,24,141,35,32,10,3,0,0,3,1,0,1,2,0,0,6,0,0,0,0,4,4,0.818181818,1.909090909,1
20200717HHLG0,20200717,LG,HH,0,B,0,W,0,27,145,32,29,3,1,0,0,0,0,0,0,3,0,0,9,1,0,0,0,0,0,0,0.333333333,0.6
20200717HHLG0,20200717,HH,LG,0,T,0,L,0,24,165,40,32,10,2,0,3,0,1,0,0,6,0,2,10,0,1,0,0,8,8,1.714285714,2.142857143,2.25
20200717KTNC0,20200717,NC,KT,0,B,0,D,0,36,199,47,44,9,2,0,0,1,1,0,0,3,0,0,9,0,0,0,0,3,3,1.5,1,1.090909091
20200717KTNC0,20200717,KT,NC,0,T,0,D,0,36,201,47,41,8,1,0,0,2,0,0,1,5,0,0,10,2,0,0,0,3,3,1.285714286,1.083333333,1
20200717LTSS0,20200717,SS,LT,0,B,0,W,0,27,165,42,38,13,3,0,1,1,0,1,0,3,0,0,5,1,0,0,1,10,7,3,1,2
20200717LTSS0,20200717,LT,SS,0,T,0,L,0,24,193,47,39,17,4,0,2,3,0,1,1,6,0,0,5,0,1,0,0,15,15,2.25,3,1.5
20200717OBHT0,20200717,HT,OB,0,B,0,W,0,27,119,33,31,7,0,0,0,1,0,0,0,2,0,0,2,2,1,0,0,2,2,0.75,0.75,0.75
20200717OBHT0,20200717,OB,HT,0,T,0,L,0,24,141,36,30,9,3,0,1,0,0,2,0,4,1,0,5,0,0,0,0,4,3,1.125,2.25,2.142857143
20200717WOSK0,20200717,SK,WO,0,B,0,W,0,27,204,47,38,13,2,0,2,4,0,0,0,8,0,1,10,0,1,0,0,9,9,2.454545455,3.166666667,2.333333333
20200717WOSK0,20200717,WO,SK,0,T,0,L,4,24,165,43,35,13,2,0,2,0,1,0,1,7,0,0,7,0,1,0,0,12,11,3,2.052631579,3.428571429
20200718HHLG0,20200718,LG,HH,0,B,0,W,1,27,149,37,32,8,1,0,0,0,1,0,0,5,0,0,2,3,1,0,0,1,1,0.9,1.2,0.818181818
20200718HHLG0,20200718,HH,LG,0,T,0,L,0,24,130,32,27,5,0,0,1,1,0,1,0,4,0,0,8,0,0,0,0,3,2,0.857142857,1.173913043,1.5
20200718KTNC0,20200718,NC,KT,0,B,0,W,0,27,110,31,29,3,0,0,1,0,2,0,0,2,0,0,10,1,0,0,0,1,1,0,0.666666667,0.3
20200718KTNC0,20200718,KT,NC,0,T,0,L,0,24,165,40,33,11,2,0,1,2,0,0,0,7,0,0,3,2,1,0,0,6,6,2,2.25,2.25
20200718LTSS0,20200718,SS,LT,0,B,0,W,3,27,143,37,32,7,1,0,0,1,0,0,0,5,0,0,4,2,1,0,0,2,2,1.875,1.571428571,2.142857143
20200718LTSS0,20200718,LT,SS,0,T,0,L,0,24,166,40,33,11,0,0,2,2,1,1,1,4,0,1,5,0,1,0,0,5,5,1.333333333,2.166666667,1.666666667
20200718OBHT0,20200718,HT,OB,0,B,0,L,0,27,173,44,32,12,2,0,0,0,1,2,2,6,0,2,1,2,0,0,0,6,6,1.636363636,1.5,3.857142857
20200718OBHT0,20200718,OB,HT,0,T,0,W,0,27,158,38,33,9,1,0,0,0,1,0,0,5,0,0,7,2,0,0,0,0,0,0.3,1.75,1.666666667
20200718WOSK0,20200718,SK,WO,0,B,0,L,0,27,139,36,32,7,1,0,2,3,1,0,0,4,0,0,6,0,0,0,0,4,4,1.2,1.434782609,1.5
20200718WOSK0,20200718,WO,SK,0,T,0,W,2,27,141,34,32,5,0,0,1,0,0,0,0,2,0,0,8,0,0,0,0,1,1,0,0.714285714,0.272727273
20200719HHLG0,20200719,LG,HH,0,B,0,W,0,27,129,37,34,8,2,0,0,0,1,0,1,1,1,1,14,0,1,0,0,2,2,0.857142857,1.125,2.142857143
20200719HHLG0,20200719,HH,LG,0,T,0,L,0,24,115,34,32,7,1,1,1,0,0,0,0,1,0,1,4,0,1,0,0,6,5,12,0.681818182,1
20200719KTNC0,20200719,NC,KT,0,B,0,W,0,27,144,33,32,5,0,0,1,0,0,0,0,1,0,0,9,0,0,0,0,2,2,0,0.5,1
20200719KTNC0,20200719,KT,NC,0,T,0,L,0,24,166,40,36,12,1,1,1,0,0,0,0,4,0,0,8,1,1,0,0,8,8,6,5,1.666666667
20200719LTSS0,20200719,SS,LT,0,B,0,L,0,27,130,31,29,6,1,0,1,0,0,1,0,1,0,0,7,3,0,0,0,2,2,0,0.777777778,2.142857143
20200719LTSS0,20200719,LT,SS,0,T,0,W,2,27,155,34,31,7,0,0,1,2,1,0,0,3,0,0,9,1,0,0,0,1,1,0.6,1.111111111,1.5
20200719OBHT0,20200719,HT,OB,0,B,0,L,0,27,137,41,37,11,3,0,1,2,1,0,0,2,1,2,4,0,0,0,0,8,8,2.142857143,1.8,0.75
20200719OBHT0,20200719,OB,HT,0,T,0,W,1,27,177,38,32,8,0,1,0,0,0,0,0,6,0,0,5,1,0,0,0,4,4,3,1,1.875
20200719WOSK0,20200719,SK,WO,0,B,0,W,0,27,134,37,33,7,0,0,1,1,0,0,0,3,0,1,4,1,0,0,0,3,3,1.5,1.105263158,2.142857143
20200719WOSK0,20200719,WO,SK,0,T,0,L,2,24,173,37,30,6,0,0,0,0,0,0,0,7,0,0,10,0,2,0,0,4,4,1.8,1.3125,1.333333333
