G_ID,GDAY_DS,T_ID,VS_T_ID,HEADER_NO,TB_SC,PA,AB,RBI,RUN,HIT,H2,H3,HR,SB,CS,SH,SF,BB,IB,HP,KK,GD,ERR,LOB,P_HRA_RT,P_AB_CN,P_HIT_CN
20200505HHSK0,20200505,SK,HH,0,B,30,29,0,0,2,0,0,0,0,0,0,0,1,0,0,2,0,0,3,0,1,0
20200505HHSK0,20200505,HH,SK,0,T,35,31,3,3,8,3,0,0,0,1,2,0,2,0,0,5,1,0,5,0.25,8,2
20200505LTKT0,20200505,KT,LT,0,B,35,30,2,2,5,1,0,1,0,1,0,0,5,0,0,8,1,0,6,0,4,0
20200505LTKT0,20200505,LT,KT,0,T,37,32,7,7,7,1,0,2,0,0,0,1,4,0,0,9,1,1,3,0.666666667,3,2
20200505NCSS0,20200505,SS,NC,0,B,36,30,0,0,3,0,0,0,0,1,0,0,6,0,0,8,0,0,9,0,5,0
20200505NCSS0,20200505,NC,SS,0,T,35,33,4,4,7,2,0,3,0,0,0,0,2,0,0,9,0,1,4,0.333333333,3,1
20200505OBLG0,20200505,LG,OB,0,B,36,30,6,8,10,6,1,1,1,1,0,0,5,0,1,6,1,0,4,0.5,8,4
20200505OBLG0,20200505,OB,LG,0,T,34,30,2,2,6,1,0,1,0,0,0,1,3,0,0,9,1,0,5,0,2,0
20200505WOHT0,20200505,HT,WO,0,B,37,32,2,2,6,1,0,0,0,0,0,0,4,0,1,7,2,0,8,0.2,10,2
20200505WOHT0,20200505,WO,HT,0,T,44,38,11,11,12,3,0,2,0,0,0,0,6,0,0,5,1,1,6,0.666666667,9,6
20200506HHSK0,20200506,SK,HH,0,B,37,33,5,5,9,3,0,2,3,0,1,0,3,0,0,8,0,0,8,0.166666667,12,2
20200506HHSK0,20200506,HH,SK,0,T,35,31,2,2,5,1,0,1,0,0,0,0,4,0,0,5,1,2,6,0.166666667,6,1
20200506LTKT0,20200506,KT,LT,0,B,38,35,4,4,8,2,0,1,1,0,0,1,2,0,0,3,0,2,7,0.111111111,9,1
20200506LTKT0,20200506,LT,KT,0,T,41,36,8,9,12,2,0,1,1,1,0,3,1,0,1,6,0,1,5,0.25,12,3
20200506NCSS0,20200506,SS,NC,0,B,34,32,3,3,5,1,0,3,0,0,0,0,1,0,1,11,0,1,4,0,3,0
20200506NCSS0,20200506,NC,SS,0,T,40,33,4,4,8,1,0,2,2,2,0,0,6,0,1,8,0,0,9,0.2,10,2
20200506OBLG0,20200506,LG,OB,0,B,36,33,2,2,6,0,0,0,1,0,0,0,2,0,1,6,1,0,7,0.111111111,9,1
20200506OBLG0,20200506,OB,LG,0,T,37,35,5,5,12,1,0,1,0,0,0,1,1,0,0,3,2,1,5,0.428571429,7,3
20200506WOHT0,20200506,HT,WO,0,B,37,35,2,2,9,2,0,1,0,0,1,0,1,0,0,9,0,1,8,0.166666667,6,1
20200506WOHT0,20200506,WO,HT,0,T,35,31,2,3,7,1,1,0,1,0,1,2,1,0,0,11,0,0,5,0,4,0
20200507HHSK0,20200507,SK,HH,0,B,45,39,3,4,15,2,2,0,0,0,0,0,4,0,2,8,3,0,14,0.1875,16,3
20200507HHSK0,20200507,HH,SK,0,T,42,37,7,8,13,1,0,0,4,0,0,0,5,0,0,7,3,0,7,0.363636364,11,4
20200507LTKT0,20200507,KT,LT,0,B,35,33,2,3,7,2,0,0,0,1,0,0,2,0,0,4,0,2,5,0.111111111,9,1
20200507LTKT0,20200507,LT,KT,0,T,45,40,7,7,14,2,0,1,0,0,1,0,4,0,0,3,1,0,11,0.266666667,15,4
20200507NCSS0,20200507,SS,NC,0,B,38,32,1,2,5,1,0,0,0,0,0,0,5,0,1,8,0,1,9,0.1,10,1
20200507NCSS0,20200507,NC,SS,0,T,44,35,7,8,9,2,0,1,0,0,1,1,5,0,2,6,0,0,9,0.230769231,13,3
20200507OBLG0,20200507,LG,OB,0,B,34,30,3,3,7,2,0,0,0,0,1,1,2,0,0,7,1,3,4,0.2,5,1
20200507OBLG0,20200507,OB,LG,0,T,42,40,7,9,14,2,0,1,0,1,0,1,0,0,1,4,0,0,6,0.333333333,9,3
20200507WOHT0,20200507,HT,WO,0,B,43,38,8,8,16,2,0,2,0,0,0,0,4,0,1,7,2,0,11,0.357142857,14,5
20200507WOHT0,20200507,WO,HT,0,T,38,34,5,5,9,4,0,1,1,0,0,1,3,0,0,6,0,0,6,0.153846154,13,2
20200508HHWO0,20200508,WO,HH,0,B,38,34,5,5,10,0,1,2,0,0,0,0,3,0,1,6,0,0,9,0.375,8,3
20200508HHWO0,20200508,HH,WO,0,T,33,31,3,3,6,0,0,1,0,1,0,0,2,0,0,7,1,0,3,0.2,5,1
20200508HTSS0,20200508,SS,HT,0,B,37,30,5,5,6,3,0,1,1,2,0,0,7,0,0,6,0,0,8,0.111111111,9,1
20200508HTSS0,20200508,HT,SS,0,T,36,30,0,0,5,1,0,0,0,1,0,0,6,0,0,9,1,1,9,0,7,0
20200508KTOB0,20200508,OB,KT,0,B,38,34,3,3,8,3,0,0,0,0,0,1,3,0,0,3,0,0,8,0.285714286,7,2
20200508KTOB0,20200508,KT,OB,0,T,51,47,12,12,22,4,1,1,0,0,0,1,2,0,1,7,0,0,12,0.411764706,17,7
20200508LGNC0,20200508,NC,LG,0,B,44,37,13,13,13,3,1,2,1,0,0,0,7,0,0,4,0,0,7,0.466666667,15,7
20200508LGNC0,20200508,LG,NC,0,T,41,34,5,5,9,3,0,0,0,0,0,1,4,0,2,9,0,0,9,0.272727273,11,3
20200508SKLT0,20200508,LT,SK,0,B,43,39,8,9,13,4,0,4,1,1,0,1,2,0,1,10,0,0,6,0.375,8,3
20200508SKLT0,20200508,SK,LT,0,T,45,40,8,8,13,3,1,2,4,0,1,2,2,0,0,7,0,0,7,0.5,6,3
20200509HHWO0,20200509,WO,HH,0,B,36,28,3,5,4,0,0,1,2,0,0,0,7,0,1,8,0,0,7,0.333333333,6,2
20200509HHWO0,20200509,HH,WO,0,T,36,33,3,3,10,2,0,1,0,1,1,0,1,0,1,4,1,1,6,0.25,8,2
20200509HTSS0,20200509,SS,HT,0,B,46,36,13,14,13,3,1,0,1,1,0,1,7,1,2,9,0,0,8,0.5,14,7
20200509HTSS0,20200509,HT,SS,0,T,35,29,2,2,7,2,0,1,0,0,0,0,4,0,2,4,4,1,6,0.25,4,1
20200510HHWO0,20200510,WO,HH,0,B,35,31,6,6,8,2,1,0,0,0,0,1,3,1,0,6,0,0,5,0.363636364,11,4
20200510HHWO0,20200510,HH,WO,0,T,36,35,3,3,12,1,0,1,1,0,0,0,1,0,0,7,1,1,6,0.125,8,1
20200510HTSS0,20200510,SS,HT,0,B,35,31,3,3,6,2,0,2,0,0,0,1,3,0,0,6,1,2,5,0,3,0
20200510HTSS0,20200510,HT,SS,0,T,49,42,12,12,15,4,0,2,0,0,0,1,5,0,1,7,1,0,10,0.470588235,17,8
20200510KTOB0,20200510,OB,KT,0,B,55,49,12,13,18,1,0,3,0,1,0,0,6,0,0,4,0,0,11,0.5,12,6
20200510KTOB0,20200510,KT,OB,0,T,52,48,12,12,16,2,0,3,0,0,0,1,3,0,0,8,0,2,7,0.5,12,6
20200510LGNC0,20200510,NC,LG,0,B,43,38,7,8,12,2,0,1,0,0,0,1,3,0,1,6,1,0,8,0.416666667,12,5
20200510LGNC0,20200510,LG,NC,0,T,46,40,10,10,15,4,0,4,3,0,0,1,5,0,0,6,1,1,9,0.363636364,11,4
20200510SKLT0,20200510,LT,SK,0,B,33,29,4,4,6,0,0,1,0,1,0,0,4,0,0,4,1,0,5,0.25,4,1
20200510SKLT0,20200510,SK,LT,0,T,29,29,0,0,3,1,0,0,0,0,0,0,0,0,0,12,1,0,2,0,2,0
20200512HTHH0,20200512,HH,HT,0,B,35,33,1,1,8,1,0,0,0,1,0,0,2,0,0,8,1,0,7,0.25,4,1
20200512HTHH0,20200512,HT,HH,0,T,34,30,2,2,4,1,0,1,1,0,0,1,3,0,0,8,0,1,5,0,7,0
20200512KTNC0,20200512,NC,KT,0,B,41,39,7,7,12,1,0,3,0,0,0,0,1,0,1,10,0,1,7,0.285714286,14,4
20200512KTNC0,20200512,KT,NC,0,T,46,43,5,6,14,1,0,2,0,1,0,0,3,0,0,11,0,0,10,0.333333333,9,3
20200512OBLT0,20200512,LT,OB,0,B,44,42,6,6,15,3,0,1,1,0,0,0,2,0,0,7,0,0,11,0.222222222,18,4
20200512OBLT0,20200512,OB,LT,0,T,44,41,10,11,20,5,0,2,0,2,0,0,3,0,0,3,2,0,6,0.4375,16,7
20200512SKLG0,20200512,LG,SK,0,B,39,37,8,9,12,1,1,1,1,0,0,0,2,0,0,7,0,0,6,0.272727273,11,3
20200512SKLG0,20200512,SK,LG,0,T,39,34,5,5,9,3,0,1,0,0,0,1,3,0,1,9,1,1,7,0,6,0
20200512SSWO0,20200512,WO,SS,0,B,34,30,3,3,7,2,0,1,1,1,0,0,2,1,2,4,0,2,7,0.285714286,7,2
20200512SSWO0,20200512,SS,WO,0,T,31,31,1,2,6,0,0,0,2,1,0,0,0,0,0,9,2,1,2,0.333333333,6,2
20200513HTHH0,20200513,HH,HT,0,B,38,35,3,3,9,2,0,0,2,0,0,0,2,0,1,6,1,1,8,0.428571429,7,3
20200513HTHH0,20200513,HT,HH,0,T,40,33,3,4,8,2,0,0,1,1,0,0,7,0,0,12,2,0,9,0.222222222,9,2
20200513KTNC0,20200513,NC,KT,0,B,44,37,5,5,11,1,0,2,1,0,1,1,3,1,2,5,0,1,10,0.428571429,7,3
20200513KTNC0,20200513,KT,NC,0,T,39,35,4,4,8,0,1,2,0,1,2,0,2,0,0,7,0,1,5,0.166666667,6,1
20200513OBLT0,20200513,LT,OB,0,B,44,35,9,10,12,4,0,1,1,0,0,0,9,0,0,5,1,0,10,0.416666667,12,5
20200513OBLT0,20200513,OB,LT,0,T,42,35,9,9,9,1,0,3,0,1,0,0,7,0,0,5,0,2,6,0.285714286,7,2
20200513SKLG0,20200513,LG,SK,0,B,44,36,13,14,12,6,0,0,0,0,0,1,6,0,1,5,0,0,6,0.375,16,6
20200513SKLG0,20200513,SK,LG,0,T,36,34,2,2,10,1,0,0,1,0,0,0,2,0,0,8,2,1,7,0.4,5,2
20200513SSWO0,20200513,WO,SS,0,B,32,30,0,0,2,0,0,0,0,0,0,0,2,0,0,12,0,2,5,0,3,0
20200513SSWO0,20200513,SS,WO,0,T,33,32,4,5,5,1,0,1,1,0,1,0,0,0,0,7,0,1,1,0.333333333,6,2
20200514HTHH0,20200514,HH,HT,0,B,34,32,4,4,8,3,0,0,1,0,0,0,2,0,0,13,0,0,6,0.285714286,7,2
20200514HTHH0,20200514,HT,HH,0,T,32,32,1,1,5,3,0,0,0,0,0,0,0,0,0,9,0,0,4,0.166666667,6,1
20200514KTNC0,20200514,NC,KT,0,B,33,31,1,1,9,3,0,0,2,0,0,0,2,1,0,10,1,0,8,0.142857143,7,1
20200514KTNC0,20200514,KT,NC,0,T,32,31,0,0,6,1,0,0,0,1,0,0,1,0,0,11,1,0,5,0,2,0
20200514OBLT0,20200514,LT,OB,0,B,38,34,4,4,9,3,0,1,0,0,0,1,2,0,1,8,0,1,7,0.222222222,9,2
20200514OBLT0,20200514,OB,LT,0,T,44,39,6,7,13,5,0,2,2,0,0,1,3,0,1,8,0,0,10,0.25,12,3
20200514SKLG0,20200514,LG,SK,0,B,36,32,3,3,11,2,0,1,2,1,1,0,3,1,0,12,2,0,8,0.2,10,2
20200514SKLG0,20200514,SK,LG,0,T,34,31,2,2,4,0,0,1,0,0,0,0,3,0,0,11,2,1,5,0,6,0
20200514SSWO0,20200514,WO,SS,0,B,37,35,5,5,8,3,0,1,0,0,0,0,2,0,0,8,0,0,5,0.5,6,3
20200514SSWO0,20200514,SS,WO,0,T,41,34,8,8,14,4,0,1,0,1,1,0,4,0,2,4,1,0,6,0.5,12,6
20200515LTHH0,20200515,HH,LT,0,B,33,30,2,2,8,2,1,0,0,1,0,0,3,0,0,12,0,0,7,0.111111111,9,1
20200515LTHH0,20200515,LT,HH,0,T,36,33,1,1,8,1,0,0,0,1,0,0,3,0,0,3,1,0,8,0.2,5,1
20200515NCSK0,20200515,SK,NC,0,B,38,30,2,2,2,1,0,1,0,2,1,0,7,0,0,6,0,1,6,0,4,0
20200515NCSK0,20200515,NC,SK,0,T,47,40,6,6,11,2,0,0,0,0,0,0,5,0,2,11,1,1,11,0.333333333,12,4
20200515OBHT0,20200515,HT,OB,0,B,40,36,2,4,8,1,0,0,0,0,0,0,4,0,0,3,0,3,9,0.125,8,1
20200515OBHT0,20200515,OB,HT,0,T,47,43,11,13,18,3,0,3,0,0,0,0,2,0,2,5,4,4,7,0.4,15,6
20200515SSKT0,20200515,KT,SS,0,B,44,41,13,14,16,5,2,3,1,0,0,0,3,1,0,3,0,1,6,0.3125,16,5
20200515SSKT0,20200515,SS,KT,0,T,41,39,6,6,12,2,0,0,0,0,0,1,1,0,0,5,0,1,8,0.272727273,11,3
20200516LTHH0,20200516,HH,LT,0,B,37,36,0,1,10,2,0,0,1,1,0,0,1,0,0,6,0,1,9,0.1,10,1
20200516LTHH0,20200516,LT,HH,0,T,42,36,4,5,11,4,0,0,1,0,0,0,2,0,4,6,2,0,10,0.2,15,3
20200516NCSK0,20200516,SK,NC,0,B,33,31,1,1,6,1,0,1,0,0,0,0,1,0,1,7,2,0,5,0,2,0
20200516NCSK0,20200516,NC,SK,0,T,34,29,2,2,5,1,0,0,1,0,1,0,4,0,0,8,2,0,5,0.2,5,1
20200516OBHT0,20200516,HT,OB,0,B,44,38,13,13,16,6,0,2,0,0,1,0,5,0,0,3,1,0,7,0.5,12,6
20200516OBHT0,20200516,OB,HT,0,T,38,35,4,4,9,2,1,1,0,0,0,0,2,0,1,10,1,0,7,0.272727273,11,3
20200516SSKT0,20200516,KT,SS,0,B,43,35,10,10,16,3,1,0,3,0,1,1,6,0,0,2,2,1,9,0.357142857,14,5
20200516SSKT0,20200516,SS,KT,0,T,37,34,4,4,8,1,0,0,1,0,0,0,3,0,0,7,2,2,6,0.3,10,3
20200516WOLG1,20200516,LG,WO,1,B,30,25,3,3,4,1,0,1,0,0,1,0,3,1,1,5,1,0,3,0.333333333,6,2
20200516WOLG1,20200516,WO,LG,1,T,37,33,1,1,6,1,0,0,1,0,0,0,4,0,0,7,0,1,9,0.111111111,9,1
20200516WOLG2,20200516,LG,WO,2,B,38,32,5,5,10,1,0,1,1,1,1,0,4,0,1,9,0,0,9,0.375,8,3
20200516WOLG2,20200516,WO,LG,2,T,37,32,2,3,9,1,0,0,0,1,0,0,4,0,1,5,3,0,7,0.6,5,3
20200517LTHH0,20200517,HH,LT,0,B,45,35,4,5,6,0,0,0,0,0,2,1,5,0,2,3,1,0,8,0.25,8,2
20200517LTHH0,20200517,LT,HH,0,T,43,39,4,4,7,0,0,3,2,0,0,0,4,0,0,12,1,1,6,0,5,0
20200517NCSK0,20200517,SK,NC,0,B,43,39,5,5,12,1,0,0,0,0,0,0,4,0,0,8,1,0,11,0.333333333,12,4
20200517NCSK0,20200517,NC,SK,0,T,47,36,11,11,12,3,0,4,0,0,1,1,9,0,0,6,1,1,9,0.25,12,3
20200517OBHT0,20200517,HT,OB,0,B,39,35,3,4,8,2,0,1,0,0,1,0,3,0,0,10,1,1,8,0,10,0
20200517OBHT0,20200517,OB,HT,0,T,41,40,6,6,15,4,0,0,2,0,0,0,1,0,0,11,2,1,8,0.285714286,14,4
20200517SSKT0,20200517,KT,SS,0,B,40,31,7,9,9,2,0,1,0,0,0,2,7,0,0,4,0,1,7,0.375,8,3
20200517SSKT0,20200517,SS,KT,0,T,34,33,2,2,7,1,0,0,1,1,0,0,1,0,0,5,1,1,5,0.4,5,2
20200517WOLG0,20200517,LG,WO,0,B,35,32,4,4,8,2,0,0,0,0,0,1,2,0,0,5,2,0,4,0.285714286,7,2
20200517WOLG0,20200517,WO,LG,0,T,47,43,9,9,17,6,0,3,0,0,1,0,3,0,0,9,0,0,11,0.266666667,15,4
20200519HHKT0,20200519,KT,HH,0,B,46,40,12,13,18,4,1,2,0,1,0,0,6,0,0,7,1,0,9,0.352941176,17,6
20200519HHKT0,20200519,HH,KT,0,T,44,38,11,11,11,2,0,2,0,0,0,0,2,0,4,10,0,1,6,0.5,12,6
20200519LGSS0,20200519,SS,LG,0,B,38,35,6,6,11,2,0,2,0,0,0,1,2,0,0,6,2,0,5,0.285714286,7,2
20200519LGSS0,20200519,LG,SS,0,T,42,37,10,10,12,1,0,3,0,0,0,0,5,0,0,5,2,0,5,0.5,8,4
20200519LTHT0,20200519,HT,LT,0,B,44,37,9,9,16,0,0,3,2,0,0,1,4,0,2,6,1,1,11,0.285714286,14,4
20200519LTHT0,20200519,LT,HT,0,T,37,32,2,2,6,1,0,0,0,0,0,1,4,0,0,12,0,0,8,0.2,5,1
20200519NCOB0,20200519,OB,NC,0,B,46,36,4,4,10,2,0,0,0,0,0,1,8,0,1,8,0,2,15,0.166666667,12,2
20200519NCOB0,20200519,NC,OB,0,T,47,39,5,5,12,1,0,0,1,0,1,1,4,1,2,7,0,0,15,0.210526316,19,4
20200519SKWO0,20200519,WO,SK,0,B,45,38,10,11,14,3,0,1,1,0,0,0,5,0,2,7,2,2,10,0.352941176,17,6
20200519SKWO0,20200519,SK,WO,0,T,38,33,6,6,6,1,0,1,0,0,0,0,4,0,1,9,1,2,5,0.375,8,3
20200520HHKT0,20200520,KT,HH,0,B,43,38,8,8,17,4,1,0,2,0,0,3,2,0,0,6,0,1,11,0.272727273,11,3
20200520HHKT0,20200520,HH,KT,0,T,37,32,1,1,7,1,0,0,0,0,0,0,4,0,1,5,2,0,9,0.125,8,1
20200520LGSS0,20200520,SS,LG,0,B,29,26,3,3,5,1,0,0,3,0,0,2,1,0,0,7,1,0,2,0.25,4,1
20200520LGSS0,20200520,LG,SS,0,T,36,32,1,1,6,0,0,1,0,0,0,0,3,0,1,6,1,1,8,0,4,0
20200520LTHT0,20200520,HT,LT,0,B,37,33,6,6,9,3,0,2,0,0,0,0,4,0,0,8,0,0,7,0.142857143,7,1
20200520LTHT0,20200520,LT,HT,0,T,32,28,0,0,3,0,0,0,1,0,0,0,3,0,1,10,1,0,5,0,4,0
20200520NCOB0,20200520,OB,NC,0,B,38,33,2,2,3,1,0,0,0,0,1,0,4,1,0,9,0,1,5,0.333333333,3,1
20200520NCOB0,20200520,NC,OB,0,T,39,36,1,1,5,1,0,1,1,1,1,0,2,1,0,14,0,0,5,0,7,0
20200520SKWO0,20200520,WO,SK,0,B,38,34,2,3,7,1,0,1,5,0,0,0,4,0,0,8,0,1,8,0.083333333,12,1
20200520SKWO0,20200520,SK,WO,0,T,40,38,5,5,10,0,0,1,0,0,0,0,2,0,0,9,0,0,8,0.444444444,9,4
20200521HHKT0,20200521,KT,HH,0,B,42,34,4,4,10,4,0,1,1,0,1,1,5,0,1,7,1,0,11,0.166666667,12,2
20200521HHKT0,20200521,HH,KT,0,T,41,37,9,9,12,1,0,1,2,0,0,0,4,0,0,9,2,0,5,0.6,10,6
20200521LGSS0,20200521,SS,LG,0,B,32,27,0,0,2,0,0,0,0,0,0,0,5,0,0,4,2,1,5,0,0,0
20200521LGSS0,20200521,LG,SS,0,T,35,33,2,2,6,1,0,1,1,0,0,0,2,0,0,8,0,1,6,0.2,5,1
20200521LTHT0,20200521,HT,LT,0,B,37,32,5,6,9,1,0,0,1,1,0,0,5,0,0,5,0,0,7,0.428571429,7,3
20200521LTHT0,20200521,LT,HT,0,T,31,31,1,1,7,1,0,0,0,0,0,0,0,0,0,5,3,0,3,0.333333333,3,1
20200521NCOB0,20200521,OB,NC,0,B,40,35,5,6,11,0,1,0,0,1,0,1,3,0,1,2,1,0,7,0.272727273,11,3
20200521NCOB0,20200521,NC,OB,0,T,48,44,12,12,19,3,0,2,1,0,0,0,3,0,1,4,1,1,9,0.454545455,11,5
20200521SKWO0,20200521,WO,SK,0,B,44,40,9,9,13,5,0,0,2,0,0,0,4,0,0,11,1,1,8,0.5,12,6
20200521SKWO0,20200521,SK,WO,0,T,44,37,7,8,12,1,1,1,0,1,2,1,4,0,0,7,1,1,6,0.416666667,12,5
20200522HHNC0,20200522,NC,HH,0,B,33,29,3,3,6,0,0,1,0,0,0,1,3,0,0,10,2,1,3,0.2,5,1
20200522HHNC0,20200522,HH,NC,0,T,35,34,5,5,8,2,0,3,1,1,0,0,1,0,0,6,0,0,3,0,4,0
20200522HTSK0,20200522,SK,HT,0,B,33,32,1,1,6,1,0,0,1,2,0,0,1,0,0,8,1,0,5,0.166666667,6,1
20200522HTSK0,20200522,HT,SK,0,T,39,33,2,2,8,1,0,0,1,0,0,1,4,0,1,6,0,2,10,0,8,0
20200522KTLG0,20200522,LG,KT,0,B,38,35,6,6,10,2,0,1,0,0,0,0,3,1,0,5,0,1,7,0.333333333,9,3
20200522KTLG0,20200522,KT,LG,0,T,41,35,5,5,9,1,0,0,2,0,1,0,2,0,3,7,1,0,9,0.363636364,11,4
20200522OBSS0,20200522,SS,OB,0,B,42,35,7,7,12,1,0,1,0,0,2,1,4,0,0,4,1,0,8,0.363636364,11,4
20200522OBSS0,20200522,OB,SS,0,T,50,37,11,12,15,2,0,1,0,0,1,2,9,0,1,6,2,0,11,0.411764706,17,7
20200522WOLT0,20200522,LT,WO,0,B,44,36,8,9,12,4,0,0,1,0,0,1,7,0,0,6,0,0,11,0.214285714,14,3
20200522WOLT0,20200522,WO,LT,0,T,39,29,6,7,6,2,0,1,0,1,0,2,8,0,0,10,1,2,5,0.25,4,1
20200523HHNC0,20200523,NC,HH,0,B,36,32,3,3,10,1,0,0,3,1,0,0,3,0,1,9,0,0,9,0.363636364,11,4
20200523HHNC0,20200523,HH,NC,0,T,31,30,0,0,6,2,0,0,1,1,0,0,1,0,0,9,1,0,4,0,4,0
20200523HTSK0,20200523,SK,HT,0,B,36,32,3,3,9,1,0,1,0,0,0,0,3,0,1,8,2,0,6,0.285714286,7,2
20200523HTSK0,20200523,HT,SK,0,T,42,34,8,8,9,2,0,1,0,0,1,1,6,0,0,9,0,0,7,0.333333333,12,4
20200523KTLG0,20200523,LG,KT,0,B,40,32,2,2,7,0,0,0,1,0,0,0,8,0,0,3,2,1,11,0.2,10,2
20200523KTLG0,20200523,KT,LG,0,T,38,36,6,6,10,0,1,2,0,1,0,1,1,0,0,5,0,0,5,0.2,5,1
20200523OBSS0,20200523,SS,OB,0,B,41,37,6,6,10,4,0,4,0,0,0,1,2,0,1,5,0,0,8,0.142857143,14,2
20200523OBSS0,20200523,OB,SS,0,T,45,37,10,10,13,3,0,3,0,1,0,2,5,0,1,9,0,1,8,0.444444444,9,4
20200523WOLT0,20200523,LT,WO,0,B,40,35,3,4,8,4,0,0,0,0,0,1,4,0,0,6,0,1,9,0.090909091,11,1
20200523WOLT0,20200523,WO,LT,0,T,46,43,12,12,15,4,0,4,0,0,0,0,3,0,0,12,0,1,7,0.5,14,7
20200524HHNC0,20200524,NC,HH,0,B,44,35,10,10,13,2,0,1,1,0,2,1,5,0,1,10,0,0,10,0.375,16,6
20200524HHNC0,20200524,HH,NC,0,T,39,33,5,5,7,2,0,1,0,0,0,1,4,0,1,6,0,0,7,0.25,8,2
20200524HTSK0,20200524,SK,HT,0,B,46,41,2,4,8,0,1,0,0,0,1,0,3,0,1,4,2,2,7,0.125,8,1
20200524HTSK0,20200524,HT,SK,0,T,53,50,3,3,15,2,0,0,0,1,0,0,3,0,0,6,1,1,14,0.4,10,4
20200524KTLG0,20200524,LG,KT,0,B,40,33,9,9,10,1,0,1,2,0,0,0,6,0,1,5,1,2,6,0.428571429,14,6
20200524KTLG0,20200524,KT,LG,0,T,42,37,6,7,10,2,0,0,1,0,2,0,3,0,0,10,0,0,8,0.352941176,17,6
20200524OBSS0,20200524,SS,OB,0,B,45,34,12,13,15,6,0,0,1,1,2,1,7,0,1,8,0,0,8,0.5,20,10
20200524OBSS0,20200524,OB,SS,0,T,36,35,0,0,11,1,0,0,0,0,0,0,0,0,1,8,3,0,9,0,7,0
20200524WOLT0,20200524,LT,WO,0,B,34,33,2,2,9,3,0,0,2,0,0,0,0,0,1,3,0,0,8,0.2,10,2
20200524WOLT0,20200524,WO,LT,0,T,34,29,0,0,4,0,0,0,1,0,0,0,5,0,0,5,2,0,7,0,3,0
20200526HTKT0,20200526,KT,HT,0,B,33,31,0,1,4,0,0,0,1,0,0,0,1,0,1,14,1,1,5,0,8,0
20200526HTKT0,20200526,HT,KT,0,T,44,35,4,4,12,1,0,0,0,0,1,1,6,0,1,5,1,2,13,0.266666667,15,4
20200526LGHH0,20200526,HH,LG,0,B,30,28,0,0,3,0,0,0,0,0,0,0,2,0,0,3,2,1,3,0,2,0
20200526LGHH0,20200526,LG,HH,0,T,38,35,3,3,9,0,1,2,0,0,0,0,3,0,0,10,2,0,8,0.333333333,3,1
20200526SKOB0,20200526,OB,SK,0,B,32,26,5,6,4,1,1,0,0,0,1,2,3,0,0,9,0,0,2,0.333333333,6,2
20200526SKOB0,20200526,SK,OB,0,T,37,32,3,4,7,0,0,0,0,0,1,0,4,1,0,7,1,2,6,0.222222222,9,2
20200526SSLT0,20200526,LT,SS,0,B,33,30,1,1,6,2,0,0,0,0,0,0,3,0,0,6,0,1,8,0.090909091,11,1
20200526SSLT0,20200526,SS,LT,0,T,33,29,0,0,4,1,0,0,3,0,0,0,4,0,0,9,1,0,6,0.125,8,1
20200526WONC0,20200526,NC,WO,0,B,35,28,7,7,8,4,0,1,1,0,2,1,3,0,1,4,1,0,4,0.428571429,7,3
20200526WONC0,20200526,WO,NC,0,T,38,32,2,2,5,0,0,0,0,0,0,0,6,0,0,8,0,0,9,0.25,8,2
20200527HTKT0,20200527,KT,HT,0,B,34,30,5,5,9,3,1,0,0,1,1,1,2,0,0,6,1,0,5,0.25,8,2
20200527HTKT0,20200527,HT,KT,0,T,35,31,0,0,5,0,0,0,0,0,0,0,3,0,1,8,1,0,8,0,4,0
20200527LGHH0,20200527,HH,LG,0,B,36,34,4,4,10,2,0,2,1,1,0,1,1,0,0,9,2,1,5,0,5,0
20200527LGHH0,20200527,LG,HH,0,T,50,46,15,15,19,4,1,5,1,0,0,0,3,0,1,6,0,1,8,0.5,12,6
20200527SKOB0,20200527,OB,SK,0,B,34,31,4,4,7,1,0,0,1,1,0,1,1,0,1,3,0,0,6,0.285714286,7,2
20200527SKOB0,20200527,SK,OB,0,T,37,31,2,2,6,1,1,0,0,0,0,1,5,0,0,6,0,2,8,0.2,5,1
20200527SSLT0,20200527,LT,SS,0,B,34,33,0,1,5,0,0,0,0,0,0,0,1,0,0,7,0,1,6,0.25,4,1
20200527SSLT0,20200527,SS,LT,0,T,51,34,11,11,11,4,0,2,0,1,0,3,11,0,3,5,0,1,13,0.272727273,11,3
20200527WONC0,20200527,NC,WO,0,B,40,35,8,10,13,0,0,3,0,0,0,0,4,0,1,5,2,0,6,0.333333333,9,3
20200527WONC0,20200527,WO,NC,0,T,40,36,2,3,11,1,0,1,0,0,0,0,4,0,0,9,2,2,10,0.2,10,2
20200528HTKT0,20200528,KT,HT,0,B,39,36,6,6,12,1,0,0,0,1,0,0,3,0,0,6,0,1,9,0.454545455,11,5
20200528HTKT0,20200528,HT,KT,0,T,38,33,5,5,9,1,0,2,1,0,1,0,4,0,0,6,2,0,6,0.285714286,7,2
20200528LGHH0,20200528,HH,LG,0,B,34,31,0,0,5,1,0,0,0,0,0,0,3,0,0,13,2,1,7,0,8,0
20200528LGHH0,20200528,LG,HH,0,T,38,37,3,3,13,3,0,0,0,2,1,0,0,0,0,4,1,1,8,0.272727273,11,3
20200528SKOB0,20200528,OB,SK,0,B,30,27,1,1,3,1,1,0,0,0,0,0,3,0,0,5,3,1,2,0.5,2,1
20200528SKOB0,20200528,SK,OB,0,T,41,38,6,6,11,3,0,1,1,1,0,0,3,1,0,4,0,0,8,0.25,12,3
20200528SSLT0,20200528,LT,SS,0,B,39,32,1,1,5,2,0,0,1,0,0,0,6,0,1,6,0,0,11,0.166666667,12,2
20200528SSLT0,20200528,SS,LT,0,T,37,34,3,3,7,4,0,0,2,0,0,0,3,0,0,9,0,0,7,0.2,10,2
20200528WONC0,20200528,NC,WO,0,B,38,37,9,9,13,1,1,4,0,0,0,0,1,0,0,6,0,0,5,0.428571429,7,3
20200528WONC0,20200528,WO,NC,0,T,43,40,5,6,15,1,0,2,0,0,0,0,2,0,1,4,2,0,10,0.181818182,11,2
20200529HHSK0,20200529,SK,HH,0,B,38,34,8,8,11,0,0,3,1,0,0,1,3,0,0,8,0,3,6,0.4,5,2
20200529HHSK0,20200529,HH,SK,0,T,41,37,6,6,13,3,0,1,1,0,0,0,3,0,1,6,1,1,8,0.333333333,12,4
20200529KTWO0,20200529,WO,KT,0,B,40,31,4,5,7,1,0,0,0,0,0,1,5,0,3,4,0,1,11,0.2,15,3
20200529KTWO0,20200529,KT,WO,0,T,36,35,1,1,8,1,0,0,0,0,0,0,1,0,0,12,1,2,8,0.111111111,9,1
20200529LGHT0,20200529,HT,LG,0,B,36,34,2,2,7,1,0,2,0,0,0,0,2,0,0,5,0,0,7,0,4,0
20200529LGHT0,20200529,LG,HT,0,T,37,33,6,6,10,1,0,2,0,2,1,0,3,1,0,5,1,0,4,0.5,4,2
20200529LTOB0,20200529,OB,LT,0,B,32,28,4,4,5,1,0,1,1,0,0,1,3,0,0,6,0,0,4,0.4,5,2
20200529LTOB0,20200529,LT,OB,0,T,38,34,2,2,10,1,0,0,1,0,0,0,3,0,1,7,3,0,9,0.125,8,1
20200529NCSS0,20200529,SS,NC,0,B,36,35,4,5,9,0,0,0,0,0,1,0,0,0,0,7,0,0,5,0.444444444,9,4
20200529NCSS0,20200529,NC,SS,0,T,35,33,4,4,8,0,0,1,0,1,0,0,2,0,0,3,0,1,4,0.75,4,3
20200530HHSK0,20200530,SK,HH,0,B,43,31,8,9,8,2,0,1,1,1,0,0,11,1,1,10,1,2,10,0.214285714,14,3
20200530HHSK0,20200530,HH,SK,0,T,36,28,3,3,2,0,0,1,0,0,1,0,7,0,0,9,2,1,6,0.166666667,6,1
20200530KTWO0,20200530,WO,KT,0,B,48,39,13,14,16,2,1,2,0,0,0,1,7,0,1,5,0,0,10,0.375,16,6
20200530KTWO0,20200530,KT,WO,0,T,33,31,3,3,7,0,0,2,0,0,1,0,1,0,0,6,2,1,3,0,3,0
20200530LGHT0,20200530,HT,LG,0,B,43,37,10,10,14,2,0,1,1,0,0,2,4,0,0,4,0,1,9,0.583333333,12,7
20200530LGHT0,20200530,LG,HT,0,T,38,32,4,6,6,2,0,1,0,0,0,0,6,0,0,10,1,1,5,0.2,5,1
20200530LTOB0,20200530,OB,LT,0,B,44,37,5,5,11,1,0,1,1,1,1,1,5,1,0,4,3,0,7,0.5,6,3
20200530LTOB0,20200530,LT,OB,0,T,46,42,4,4,11,2,0,0,0,0,0,0,4,0,0,3,2,0,9,0.25,12,3
20200530NCSS0,20200530,SS,NC,0,B,40,33,9,9,12,2,0,3,0,0,1,0,6,1,0,5,1,0,7,0.307692308,13,4
20200530NCSS0,20200530,NC,SS,0,T,34,30,1,1,4,1,0,0,0,0,0,0,2,0,2,4,1,0,6,0,3,0
20200531HHSK0,20200531,SK,HH,0,B,40,30,6,6,10,2,1,1,3,1,0,1,8,0,1,5,2,1,10,0.3,10,3
20200531HHSK0,20200531,HH,SK,0,T,36,32,3,4,5,0,0,1,1,0,0,0,4,0,0,5,0,0,5,0.333333333,3,1
20200531KTWO0,20200531,WO,KT,0,B,44,38,8,8,10,2,0,1,1,0,0,1,5,0,0,7,1,0,9,0.416666667,12,5
20200531KTWO0,20200531,KT,WO,0,T,49,40,12,12,14,1,0,4,2,0,0,0,7,0,2,9,0,3,10,0.363636364,11,4
20200531LGHT0,20200531,HT,LG,0,B,39,38,5,5,11,3,0,2,2,0,0,0,1,0,0,5,0,0,7,0.4,10,4
20200531LGHT0,20200531,LG,HT,0,T,48,44,13,13,20,5,2,0,2,1,0,1,2,0,1,7,1,0,8,0.529411765,17,9
20200531LTOB0,20200531,OB,LT,0,B,45,41,3,3,11,1,0,0,0,0,1,0,3,0,0,8,2,2,9,0.181818182,11,2
20200531LTOB0,20200531,LT,OB,0,T,53,40,6,8,8,1,0,0,1,0,1,1,10,0,1,7,1,1,12,0.454545455,11,5
20200531NCSS0,20200531,SS,NC,0,B,38,35,6,7,10,0,0,2,0,0,0,1,2,0,0,6,2,3,4,0.6,5,3
20200531NCSS0,20200531,NC,SS,0,T,53,48,16,18,21,6,0,3,0,0,0,1,3,0,1,7,0,1,8,0.454545455,22,10
20200602LTHT0,20200602,HT,LT,0,B,38,35,7,7,12,1,0,2,0,0,0,0,3,0,0,5,1,0,7,0.333333333,9,3
20200602LTHT0,20200602,LT,HT,0,T,34,32,2,2,7,1,0,2,0,0,0,0,2,0,0,8,1,0,5,0,3,0
20200602OBKT0,20200602,KT,OB,0,B,44,40,6,8,12,4,0,1,0,0,0,0,3,0,1,8,1,1,9,0.307692308,13,4
20200602OBKT0,20200602,OB,KT,0,T,45,42,11,11,18,3,0,2,0,0,0,0,3,0,0,5,3,1,7,0.5,14,7
20200602SKNC0,20200602,NC,SK,0,B,36,34,2,2,7,2,0,1,0,0,0,0,2,0,0,11,0,2,7,0.125,8,1
20200602SKNC0,20200602,SK,NC,0,T,45,37,7,8,11,4,0,0,1,0,0,0,7,0,1,5,0,1,10,0.266666667,15,4
20200602SSLG0,20200602,LG,SS,0,B,30,30,0,0,5,1,0,0,0,0,0,0,0,0,0,6,1,0,3,0,5,0
20200602SSLG0,20200602,SS,LG,0,T,33,30,2,2,6,2,0,0,0,1,0,0,2,0,1,8,1,0,4,0.333333333,3,1
20200602WOHH0,20200602,HH,WO,0,B,34,34,2,3,8,1,0,0,2,0,0,0,0,0,0,7,1,2,4,0.333333333,6,2
20200602WOHH0,20200602,WO,HH,0,T,53,40,15,15,17,2,0,2,0,1,1,2,10,0,0,7,0,1,11,0.421052632,19,8
20200603LTHT0,20200603,HT,LT,0,B,45,37,11,11,14,0,1,1,1,0,0,0,6,0,2,6,2,0,10,0.388888889,18,7
20200603LTHT0,20200603,LT,HT,0,T,33,30,2,2,3,1,0,1,0,0,0,0,2,0,1,6,0,2,4,0.5,2,1
20200603OBKT0,20200603,KT,OB,0,B,40,39,7,7,14,4,0,2,0,0,0,0,1,0,0,3,0,0,9,0.4,10,4
20200603OBKT0,20200603,OB,KT,0,T,36,32,2,2,6,2,0,0,0,0,0,0,4,0,0,4,1,1,7,0.25,8,2
20200603SKNC0,20200603,NC,SK,0,B,41,35,8,8,14,4,0,2,1,1,0,1,5,0,0,5,1,2,9,0.333333333,9,3
20200603SKNC0,20200603,SK,NC,0,T,42,38,6,6,11,4,0,2,0,0,0,0,3,0,1,5,0,0,9,0.375,8,3
20200603SSLG0,20200603,LG,SS,0,B,41,39,5,6,14,1,0,2,3,0,0,1,1,0,0,7,0,0,8,0.285714286,7,2
20200603SSLG0,20200603,SS,LG,0,T,43,37,12,12,12,4,0,2,0,1,0,0,5,0,1,6,2,0,4,0.461538462,13,6
20200603WOHH0,20200603,HH,WO,0,B,35,33,2,2,7,0,0,1,1,0,0,0,2,0,0,6,0,4,6,0.2,5,1
20200603WOHH0,20200603,WO,HH,0,T,42,37,4,6,10,1,0,0,0,0,0,1,4,0,0,5,1,0,9,0.25,12,3
20200604LTHT0,20200604,HT,LT,0,B,34,33,7,7,9,1,0,3,0,0,0,0,1,0,0,3,0,0,3,0.375,8,3
20200604LTHT0,20200604,LT,HT,0,T,39,36,3,3,10,1,0,0,1,0,0,0,3,0,0,7,2,0,9,0.166666667,12,2
20200604OBKT0,20200604,KT,OB,0,B,44,37,7,8,11,5,0,0,0,0,0,1,6,0,0,9,1,0,9,0.25,12,3
20200604OBKT0,20200604,OB,KT,0,T,47,40,14,14,14,1,0,3,0,0,0,0,7,0,0,6,0,0,6,0.461538462,13,6
20200604SKNC0,20200604,NC,SK,0,B,47,32,10,10,10,2,0,2,0,0,0,1,10,0,4,3,1,0,13,0.2,15,3
20200604SKNC0,20200604,SK,NC,0,T,35,30,0,0,5,0,0,0,1,0,1,0,4,0,0,12,1,1,8,0,5,0
20200604SSLG0,20200604,LG,SS,0,B,40,37,11,11,14,5,0,1,1,0,0,2,1,0,0,4,0,1,5,0.545454545,11,6
20200604SSLG0,20200604,SS,LG,0,T,35,32,0,0,4,1,1,0,0,0,0,0,3,0,0,12,0,1,8,0,4,0
20200604WOHH0,20200604,HH,WO,0,B,35,35,2,3,8,1,0,0,0,0,0,0,0,0,0,5,1,0,5,0.285714286,7,2
20200604WOHH0,20200604,WO,HH,0,T,40,37,6,7,11,2,0,2,2,0,0,0,3,0,0,11,1,1,6,0.25,8,2
20200605HTOB0,20200605,OB,HT,0,B,31,30,5,5,7,2,0,0,0,0,0,0,1,0,0,4,1,1,2,0.666666667,6,4
20200605HTOB0,20200605,HT,OB,0,T,38,32,1,1,5,2,0,0,1,0,1,0,5,0,0,12,0,0,10,0.090909091,11,1
20200605KTLT0,20200605,LT,KT,0,B,36,34,6,6,10,2,0,2,1,0,0,0,2,0,0,7,0,0,6,0.333333333,9,3
20200605KTLT0,20200605,KT,LT,0,T,37,33,4,4,9,0,0,3,1,0,1,0,2,0,1,8,1,0,6,0,2,0
20200605LGWO0,20200605,WO,LG,0,B,36,31,6,6,8,1,0,2,1,0,0,0,5,0,0,8,1,0,6,0.333333333,9,3
20200605LGWO0,20200605,LG,WO,0,T,34,33,3,3,6,0,0,2,0,0,0,0,1,0,0,6,0,0,4,0,1,0
20200605NCHH0,20200605,HH,NC,0,B,34,27,2,2,3,0,0,1,0,0,0,0,7,0,0,11,3,1,5,0,2,0
20200605NCHH0,20200605,NC,HH,0,T,50,43,11,13,17,4,0,4,1,0,0,0,6,0,1,8,2,0,10,0.277777778,18,5
20200605SSSK0,20200605,SK,SS,0,B,36,28,4,4,6,2,0,0,0,1,2,0,6,1,0,6,0,0,8,0.222222222,9,2
20200605SSSK0,20200605,SS,SK,0,T,34,32,1,1,7,1,0,0,0,1,0,0,1,0,1,10,1,1,6,0.2,5,1
20200606HTOB0,20200606,OB,HT,0,B,36,31,4,4,9,4,0,0,0,0,2,2,1,0,0,5,0,0,8,0.3,10,3
20200606HTOB0,20200606,HT,OB,0,T,34,31,3,3,7,1,0,0,0,0,0,2,1,0,0,3,1,1,4,0,2,0
20200606KTLT0,20200606,LT,KT,0,B,32,27,1,1,5,0,0,0,0,0,1,0,4,1,0,4,1,0,6,0.25,4,1
20200606KTLT0,20200606,KT,LT,0,T,32,32,0,0,6,0,0,0,1,0,0,0,0,0,0,8,0,0,5,0,4,0
20200606LGWO0,20200606,WO,LG,0,B,38,34,4,5,10,4,0,1,2,0,0,0,4,0,0,8,1,0,7,0.357142857,14,5
20200606LGWO0,20200606,LG,WO,0,T,38,30,4,4,6,1,0,0,0,0,1,2,5,0,0,6,0,0,7,0.25,8,2
20200606NCHH0,20200606,HH,NC,0,B,37,37,2,2,11,1,0,1,0,0,0,0,0,0,0,7,1,1,8,0.1,10,1
20200606NCHH0,20200606,NC,HH,0,T,46,42,14,14,14,3,1,4,0,0,0,0,2,0,2,9,0,0,5,0.6,10,6
20200606SSSK0,20200606,SK,SS,0,B,35,26,6,6,6,0,0,2,2,1,0,0,8,0,1,2,1,0,5,0.333333333,6,2
20200606SSSK0,20200606,SS,SK,0,T,36,32,4,4,7,0,0,1,2,0,0,0,3,0,1,8,1,0,5,0.25,4,1
20200607HTOB0,20200607,OB,HT,0,B,39,35,2,3,10,2,0,0,2,0,0,0,3,0,1,9,0,0,12,0.181818182,11,2
20200607HTOB0,20200607,HT,OB,0,T,36,32,2,2,9,3,1,0,0,1,0,0,3,0,1,1,1,2,7,0.090909091,11,1
20200607KTLT0,20200607,LT,KT,0,B,34,31,5,5,9,3,0,0,1,1,0,0,3,0,0,7,0,0,5,0.416666667,12,5
20200607KTLT0,20200607,KT,LT,0,T,36,35,2,2,8,1,0,1,0,0,0,0,1,0,0,10,0,0,7,0.428571429,7,3
20200607LGWO0,20200607,WO,LG,0,B,37,31,1,1,7,0,0,1,0,0,1,0,5,0,0,7,1,3,9,0.125,8,1
20200607LGWO0,20200607,LG,WO,0,T,46,42,7,8,14,1,0,1,1,0,0,1,2,0,1,5,0,0,11,0.2,15,3
20200607NCHH0,20200607,HH,NC,0,B,32,31,2,2,5,1,0,0,0,0,0,0,1,0,0,5,1,1,3,0.666666667,3,2
20200607NCHH0,20200607,NC,HH,0,T,46,40,8,8,13,4,0,1,0,1,0,0,6,0,0,5,0,0,11,0.4,15,6
20200607SSSK0,20200607,SK,SS,0,B,36,33,0,0,6,0,0,0,0,0,0,0,3,0,0,9,1,0,9,0,4,0
20200607SSSK0,20200607,SS,SK,0,T,35,32,3,3,9,0,0,1,2,0,1,0,2,0,0,8,2,1,5,0.25,4,1
20200609HHLT0,20200609,LT,HH,0,B,39,37,9,9,16,4,1,1,1,0,1,0,1,0,0,7,1,1,6,0.4,15,6
20200609HHLT0,20200609,HH,LT,0,T,39,35,3,3,10,1,0,1,0,0,0,0,3,0,1,6,2,0,9,0.285714286,7,2
20200609HTKT0,20200609,KT,HT,0,B,36,34,2,2,7,1,1,1,0,0,0,0,2,0,0,12,0,0,7,0.111111111,9,1
20200609HTKT0,20200609,HT,KT,0,T,33,30,3,3,5,2,0,1,0,0,1,0,2,0,0,7,1,0,3,0.25,4,1
20200609OBNC0,20200609,NC,OB,0,B,41,34,12,12,12,4,0,1,0,1,0,0,7,0,0,9,1,1,5,0.583333333,12,7
20200609OBNC0,20200609,OB,NC,0,T,41,35,8,8,11,4,0,1,0,0,0,1,4,0,1,10,2,0,6,0.333333333,9,3
20200609SKLG0,20200609,LG,SK,0,B,48,39,3,3,11,0,0,1,1,0,1,0,7,0,1,7,2,0,15,0.285714286,14,4
20200609SKLG0,20200609,SK,LG,0,T,43,38,5,5,10,4,0,1,0,1,0,1,4,1,0,5,0,1,8,0.375,8,3
20200609WOSS0,20200609,SS,WO,0,B,40,35,3,3,11,2,0,0,3,0,0,1,4,0,0,7,2,0,10,0.166666667,12,2
20200609WOSS0,20200609,WO,SS,0,T,44,36,5,5,11,3,0,1,0,0,1,0,7,0,0,7,1,0,12,0.111111111,9,1
20200610HHLT0,20200610,LT,HH,0,B,45,39,12,12,14,2,1,2,2,0,0,0,5,0,1,9,0,1,9,0.4375,16,7
20200610HHLT0,20200610,HH,LT,0,T,34,33,2,2,6,1,0,0,0,0,0,1,0,0,0,5,0,2,5,0.333333333,6,2
20200610HTKT0,20200610,KT,HT,0,B,18,18,0,0,3,0,0,0,0,0,0,0,0,0,0,3,0,1,3,0,1,0
20200610HTKT0,20200610,HT,KT,0,T,32,21,9,10,7,1,0,1,0,0,0,1,8,0,2,3,0,0,7,0.272727273,11,3
20200610OBNC0,20200610,NC,OB,0,B,34,34,1,1,7,0,1,1,0,0,0,0,0,0,0,5,0,0,6,0,2,0
20200610OBNC0,20200610,OB,NC,0,T,41,35,9,9,11,1,0,3,0,0,0,0,5,0,1,5,2,0,5,0.6,5,3
20200610WOSS0,20200610,SS,WO,0,B,34,30,4,4,8,2,0,1,1,2,0,1,3,0,0,4,0,0,6,0.142857143,7,1
20200610WOSS0,20200610,WO,SS,0,T,32,29,1,1,4,1,1,0,0,0,0,0,3,0,0,7,2,0,4,0.25,4,1
20200611HHLT0,20200611,LT,HH,0,B,38,32,5,5,10,3,0,0,0,1,0,1,4,1,1,6,0,1,9,0.222222222,9,2
20200611HHLT0,20200611,HH,LT,0,T,36,28,0,0,5,0,0,0,0,0,2,0,4,0,2,8,1,0,9,0,6,0
20200611HTKT0,20200611,KT,HT,0,B,44,39,12,13,16,2,0,3,0,0,0,0,4,0,1,5,1,0,7,0.538461538,13,7
20200611HTKT0,20200611,HT,KT,0,T,42,41,8,8,15,2,0,3,0,0,0,0,1,0,0,9,1,1,7,0.5,6,3
20200611OBNC0,20200611,NC,OB,0,B,37,37,7,7,14,4,0,1,0,1,0,0,0,0,0,5,0,0,6,0.384615385,13,5
20200611OBNC0,20200611,OB,NC,0,T,40,37,4,5,11,3,0,1,0,0,0,0,2,0,1,10,1,0,8,0.142857143,14,2
20200611SKLG1,20200611,LG,SK,1,B,37,32,3,3,10,1,0,1,0,0,0,1,2,0,2,4,1,1,10,0.166666667,6,1
20200611SKLG1,20200611,SK,LG,1,T,35,34,1,1,6,1,0,0,2,0,0,0,0,0,1,8,0,0,7,0.142857143,7,1
20200611SKLG2,20200611,LG,SK,2,B,33,26,4,4,4,2,0,1,1,0,0,1,6,0,0,5,0,0,5,0.2,5,1
20200611SKLG2,20200611,SK,LG,2,T,38,34,3,3,9,0,0,2,0,0,2,0,1,0,1,10,0,0,8,0.166666667,6,1
20200611WOSS0,20200611,SS,WO,0,B,35,32,6,6,7,0,0,3,3,0,0,0,1,0,2,5,0,1,5,0,5,0
20200611WOSS0,20200611,WO,SS,0,T,36,33,3,3,6,0,1,1,0,0,0,0,2,0,1,5,1,0,6,0,5,0
20200612HTSK0,20200612,SK,HT,0,B,35,30,3,3,5,0,1,0,0,0,0,1,4,0,0,8,1,1,5,0.333333333,3,1
20200612HTSK0,20200612,HT,SK,0,T,39,34,6,6,9,1,0,2,1,0,1,0,2,0,2,12,1,0,6,0.125,8,1
20200612LTLG0,20200612,LG,LT,0,B,34,28,3,3,4,1,0,0,1,1,2,1,3,0,0,8,0,0,3,0.666666667,3,2
20200612LTLG0,20200612,LT,LG,0,T,44,36,2,2,9,0,0,0,1,1,1,0,6,0,1,8,1,1,12,0.333333333,9,3
20200612OBHH0,20200612,HH,OB,0,B,36,32,2,2,5,1,0,0,1,0,0,0,3,0,1,9,0,1,7,0.166666667,6,1
20200612OBHH0,20200612,OB,HH,0,T,41,35,5,5,9,3,0,2,1,0,0,1,4,0,1,5,1,1,9,0.125,8,1
20200612WONC0,20200612,NC,WO,0,B,40,35,2,2,8,2,0,0,1,0,0,0,4,0,1,6,2,0,8,0.125,8,1
20200612WONC0,20200612,WO,NC,0,T,39,34,2,3,4,2,0,1,0,1,1,0,3,0,1,11,0,0,6,0,7,0
20200613HTSK0,20200613,SK,HT,0,B,32,30,1,1,5,0,0,0,1,0,0,0,2,0,0,9,3,0,4,0.2,5,1
20200613HTSK0,20200613,HT,SK,0,T,34,31,2,2,6,1,0,1,0,0,1,0,2,0,0,10,0,1,5,0.166666667,6,1
20200613KTSS1,20200613,SS,KT,1,B,33,29,4,5,7,1,0,2,0,0,1,0,2,0,1,6,0,0,4,0.333333333,6,2
20200613KTSS1,20200613,KT,SS,1,T,34,32,3,3,6,1,0,2,1,0,0,0,2,0,0,5,0,0,4,0.25,4,1
20200613KTSS2,20200613,SS,KT,2,B,39,35,4,4,8,1,0,1,1,1,0,0,4,0,0,4,0,0,8,0.166666667,6,1
20200613KTSS2,20200613,KT,SS,2,T,42,33,7,7,8,2,0,2,0,0,0,0,9,0,0,10,2,2,8,0.272727273,11,3
20200613LTLG0,20200613,LG,LT,0,B,39,36,6,6,10,1,0,1,1,0,0,1,1,0,1,11,0,2,6,0.25,8,2
20200613LTLG0,20200613,LT,LG,0,T,43,34,6,7,8,0,0,1,0,0,0,1,8,1,0,8,1,0,9,0.333333333,6,2
20200613OBHH0,20200613,HH,OB,0,B,41,35,7,7,10,1,0,2,0,0,0,0,5,1,1,8,1,1,8,0.5,8,4
20200613OBHH0,20200613,OB,HH,0,T,45,35,6,6,11,1,0,3,0,1,1,1,8,3,0,10,1,0,12,0.153846154,13,2
20200613WONC0,20200613,NC,WO,0,B,41,35,5,5,11,1,0,0,0,0,0,0,3,0,3,7,3,1,9,0.307692308,13,4
20200613WONC0,20200613,WO,NC,0,T,51,44,18,18,17,3,1,5,0,0,0,1,4,0,2,11,0,0,6,0.533333333,15,8
20200614HTSK0,20200614,SK,HT,0,B,30,28,4,4,3,1,0,2,0,0,0,0,2,0,0,13,0,0,1,0.333333333,3,1
20200614HTSK0,20200614,HT,SK,0,T,36,34,3,3,7,1,0,1,0,0,0,0,2,0,0,4,1,0,6,0.2,5,1
20200614KTSS0,20200614,SS,KT,0,B,42,38,12,12,16,5,0,2,0,0,0,1,1,0,2,4,0,0,6,0.583333333,12,7
20200614KTSS0,20200614,KT,SS,0,T,39,38,0,0,11,3,0,0,0,0,0,0,1,0,0,7,0,0,12,0,9,0
20200614LTLG0,20200614,LG,LT,0,B,38,34,10,10,14,4,0,0,0,0,0,1,3,1,0,5,2,2,4,0.666666667,9,6
20200614LTLG0,20200614,LT,LG,0,T,42,41,6,6,16,2,0,1,2,0,0,0,1,0,0,3,3,1,9,0.266666667,15,4
20200614OBHH0,20200614,HH,OB,0,B,32,28,3,3,7,2,0,1,0,0,1,0,3,0,0,7,0,1,5,0.333333333,6,2
20200614OBHH0,20200614,OB,HH,0,T,39,37,2,2,9,1,0,0,0,0,0,0,0,0,2,6,0,0,10,0.111111111,9,1
20200614WONC0,20200614,NC,WO,0,B,40,34,9,9,13,3,1,3,3,0,0,1,5,0,0,5,2,0,7,0.272727273,11,3
20200614WONC0,20200614,WO,NC,0,T,39,33,5,5,8,1,0,1,1,0,0,1,4,0,1,7,1,1,7,0.285714286,7,2
20200616KTSK0,20200616,SK,KT,0,B,44,38,5,5,12,2,0,2,0,0,2,0,3,0,1,4,1,1,9,0.428571429,7,3
20200616KTSK0,20200616,KT,SK,0,T,46,37,5,6,9,1,0,1,1,1,1,0,7,1,1,5,0,0,10,0.272727273,11,3
20200616LGHH0,20200616,HH,LG,0,B,43,38,5,5,11,2,0,0,0,0,0,0,4,0,1,9,0,1,11,0.3,10,3
20200616LGHH0,20200616,LG,HH,0,T,44,40,9,9,15,2,1,2,1,0,0,1,2,0,1,2,1,0,8,0.363636364,11,4
20200616LTWO0,20200616,WO,LT,0,B,37,32,5,5,6,2,0,2,0,0,0,1,4,1,0,8,1,3,5,0.25,4,1
20200616LTWO0,20200616,LT,WO,0,T,39,35,4,7,10,1,0,1,3,0,1,0,2,1,1,3,0,1,5,0.428571429,7,3
20200616NCHT0,20200616,HT,NC,0,B,40,30,6,7,8,0,0,0,0,0,2,0,8,0,0,9,1,0,9,0.266666667,15,4
20200616NCHT0,20200616,NC,HT,0,T,39,36,4,4,10,3,0,0,1,0,0,0,2,0,1,12,1,1,8,0.3,10,3
20200616SSOB0,20200616,OB,SS,0,B,42,30,3,3,6,1,0,0,2,0,1,1,10,1,0,5,2,0,12,0.083333333,12,1
20200616SSOB0,20200616,SS,OB,0,T,37,32,4,4,8,3,0,0,0,0,0,1,2,0,2,11,1,1,6,0.222222222,9,2
20200617KTSK0,20200617,SK,KT,0,B,41,37,4,4,10,1,0,1,0,1,1,0,3,0,0,7,0,1,7,0.333333333,6,2
20200617KTSK0,20200617,KT,SK,0,T,46,39,5,6,12,3,0,1,3,0,0,1,6,1,0,11,2,0,10,0.333333333,15,5
20200617LGHH0,20200617,HH,LG,0,B,39,32,1,1,5,2,0,0,1,0,0,0,4,0,3,11,0,1,11,0.071428571,14,1
20200617LGHH0,20200617,LG,HH,0,T,41,35,7,7,13,1,0,0,1,1,2,0,4,0,0,3,1,0,7,0.5,10,5
20200617LTWO0,20200617,WO,LT,0,B,39,31,4,4,9,3,0,0,0,0,0,0,8,1,0,6,2,0,10,0.3,10,3
20200617LTWO0,20200617,LT,WO,0,T,35,33,3,3,9,2,0,1,1,1,0,0,1,0,1,7,2,0,5,0.125,8,1
20200617NCHT0,20200617,HT,NC,0,B,35,31,7,7,10,0,0,1,1,0,2,0,2,0,0,2,1,1,4,0.5,8,4
20200617NCHT0,20200617,NC,HT,0,T,39,34,6,6,7,1,0,1,3,0,0,0,3,0,2,6,1,0,6,0.111111111,9,1
20200617SSOB0,20200617,OB,SS,0,B,35,32,3,3,8,1,0,2,0,0,0,1,1,0,1,3,2,2,5,0,2,0
20200617SSOB0,20200617,SS,OB,0,T,41,38,5,6,10,3,0,1,1,0,0,0,3,0,0,9,2,0,8,0.222222222,9,2
20200618KTSK0,20200618,SK,KT,0,B,35,29,3,3,7,0,0,2,0,0,0,0,5,0,1,4,4,0,5,0.333333333,3,1
20200618KTSK0,20200618,KT,SK,0,T,42,37,5,5,13,2,0,0,5,1,1,0,4,0,0,10,1,0,10,0.357142857,14,5
20200618LGHH0,20200618,HH,LG,0,B,41,35,6,7,9,2,0,0,1,1,0,0,4,0,2,7,0,1,7,0.2,10,2
20200618LGHH0,20200618,LG,HH,0,T,44,36,8,9,11,2,0,1,3,3,0,0,7,2,1,7,1,1,8,0.285714286,14,4
20200618LTWO0,20200618,WO,LT,0,B,35,32,2,3,5,1,0,0,1,0,1,1,1,0,0,13,0,1,4,0,3,0
20200618LTWO0,20200618,LT,WO,0,T,39,37,2,2,10,2,0,0,1,0,1,0,1,0,0,4,3,1,7,0.25,8,2
20200618SSOB0,20200618,OB,SS,0,B,40,36,7,7,12,1,0,1,2,0,0,0,4,0,0,4,1,2,9,0.428571429,14,6
20200618SSOB0,20200618,SS,OB,0,T,34,29,3,3,6,1,0,0,1,0,0,1,4,0,0,1,4,1,4,0.166666667,6,1
20200619HHNC0,20200619,NC,HH,0,B,32,30,3,3,7,2,0,1,0,0,0,0,2,0,0,8,1,0,5,0.166666667,6,1
20200619HHNC0,20200619,HH,NC,0,T,32,31,1,1,4,3,0,1,0,0,0,0,1,0,0,12,0,0,4,0,5,0
20200619LTKT0,20200619,KT,LT,0,B,47,41,9,9,15,3,0,3,0,0,1,1,4,0,0,9,1,1,9,0.4,10,4
20200619LTKT0,20200619,LT,KT,0,T,49,44,7,8,14,3,0,3,1,0,1,0,4,1,0,2,0,0,11,0.25,12,3
20200619OBLG0,20200619,LG,OB,0,B,49,42,9,10,15,2,0,0,0,0,0,1,4,0,2,10,0,2,12,0.272727273,22,6
20200619OBLG0,20200619,OB,LG,0,T,58,46,17,18,20,3,1,0,0,0,0,3,7,0,2,5,1,1,13,0.458333333,24,11
20200619SKWO0,20200619,WO,SK,0,B,33,28,2,2,5,1,0,0,1,0,1,0,4,0,0,6,0,0,6,0.333333333,3,1
20200619SKWO0,20200619,SK,WO,0,T,34,33,1,1,8,0,0,0,0,0,0,0,1,0,0,6,2,0,6,0,3,0
20200619SSHT0,20200619,HT,SS,0,B,37,33,5,5,11,3,0,2,0,0,1,0,3,0,0,12,3,0,8,0.181818182,11,2
20200619SSHT0,20200619,SS,HT,0,T,40,30,4,4,7,0,0,0,2,0,2,1,7,0,0,7,2,3,9,0.1,10,1
20200620HHNC0,20200620,NC,HH,0,B,36,34,3,3,8,0,0,1,1,0,0,1,0,0,1,10,0,0,6,0.142857143,7,1
20200620HHNC0,20200620,HH,NC,0,T,36,33,4,4,9,4,0,0,1,1,1,0,2,0,0,10,1,2,5,0.285714286,7,2
20200620LTKT0,20200620,KT,LT,0,B,34,31,0,0,5,1,0,0,1,0,0,0,3,0,0,11,1,1,7,0,7,0
20200620LTKT0,20200620,LT,KT,0,T,46,41,8,8,14,5,0,0,0,0,0,0,5,1,0,6,0,0,11,0.352941176,17,6
20200620OBLG0,20200620,LG,OB,0,B,34,33,2,2,8,1,0,0,1,0,0,0,1,0,0,6,2,0,5,0.142857143,7,1
20200620OBLG0,20200620,OB,LG,0,T,40,36,8,8,11,5,1,1,1,1,0,0,3,0,1,9,1,0,5,0.461538462,13,6
20200620SKWO0,20200620,WO,SK,0,B,40,31,9,9,10,1,1,4,0,1,0,1,6,0,2,6,1,2,7,0.333333333,6,2
20200620SKWO0,20200620,SK,WO,0,T,38,36,3,3,10,0,0,1,1,0,0,0,2,0,0,6,1,0,8,0.166666667,6,1
20200620SSHT0,20200620,HT,SS,0,B,38,31,6,6,9,2,0,2,0,1,1,0,6,0,0,5,0,0,8,0.166666667,12,2
20200620SSHT0,20200620,SS,HT,0,T,38,36,3,3,9,4,0,0,2,0,0,0,2,0,0,6,0,0,8,0.2,15,3
20200621HHNC0,20200621,NC,HH,0,B,40,35,8,9,11,2,0,1,1,0,0,1,4,0,0,8,0,2,7,0.416666667,12,5
20200621HHNC0,20200621,HH,NC,0,T,43,34,7,7,7,0,1,0,0,1,0,0,8,0,1,5,0,2,9,0.307692308,13,4
20200621LTKT0,20200621,KT,LT,0,B,29,29,3,3,6,0,0,2,1,0,0,0,0,0,0,4,1,0,2,0,1,0
20200621LTKT0,20200621,LT,KT,0,T,36,35,2,2,9,0,0,0,0,0,0,0,1,0,0,7,1,0,7,0.25,8,2
20200621OBLG0,20200621,LG,OB,0,B,35,35,1,1,9,2,0,0,0,0,0,0,0,0,0,6,1,1,7,0.111111111,9,1
20200621OBLG0,20200621,OB,LG,0,T,45,36,3,3,8,3,0,0,1,0,0,1,6,1,2,7,1,1,15,0.066666667,15,1
20200621SKWO0,20200621,WO,SK,0,B,43,35,7,7,10,0,1,0,5,0,0,0,7,0,1,10,0,2,12,0.333333333,15,5
20200621SKWO0,20200621,SK,WO,0,T,34,32,2,2,4,1,1,1,0,0,0,0,1,0,1,9,1,1,5,0,4,0
20200621SSHT0,20200621,HT,SS,0,B,36,35,4,5,10,0,0,1,0,0,0,1,0,0,0,5,1,2,4,0.6,5,3
20200621SSHT0,20200621,SS,HT,0,T,45,43,12,12,17,2,0,3,0,0,0,0,2,0,0,6,3,1,6,0.6,10,6
20200623HHSS0,20200623,SS,HH,0,B,43,36,8,11,11,1,0,1,0,0,0,0,6,0,1,6,1,0,8,0.5,12,6
20200623HHSS0,20200623,HH,SS,0,T,43,37,4,4,12,2,0,1,0,0,0,1,4,0,1,9,0,2,12,0.142857143,14,2
20200623HTLT0,20200623,LT,HT,0,B,35,30,4,4,8,2,0,0,0,1,1,0,4,0,0,8,1,0,6,0.375,8,3
20200623HTLT0,20200623,HT,LT,0,T,37,35,3,3,11,1,0,1,1,0,0,0,2,0,0,4,3,1,7,0.222222222,9,2
20200623NCKT0,20200623,KT,NC,0,B,36,33,3,3,8,2,0,2,0,0,0,0,3,1,0,6,0,0,6,0.142857143,7,1
20200623NCKT0,20200623,NC,KT,0,T,36,31,4,4,7,2,0,1,0,1,1,1,3,0,0,4,0,0,5,0.4,5,2
20200623OBSK0,20200623,SK,OB,0,B,40,40,2,2,14,0,0,0,0,0,0,0,0,0,0,12,0,2,11,0.363636364,11,4
20200623OBSK0,20200623,OB,SK,0,T,47,42,9,9,13,5,0,1,1,0,0,0,5,0,0,7,0,0,11,0.333333333,15,5
20200623WOLG0,20200623,LG,WO,0,B,40,37,3,3,11,2,0,0,1,0,0,1,2,1,0,6,0,1,10,0.166666667,12,2
20200623WOLG0,20200623,WO,LG,0,T,46,40,7,8,14,1,1,4,0,1,0,0,4,0,2,7,1,0,11,0.272727273,11,3
20200624HHSS0,20200624,SS,HH,0,B,41,36,3,3,12,1,0,0,4,2,0,1,4,0,0,15,0,1,12,0.125,16,2
20200624HHSS0,20200624,HH,SS,0,T,36,31,2,2,7,2,0,1,0,0,0,0,5,0,0,5,3,1,7,0,4,0
20200625HHSS0,20200625,SS,HH,0,B,37,34,2,2,7,3,0,0,0,0,0,0,3,0,0,9,0,0,8,0.090909091,11,1
20200625HHSS0,20200625,HH,SS,0,T,44,39,9,9,13,0,1,1,0,0,0,0,3,0,2,7,1,0,8,0.333333333,18,6
20200625NCKT1,20200625,KT,NC,1,B,38,30,1,1,6,0,0,0,0,0,0,1,6,0,1,6,1,0,10,0,8,0
20200625NCKT1,20200625,NC,KT,1,T,37,32,3,3,6,1,0,2,0,1,0,0,4,0,1,5,0,0,7,0,6,0
20200625NCKT2,20200625,KT,NC,2,B,50,43,17,19,17,2,0,1,0,0,1,1,3,0,2,6,0,2,7,0.434782609,23,10
20200625NCKT2,20200625,NC,KT,2,T,39,37,6,6,10,1,0,1,0,0,0,1,1,0,0,2,1,3,6,0.333333333,9,3
20200625OBSK1,20200625,SK,OB,1,B,42,39,6,6,14,1,1,1,0,0,0,0,3,0,0,4,1,1,9,0.333333333,12,4
20200625OBSK1,20200625,OB,SK,1,T,53,45,12,14,18,1,1,4,0,0,0,0,8,0,0,3,0,0,12,0.272727273,11,3
20200625OBSK2,20200625,SK,OB,2,B,43,33,7,7,10,1,0,1,1,0,1,1,7,0,1,6,0,0,12,0.153846154,13,2
20200625OBSK2,20200625,OB,SK,2,T,33,31,0,0,4,0,0,0,0,0,0,0,2,0,0,9,0,2,6,0,3,0
20200625WOLG1,20200625,LG,WO,1,B,36,34,2,2,9,1,0,0,0,1,0,1,0,0,1,7,0,0,7,0.25,4,1
20200625WOLG1,20200625,WO,LG,1,T,41,33,5,5,9,2,0,1,1,0,0,1,6,0,1,4,1,0,9,0.222222222,9,2
20200625WOLG2,20200625,LG,WO,2,B,40,37,4,5,10,2,1,0,0,0,2,0,1,0,0,9,0,1,8,0.25,8,2
20200625WOLG2,20200625,WO,LG,2,T,42,33,8,8,7,2,0,1,0,0,1,1,6,1,1,10,0,1,7,0.625,8,5
20200626HTWO0,20200626,WO,HT,0,B,45,41,5,6,13,2,1,2,2,0,0,0,3,0,1,7,1,0,12,0.1,10,1
20200626HTWO0,20200626,HT,WO,0,T,41,36,8,8,12,2,0,2,1,0,0,0,5,0,0,8,3,3,6,0.333333333,9,3
20200626KTHH0,20200626,HH,KT,0,B,39,36,7,7,14,1,0,0,0,0,1,0,2,0,0,3,2,0,8,0.384615385,13,5
20200626KTHH0,20200626,KT,HH,0,T,38,35,4,4,10,0,0,1,0,0,0,0,3,0,0,8,1,1,7,0.375,8,3
20200626LGSK0,20200626,SK,LG,0,B,36,30,6,7,9,0,0,1,0,0,1,0,5,0,0,4,2,0,5,0.4,10,4
20200626LGSK0,20200626,LG,SK,0,T,33,27,0,0,3,0,0,0,0,1,0,0,5,0,1,4,2,1,6,0.25,4,1
20200626NCOB0,20200626,OB,NC,0,B,37,32,2,3,7,2,0,0,0,0,0,0,5,0,0,4,2,0,7,0.25,8,2
20200626NCOB0,20200626,NC,OB,0,T,40,32,8,9,11,1,1,0,1,0,2,1,4,0,1,7,4,0,4,0.666666667,9,6
20200626SSLT0,20200626,LT,SS,0,B,41,39,4,4,9,2,0,1,2,0,0,0,2,0,0,4,0,0,7,0.25,8,2
20200626SSLT0,20200626,SS,LT,0,T,44,40,6,6,13,3,0,1,1,0,0,1,2,0,1,4,0,0,8,0.4,10,4
20200627HTWO0,20200627,WO,HT,0,B,34,29,2,2,5,2,1,0,0,0,0,0,5,0,0,5,0,0,8,0.111111111,9,1
20200627HTWO0,20200627,HT,WO,0,T,30,29,0,0,2,2,0,0,0,0,0,0,1,0,0,5,0,0,3,0,2,0
20200627KTHH0,20200627,HH,KT,0,B,36,33,2,2,7,0,0,0,1,0,0,0,3,0,0,6,1,2,7,0.4,5,2
20200627KTHH0,20200627,KT,HH,0,T,45,31,6,7,6,0,0,2,2,0,3,0,10,2,1,14,1,0,11,0.214285714,14,3
20200627LGSK0,20200627,SK,LG,0,B,32,30,0,0,3,0,0,0,0,0,0,0,2,0,0,6,0,1,5,0.2,5,1
20200627LGSK0,20200627,LG,SK,0,T,39,35,3,3,11,3,0,0,1,1,2,0,2,0,0,7,1,0,9,0.444444444,9,4
20200627NCOB0,20200627,OB,NC,0,B,40,33,11,12,13,1,0,2,0,0,0,2,5,0,0,4,1,0,4,0.6,10,6
20200627NCOB0,20200627,NC,OB,0,T,35,33,3,3,6,1,0,2,0,0,0,0,1,0,1,7,0,1,5,0.2,5,1
20200627SSLT0,20200627,LT,SS,0,B,34,29,1,1,6,0,0,0,0,1,0,1,4,0,0,9,1,0,6,0.333333333,3,1
20200627SSLT0,20200627,SS,LT,0,T,40,37,6,6,12,2,0,1,4,0,2,0,1,0,0,5,0,0,7,0.454545455,11,5
20200628HTWO0,20200628,WO,HT,0,B,34,29,1,1,6,0,0,0,0,0,2,0,3,0,0,12,0,0,9,0.2,10,2
20200628HTWO0,20200628,HT,WO,0,T,30,26,0,0,2,0,0,0,0,0,1,0,3,0,0,10,2,0,3,0,2,0
20200628KTHH0,20200628,HH,KT,0,B,36,33,4,4,8,2,0,1,0,0,1,0,2,0,0,7,1,0,5,0.333333333,6,2
20200628KTHH0,20200628,KT,HH,0,T,39,34,8,8,9,2,0,2,0,0,1,0,4,0,0,11,1,0,4,0.571428571,7,4
20200628LGSK0,20200628,SK,LG,0,B,33,32,0,0,5,1,0,0,0,0,0,0,1,0,0,9,0,1,6,0,4,0
20200628LGSK0,20200628,LG,SK,0,T,38,35,4,4,10,1,0,1,0,2,1,0,2,0,0,4,0,0,7,0.25,8,2
20200628NCOB0,20200628,OB,NC,0,B,35,33,0,0,5,0,0,0,0,0,0,0,2,0,0,7,0,0,8,0,3,0
20200628NCOB0,20200628,NC,OB,0,T,40,38,5,5,12,1,0,3,0,1,0,0,2,0,0,8,0,1,8,0.25,4,1
20200628SSLT0,20200628,LT,SS,0,B,38,34,7,7,10,4,0,1,2,0,0,1,2,0,1,5,0,0,7,0.266666667,15,4
20200628SSLT0,20200628,SS,LT,0,T,32,32,3,3,5,0,0,1,1,0,0,0,0,0,0,3,0,1,2,0.5,2,1
20200630KTLG0,20200630,LG,KT,0,B,43,38,3,4,10,2,0,1,1,0,1,1,3,0,0,4,1,0,8,0.25,8,2
20200630KTLG0,20200630,KT,LG,0,T,52,40,2,3,10,2,0,0,2,0,2,0,8,1,2,8,1,1,16,0.076923077,13,1
20200630LTNC0,20200630,NC,LT,0,B,48,40,8,8,11,2,0,3,0,0,2,1,4,2,1,8,1,1,7,0.166666667,6,1
20200630LTNC0,20200630,LT,NC,0,T,54,43,10,10,15,1,0,3,0,1,2,0,9,2,0,4,2,0,11,0.230769231,13,3
20200630OBWO0,20200630,WO,OB,0,B,42,35,10,11,14,6,0,0,1,0,1,2,4,0,0,9,0,0,7,0.428571429,14,6
20200630OBWO0,20200630,OB,WO,0,T,35,33,2,2,7,2,0,1,0,0,0,0,1,0,1,5,1,0,6,0.111111111,9,1
20200630SKSS0,20200630,SS,SK,0,B,38,32,4,4,8,2,0,1,1,0,1,0,3,0,2,10,0,1,10,0.25,12,3
20200630SKSS0,20200630,SK,SS,0,T,33,32,1,1,5,1,0,1,0,1,0,0,1,0,0,7,1,2,5,0,4,0
20200701HHHT0,20200701,HT,HH,0,B,40,35,4,4,11,1,0,0,0,1,1,0,2,1,2,8,0,1,10,0.5,8,4
20200701HHHT0,20200701,HH,HT,0,T,40,32,3,3,12,1,0,0,0,0,3,1,4,0,0,4,4,0,10,0.181818182,11,2
20200701KTLG0,20200701,LG,KT,0,B,39,33,5,5,9,1,0,0,0,0,0,1,4,0,1,5,2,1,7,0.25,8,2
20200701KTLG0,20200701,KT,LG,0,T,45,44,11,11,19,4,0,3,0,1,0,0,1,0,0,6,2,0,7,0.384615385,13,5
20200701LTNC0,20200701,NC,LT,0,B,34,29,4,6,6,1,0,2,1,0,1,0,4,0,0,3,0,0,4,0.5,4,2
20200701LTNC0,20200701,LT,NC,0,T,32,30,2,2,6,2,0,1,0,0,1,0,1,0,0,11,1,3,3,0.2,5,1
20200701OBWO0,20200701,WO,OB,0,B,43,39,5,5,11,1,0,0,0,0,0,0,4,0,0,4,0,0,11,0.25,12,3
20200701OBWO0,20200701,OB,WO,0,T,45,42,14,14,19,3,0,1,0,0,0,0,3,0,0,4,2,1,4,0.785714286,14,11
20200701SKSS0,20200701,SS,SK,0,B,38,33,5,7,10,2,0,0,1,1,0,0,4,0,1,8,1,0,7,0.214285714,14,3
20200701SKSS0,20200701,SK,SS,0,T,31,30,1,1,4,0,0,1,0,0,0,0,1,0,0,7,1,1,3,0,2,0
20200702HHHT0,20200702,HT,HH,0,B,40,37,6,7,13,3,0,0,0,0,0,0,3,0,0,4,1,0,9,0.384615385,13,5
20200702HHHT0,20200702,HH,HT,0,T,39,32,1,1,9,0,0,1,0,0,0,0,7,0,0,7,3,0,11,0,7,0
20200702KTLG0,20200702,LG,KT,0,B,34,34,2,3,7,1,0,0,0,0,0,0,0,0,0,4,2,0,1,0.666666667,3,2
20200702KTLG0,20200702,KT,LG,0,T,44,41,4,4,15,2,0,2,1,1,0,0,2,0,1,10,2,0,10,0.333333333,9,3
20200702LTNC0,20200702,NC,LT,0,B,40,38,8,9,14,1,0,1,1,0,1,0,1,0,0,7,0,0,7,0.4,10,4
20200702LTNC0,20200702,LT,NC,0,T,43,35,7,7,10,2,0,1,1,0,0,1,5,0,2,5,1,1,9,0.375,8,3
20200702OBWO0,20200702,WO,OB,0,B,45,38,10,10,16,3,1,2,0,0,0,1,6,0,0,6,1,2,11,0.363636364,11,4
20200702OBWO0,20200702,OB,WO,0,T,46,37,7,7,10,1,0,0,0,0,0,0,7,0,2,7,1,0,12,0.357142857,14,5
20200702SKSS0,20200702,SS,SK,0,B,38,32,6,6,11,1,0,1,0,2,0,0,6,0,0,9,1,0,8,0.333333333,9,3
20200702SKSS0,20200702,SK,SS,0,T,37,35,2,2,10,2,0,0,0,0,1,0,1,0,0,7,1,0,8,0.181818182,11,2
20200703HHOB0,20200703,OB,HH,0,B,35,28,2,2,7,1,0,1,0,0,1,0,6,0,0,5,1,0,9,0.090909091,11,1
20200703HHOB0,20200703,HH,OB,0,T,35,32,1,1,5,1,0,0,1,0,0,0,3,1,0,10,0,0,7,0.166666667,6,1
20200703HTNC0,20200703,NC,HT,0,B,36,34,2,2,9,0,1,0,1,0,0,0,2,0,0,6,2,0,7,0.142857143,7,1
20200703HTNC0,20200703,HT,NC,0,T,39,34,8,8,9,3,0,2,1,0,0,2,3,0,0,4,0,0,4,0.285714286,7,2
20200703LGSS0,20200703,SS,LG,0,B,34,32,9,9,11,2,2,0,2,0,0,1,1,0,0,7,0,0,4,0.428571429,14,6
20200703LGSS0,20200703,LG,SS,0,T,37,33,7,7,10,1,0,4,0,1,0,0,4,0,0,8,0,1,6,0.142857143,7,1
20200703SKLT0,20200703,LT,SK,0,B,43,32,4,4,9,3,0,0,1,0,1,1,9,0,0,2,0,0,14,0.153846154,13,2
20200703SKLT0,20200703,SK,LT,0,T,42,40,7,7,12,1,0,2,0,0,0,0,2,0,0,7,1,0,8,0.333333333,9,3
20200703WOKT0,20200703,KT,WO,0,B,38,35,2,3,11,1,0,0,1,0,1,0,2,0,0,8,1,2,9,0.285714286,14,4
20200703WOKT0,20200703,WO,KT,0,T,38,33,1,2,6,1,0,1,1,0,0,0,5,0,0,8,1,2,9,0.090909091,11,1
20200704HHOB0,20200704,OB,HH,0,B,43,38,2,2,10,1,0,0,1,0,0,0,4,0,1,7,0,0,14,0.166666667,12,2
20200704HHOB0,20200704,HH,OB,0,T,39,36,6,6,10,5,0,0,1,0,0,0,3,0,0,5,1,1,6,0.2,15,3
20200704HTNC0,20200704,NC,HT,0,B,38,35,9,9,14,6,0,3,0,0,2,1,0,0,0,2,0,0,5,0.363636364,11,4
20200704HTNC0,20200704,HT,NC,0,T,37,32,2,2,8,0,0,0,0,0,0,0,3,0,2,6,2,0,8,0.222222222,9,2
20200704LGSS0,20200704,SS,LG,0,B,52,46,7,7,13,2,0,2,0,0,1,0,5,0,0,10,1,0,10,0.181818182,11,2
20200704LGSS0,20200704,LG,SS,0,T,50,42,5,6,8,3,0,1,0,0,1,1,5,0,1,10,0,0,8,0.333333333,9,3
20200704SKLT0,20200704,LT,SK,0,B,44,37,8,10,14,2,0,1,2,0,0,0,5,0,2,3,2,1,10,0.466666667,15,7
20200704SKLT0,20200704,SK,LT,0,T,38,36,4,4,10,0,0,2,0,0,0,0,1,0,1,7,1,1,7,0.166666667,6,1
20200704WOKT0,20200704,KT,WO,0,B,45,38,6,6,12,2,0,2,4,1,0,0,7,0,0,9,0,1,12,0.235294118,17,4
20200704WOKT0,20200704,WO,KT,0,T,40,33,10,10,12,4,0,1,1,0,0,2,4,0,1,3,3,0,3,0.5,12,6
20200705HHOB0,20200705,OB,HH,0,B,40,37,7,7,14,2,0,1,3,0,0,0,3,1,0,6,1,0,9,0.461538462,13,6
20200705HHOB0,20200705,HH,OB,0,T,36,35,4,4,10,2,0,0,1,0,0,0,1,0,0,8,1,0,5,0.428571429,7,3
20200705HTNC0,20200705,NC,HT,0,B,39,35,7,7,8,2,1,2,1,0,0,0,4,0,0,6,0,0,6,0.285714286,7,2
20200705HTNC0,20200705,HT,NC,0,T,37,33,6,6,8,1,0,1,0,0,0,0,3,0,1,5,2,1,4,0.5,8,4
20200705LGSS0,20200705,SS,LG,0,B,38,37,3,3,11,5,0,1,1,0,0,0,1,0,0,7,1,1,8,0.25,8,2
20200705LGSS0,20200705,LG,SS,0,T,45,35,7,7,7,0,0,1,1,0,0,0,7,0,3,4,0,0,11,0.25,12,3
20200705SKLT0,20200705,LT,SK,0,B,36,32,3,3,7,2,0,0,0,0,0,1,3,0,0,10,2,0,6,0.166666667,6,1
20200705SKLT0,20200705,SK,LT,0,T,38,34,5,6,10,2,0,2,1,1,1,0,3,1,0,9,0,1,5,0.25,8,2
20200705WOKT0,20200705,KT,WO,0,B,38,35,10,10,14,1,0,2,0,0,0,1,2,0,0,6,1,1,4,0.571428571,7,4
20200705WOKT0,20200705,WO,KT,0,T,43,38,5,5,13,0,0,1,1,0,0,0,5,0,0,8,3,0,11,0.3,10,3
20200707KTHT0,20200707,HT,KT,0,B,37,32,2,2,5,2,0,1,0,0,0,0,4,0,1,9,0,1,8,0,8,0
20200707KTHT0,20200707,KT,HT,0,T,42,34,5,8,9,0,0,1,0,0,0,1,7,0,0,8,1,0,7,0.25,8,2
20200707LGOB0,20200707,OB,LG,0,B,40,35,9,9,14,2,0,1,0,0,0,2,2,0,1,1,1,0,7,0.230769231,13,3
20200707LGOB0,20200707,LG,OB,0,T,40,37,5,6,12,1,1,2,1,0,0,0,3,0,0,6,0,0,7,0.1,10,1
20200707LTHH0,20200707,HH,LT,0,B,51,43,7,7,10,3,0,2,1,0,1,1,6,0,0,7,0,0,10,0.214285714,14,3
20200707LTHH0,20200707,LT,HH,0,T,57,48,6,6,14,3,0,2,1,0,1,0,8,0,0,9,1,1,15,0.2,20,4
20200707NCSK0,20200707,SK,NC,0,B,40,36,3,4,12,1,0,0,0,2,0,0,4,0,0,8,2,0,9,0.3,10,3
20200707NCSK0,20200707,NC,SK,0,T,36,33,5,5,8,4,0,0,1,0,0,1,2,0,0,9,1,1,4,0.285714286,7,2
20200707SSWO0,20200707,WO,SS,0,B,33,29,1,2,6,0,0,0,0,0,0,1,3,0,0,5,3,1,4,0,1,0
20200707SSWO0,20200707,SS,WO,0,T,48,43,11,13,20,2,0,0,0,1,0,2,3,0,0,5,1,0,8,0.5,18,9
20200708KTHT0,20200708,HT,KT,0,B,37,35,4,4,9,1,0,1,0,0,0,1,0,0,1,9,0,0,6,0.333333333,6,2
20200708KTHT0,20200708,KT,HT,0,T,38,34,6,7,9,2,1,1,2,0,0,0,4,0,0,7,2,0,4,0.571428571,7,4
20200708LGOB0,20200708,OB,LG,0,B,43,41,5,5,15,1,0,0,1,0,0,0,2,0,0,9,1,0,11,0.428571429,14,6
20200708LGOB0,20200708,LG,OB,0,T,42,35,8,8,11,3,0,2,0,0,0,1,5,0,1,4,2,0,7,0.333333333,6,2
20200708LTHH0,20200708,HH,LT,0,B,35,32,2,2,6,2,0,0,0,0,0,0,2,0,1,10,1,0,6,0.2,5,1
20200708LTHH0,20200708,LT,HH,0,T,43,41,5,6,15,1,0,2,3,0,0,0,1,0,1,4,1,0,10,0.272727273,11,3
20200708NCSK0,20200708,SK,NC,0,B,34,30,3,3,7,0,0,2,0,0,1,0,2,0,1,5,1,2,7,0,5,0
20200708NCSK0,20200708,NC,SK,0,T,35,34,1,2,7,0,0,0,0,0,0,0,1,0,0,6,1,1,6,0.285714286,7,2
20200708SSWO0,20200708,WO,SS,0,B,39,32,7,7,10,0,0,2,1,1,0,0,6,0,1,4,0,0,8,0.428571429,7,3
20200708SSWO0,20200708,SS,WO,0,T,39,34,6,6,9,2,0,2,0,1,0,0,5,0,0,4,1,0,6,0.5,6,3
20200709KTHT0,20200709,HT,KT,0,B,42,32,10,10,10,3,0,2,0,0,2,0,8,2,0,6,0,1,8,0.363636364,11,4
20200709KTHT0,20200709,KT,HT,0,T,44,37,3,4,10,1,0,0,0,0,0,0,7,0,0,9,1,0,13,0.266666667,15,4
20200709LGOB0,20200709,OB,LG,0,B,38,33,6,6,12,1,0,2,0,1,0,2,2,0,1,3,1,0,8,0.142857143,7,1
20200709LGOB0,20200709,LG,OB,0,T,29,29,0,0,2,0,0,0,1,0,0,0,0,0,0,12,0,1,2,0,1,0
20200709LTHH0,20200709,HH,LT,0,B,38,35,3,3,8,2,0,0,0,0,0,0,3,0,0,5,1,0,8,0.25,8,2
20200709LTHH0,20200709,LT,HH,0,T,34,29,5,5,5,0,0,2,1,0,1,1,2,0,1,7,1,1,2,0.333333333,3,1
20200709NCSK0,20200709,SK,NC,0,B,33,29,2,2,4,0,0,1,1,1,0,0,4,0,0,7,1,2,4,0,2,0
20200709NCSK0,20200709,NC,SK,0,T,46,40,8,8,13,1,0,2,3,0,0,0,5,1,1,7,1,0,11,0.285714286,14,4
20200709SSWO0,20200709,WO,SS,0,B,38,29,3,4,7,1,2,0,2,0,1,1,7,1,0,2,0,1,10,0.25,12,3
20200709SSWO0,20200709,SS,WO,0,T,35,34,2,2,10,1,0,0,0,1,0,0,1,0,0,6,2,1,6,0.333333333,6,2
20200710NCLG0,20200710,LG,NC,0,B,35,30,2,2,5,1,0,0,0,0,1,0,3,0,1,5,0,0,6,0.333333333,6,2
20200710NCLG0,20200710,NC,LG,0,T,44,39,12,12,15,4,0,1,1,1,1,1,3,0,0,4,0,0,5,0.5,16,8
20200710OBLT0,20200710,LT,OB,0,B,35,32,5,5,7,1,0,2,1,0,0,1,2,0,0,6,1,1,3,0.25,4,1
20200710OBLT0,20200710,OB,LT,0,T,44,39,9,10,12,1,1,2,0,0,0,0,5,0,0,7,1,0,7,0.4,10,4
20200710SKHH0,20200710,HH,SK,0,B,38,29,6,6,5,1,0,1,1,0,0,1,8,0,0,4,0,1,8,0.125,8,1
20200710SKHH0,20200710,SK,HH,0,T,42,37,5,5,11,2,0,0,0,0,0,0,4,0,1,6,1,1,10,0.25,12,3
20200710SSKT0,20200710,KT,SS,0,B,38,34,8,8,13,3,0,2,0,2,0,0,4,0,0,8,1,0,6,0.333333333,12,4
20200710SSKT0,20200710,SS,KT,0,T,40,35,3,3,9,1,1,0,0,0,0,0,4,0,1,7,1,1,10,0.125,8,1
20200710WOHT0,20200710,HT,WO,0,B,51,45,9,9,15,1,0,3,0,0,0,0,4,0,2,4,0,1,11,0.4,10,4
20200710WOHT0,20200710,WO,HT,0,T,49,43,8,8,14,3,1,2,0,1,1,1,4,0,0,12,0,0,8,0.454545455,11,5
20200711NCLG0,20200711,LG,NC,0,B,53,46,6,6,13,3,0,2,0,1,2,0,4,0,1,14,0,1,11,0.3125,16,5
20200711NCLG0,20200711,NC,LG,0,T,50,45,6,6,9,1,0,2,1,1,0,0,4,0,1,9,0,0,8,0.375,8,3
20200711OBLT0,20200711,LT,OB,0,B,35,33,5,5,9,1,0,0,0,1,0,0,2,1,0,3,1,2,6,0.375,8,3
20200711OBLT0,20200711,OB,LT,0,T,39,36,3,4,8,1,0,1,0,0,0,0,3,0,0,7,1,2,8,0.181818182,11,2
20200711SKHH0,20200711,HH,SK,0,B,39,30,2,3,6,1,0,1,3,2,0,0,8,0,1,8,1,2,9,0.142857143,7,1
20200711SKHH0,20200711,SK,HH,0,T,41,31,3,5,8,1,0,3,0,3,3,0,6,1,1,6,0,0,9,0,8,0
20200711SSKT0,20200711,KT,SS,0,B,40,35,9,10,13,2,0,1,0,0,0,0,5,0,0,5,1,4,6,0.5,12,6
20200711SSKT0,20200711,SS,KT,0,T,39,36,5,7,10,2,0,1,2,0,0,0,2,0,1,4,2,0,5,0.444444444,9,4
20200711WOHT0,20200711,HT,WO,0,B,41,35,8,8,11,1,0,3,2,0,0,0,6,0,0,6,0,1,9,0.375,8,3
20200711WOHT0,20200711,WO,HT,0,T,38,37,3,3,11,1,0,1,1,0,0,0,1,0,0,9,1,2,8,0.222222222,9,2
20200713SKHH0,20200713,HH,SK,0,B,34,31,4,4,9,2,0,1,0,1,0,0,3,0,0,4,1,1,6,0.333333333,9,3
20200713SKHH0,20200713,SK,HH,0,T,36,31,1,2,3,1,0,0,0,0,0,0,5,1,0,9,0,0,7,0.166666667,6,1
20200713WOHT0,20200713,HT,WO,0,B,43,39,13,13,16,5,1,3,0,0,0,0,4,0,0,4,2,0,6,0.5,14,7
20200713WOHT0,20200713,WO,HT,0,T,31,31,3,3,4,0,0,2,0,0,0,0,0,0,0,12,0,1,1,0,0,0
20200714HHKT0,20200714,KT,HH,0,B,37,33,7,7,10,2,0,2,0,0,0,1,2,0,1,8,0,0,6,0.25,8,2
20200714HHKT0,20200714,HH,KT,0,T,33,31,2,2,8,2,0,1,0,0,0,0,2,0,0,6,3,2,4,0.25,4,1
20200714HTSS0,20200714,SS,HT,0,B,35,27,5,5,9,1,0,2,0,0,1,1,5,0,1,4,3,0,6,0.2,5,1
20200714HTSS0,20200714,HT,SS,0,T,33,32,0,0,8,1,0,0,0,0,0,0,1,0,0,5,2,0,6,0,4,0
20200714LGLT0,20200714,LT,LG,0,B,38,31,4,5,10,2,0,0,0,1,1,1,5,0,0,6,1,0,9,0.111111111,9,1
20200714LGLT0,20200714,LG,LT,0,T,29,28,0,0,2,1,0,0,0,0,0,0,1,0,0,5,1,1,2,0,2,0
20200714NCWO0,20200714,WO,NC,0,B,36,31,4,5,10,2,0,2,0,0,0,0,4,0,1,4,3,1,7,0.222222222,9,2
20200714NCWO0,20200714,NC,WO,0,T,32,30,1,1,3,0,0,1,0,0,0,0,1,0,0,8,0,0,4,0,0,0
20200714SKOB0,20200714,OB,SK,0,B,39,38,7,7,12,0,2,1,2,0,0,0,0,0,1,6,0,1,5,0.5,10,5
20200714SKOB0,20200714,SK,OB,0,T,46,40,12,12,14,0,0,1,1,0,0,1,3,0,2,5,0,0,7,0.470588235,17,8
20200715HHKT0,20200715,KT,HH,0,B,41,36,3,3,10,1,0,0,0,0,0,1,4,0,0,15,0,2,11,0.3,10,3
20200715HHKT0,20200715,HH,KT,0,T,43,38,6,7,11,1,0,0,0,0,0,0,5,0,0,7,0,0,9,0.307692308,13,4
20200715HTSS0,20200715,SS,HT,0,B,34,30,2,2,6,0,0,1,0,0,0,1,3,0,0,13,2,0,5,0,2,0
20200715HTSS0,20200715,HT,SS,0,T,40,35,4,5,10,0,0,1,0,0,2,0,2,0,1,6,0,0,8,0.272727273,11,3
20200715LGLT0,20200715,LT,LG,0,B,39,37,3,3,12,0,0,3,1,1,0,0,2,0,0,7,0,0,9,0,3,0
20200715LGLT0,20200715,LG,LT,0,T,44,40,9,9,14,3,1,1,0,0,1,0,3,0,0,8,0,0,8,0.411764706,17,7
20200715NCWO0,20200715,WO,NC,0,B,39,32,7,7,10,2,0,1,2,0,0,0,6,0,1,7,1,0,8,0.272727273,11,3
20200715NCWO0,20200715,NC,WO,0,T,37,34,4,4,11,1,1,1,0,0,0,0,2,0,1,3,3,0,6,0.333333333,6,2
20200715SKOB0,20200715,OB,SK,0,B,40,36,7,7,14,4,0,1,2,0,0,1,3,0,0,2,1,0,9,0.266666667,15,4
20200715SKOB0,20200715,SK,OB,0,T,37,35,2,2,10,0,0,0,1,0,0,1,1,0,0,10,0,1,8,0.333333333,6,2
20200716HHKT0,20200716,KT,HH,0,B,34,29,4,4,7,2,0,1,3,0,1,0,4,1,0,5,0,0,6,0.181818182,11,2
20200716HHKT0,20200716,HH,KT,0,T,32,32,1,1,6,0,0,0,0,1,0,0,0,0,0,8,0,0,4,0,2,0
20200716HTSS0,20200716,SS,HT,0,B,44,38,8,8,14,1,0,2,2,2,1,0,5,0,0,5,0,0,10,0.357142857,14,5
20200716HTSS0,20200716,HT,SS,0,T,40,32,7,7,8,2,0,1,0,0,1,0,5,0,2,8,1,1,6,0.3,10,3
20200716LGLT0,20200716,LT,LG,0,B,42,40,15,15,15,3,0,2,0,0,0,0,1,0,1,7,1,0,3,0.571428571,14,8
20200716LGLT0,20200716,LG,LT,0,T,45,38,10,10,16,1,0,1,1,0,0,1,5,1,1,4,3,2,8,0.75,8,6
20200716NCWO0,20200716,WO,NC,0,B,36,35,1,1,7,1,0,0,0,0,0,0,1,0,0,9,0,0,8,0.2,5,1
20200716NCWO0,20200716,NC,WO,0,T,46,40,9,9,14,2,1,1,0,0,0,0,4,0,2,10,1,0,10,0.333333333,15,5
20200716SKOB0,20200716,OB,SK,0,B,35,32,4,4,10,3,0,0,3,1,0,1,2,0,0,6,0,2,7,0.25,12,3
20200716SKOB0,20200716,SK,OB,0,T,37,34,2,2,7,0,0,1,5,0,0,0,3,0,0,6,2,1,8,0,8,0
20200717HHLG0,20200717,LG,HH,0,B,40,32,8,8,10,2,0,3,0,1,0,0,6,0,2,10,0,0,8,0.333333333,9,3
20200717HHLG0,20200717,HH,LG,0,T,32,29,0,0,3,1,0,0,0,0,0,0,3,0,0,9,1,1,5,0,6,0
20200717KTNC0,20200717,NC,KT,0,B,47,41,3,3,8,1,0,0,2,0,0,1,5,0,0,10,2,0,8,0.25,8,2
20200717KTNC0,20200717,KT,NC,0,T,47,44,3,3,9,2,0,0,1,1,0,0,3,0,0,9,0,0,8,0.272727273,11,3
20200717LTSS0,20200717,SS,LT,0,B,47,39,15,15,17,4,0,2,3,0,1,1,6,0,0,5,0,0,8,0.45,20,9
20200717LTSS0,20200717,LT,SS,0,T,42,38,10,10,13,3,0,1,1,0,1,0,3,0,0,5,1,0,5,0.416666667,12,5
20200717OBHT0,20200717,HT,OB,0,B,36,30,3,4,9,3,0,1,0,0,2,0,4,1,0,5,0,0,8,0.142857143,7,1
20200717OBHT0,20200717,OB,HT,0,T,33,31,2,2,7,0,0,0,1,0,0,0,2,0,0,2,2,1,4,0.25,4,1
20200717WOSK0,20200717,SK,WO,0,B,43,35,11,12,13,2,0,2,0,1,0,1,7,0,0,7,0,0,7,0.461538462,13,6
20200717WOSK0,20200717,WO,SK,0,T,47,38,8,9,13,2,0,2,4,0,0,0,8,0,1,10,0,1,11,0.266666667,15,4
20200718HHLG0,20200718,LG,HH,0,B,32,27,2,3,5,0,0,1,1,0,1,0,4,0,0,8,0,1,5,0.142857143,7,1
20200718HHLG0,20200718,HH,LG,0,T,37,32,1,1,8,1,0,0,0,1,0,0,5,0,0,2,3,1,9,0.111111111,9,1
20200718KTNC0,20200718,NC,KT,0,B,40,33,6,6,11,2,0,1,2,0,0,0,7,0,0,3,2,2,10,0.333333333,12,4
20200718KTNC0,20200718,KT,NC,0,T,31,29,1,1,3,0,0,1,0,2,0,0,2,0,0,10,1,0,3,0,1,0
20200718LTSS0,20200718,SS,LT,0,B,40,33,5,5,11,0,0,2,2,1,1,1,4,0,1,5,0,1,11,0.272727273,11,3
20200718LTSS0,20200718,LT,SS,0,T,37,32,2,2,7,1,0,0,1,0,0,0,5,0,0,4,2,2,8,0.222222222,9,2
20200718OBHT0,20200718,HT,OB,0,B,38,33,0,0,9,1,0,0,0,1,0,0,5,0,0,7,2,1,11,0,9,0
20200718OBHT0,20200718,OB,HT,0,T,44,32,6,6,12,2,0,0,0,1,2,2,6,0,2,1,2,0,11,0.428571429,14,6
20200718WOSK0,20200718,SK,WO,0,B,34,32,1,1,5,0,0,1,0,0,0,0,2,0,0,8,0,0,6,0,2,0
20200718WOSK0,20200718,WO,SK,0,T,36,32,4,4,7,1,0,2,3,1,0,0,4,0,0,6,0,0,5,0.166666667,6,1
20200719HHLG0,20200719,LG,HH,0,B,34,32,5,6,7,1,1,1,0,0,0,0,1,0,1,4,0,1,4,0.75,4,3
20200719HHLG0,20200719,HH,LG,0,T,37,34,2,2,8,2,0,0,0,1,0,1,1,1,1,14,0,1,8,0.125,8,1
20200719KTNC0,20200719,NC,KT,0,B,40,36,8,8,12,1,1,1,0,0,0,0,4,0,0,8,1,0,8,0.625,8,5
20200719KTNC0,20200719,KT,NC,0,T,33,32,2,2,5,0,0,1,0,0,0,0,1,0,0,9,0,0,4,0,3,0
20200719LTSS0,20200719,SS,LT,0,B,34,31,1,1,7,0,0,1,2,1,0,0,3,0,0,9,1,0,6,0,5,0
20200719LTSS0,20200719,LT,SS,0,T,31,29,2,2,6,1,0,1,0,0,1,0,1,0,0,7,3,0,2,0,2,0
20200719OBHT0,20200719,HT,OB,0,B,38,32,4,4,8,0,1,0,0,0,0,0,6,0,0,5,1,0,7,0.571428571,7,4
20200719OBHT0,20200719,OB,HT,0,T,41,37,8,8,11,3,0,1,2,1,0,0,2,1,2,4,0,0,6,0.363636364,11,4
20200719WOSK0,20200719,SK,WO,0,B,37,30,3,4,6,0,0,0,0,0,0,0,7,0,0,10,0,0,9,0.25,8,2
20200719WOSK0,20200719,WO,SK,0,T,37,33,3,3,7,0,0,1,1,0,0,0,3,0,1,4,1,0,7,0.333333333,3,1
